2.30859375 2.94062499999999982236432 0.840178571428571330237389 
2.30859375 4.375 1.25 
4.078125 4.35624999999999928945726 1.24464285714285693984493 
4.078125 4.375 1.25 

0 2.1875 0.625 
0.5390625 2.1875 0.625 
0.5390625 3.04999999999999982236432 0.871428571428571330237389 

0 0 0 
0.5390625 0.862499999999999933386619 0.246428571428571413504116 
0 2.1875 0.625 
0.5390625 2.1875 0.625 

0.5390625 0.862499999999999933386619 0.246428571428571413504116 
0.5390625 2.1875 0.625 
1.3671875 2.1875 0.625 

0.5390625 2.1875 0.625 
0.5390625 3.04999999999999982236432 0.871428571428571330237389 
1.3671875 4.375 1.25 
2.30859375 3.60312499999999991118216 1.02946428571428549858524 
2.30859375 4.375 1.25 

0.5390625 2.1875 0.625 
1.3671875 2.1875 0.625 
1.90625 4.375 1.25 
2.30859375 2.94062499999999982236432 0.840178571428571330237389 
2.30859375 4.375 1.25 

2.30859375 4.375 1.25 
4.078125 4.375 1.25 
4.078125 5.79062499999999946709295 1.65446428571428549858524 

2.30859375 4.375 1.25 
2.30859375 5.12812499999999982236432 1.46517857142857121921509 
4.078125 5.31874999999999964472863 1.5196428571428570730717 
4.078125 6.54374999999999928945726 1.86964285714285693984493 

1.3671875 4.375 1.25 
2.30859375 4.375 1.25 
2.30859375 5.12812499999999982236432 1.46517857142857121921509 

9.38671875 7.97812499999999946709295 2.27946428571428549858524 
9.38671875 8.75 2.5 
11.15625 8.68593749999999964472863 2.48169642857142846992247 
11.15625 8.75 2.5 

9.38671875 7.27031249999999928945726 2.07723214285714252724802 
9.38671875 8.44999999999999928945726 2.41428571428571414614339 
11.15625 7.97812499999999946709295 2.27946428571428549858524 
9.94921875 8.75 2.5 
11.15625 8.75 2.5 

9.38671875 7.50624999999999964472863 2.14464285714285685102709 
9.38671875 7.03593749999999928945726 2.01026785714285693984493 
11.15625 8.44999999999999928945726 2.41428571428571414614339 
11.15625 7.74374999999999946709295 2.21249999999999991118216 

4.078125 4.35624999999999928945726 1.24464285714285693984493 
4.078125 4.375 1.25 
4.1015625 4.375 1.25 

5.84765625 6.5625 1.875 
7.6171875 6.5625 1.875 
7.6171875 7.50624999999999964472863 2.14464285714285685102709 

5.84765625 6.5625 1.875 
5.84765625 7.49374999999999946709295 2.14107142857142829228678 
7.6171875 7.27031249999999928945726 2.07723214285714252724802 
7.6171875 8.4375 2.41071428571428558740308 

5.84765625 5.31874999999999964472863 1.5196428571428570730717 
5.84765625 6.5625 1.875 
7.6171875 6.26249999999999928945726 1.78928571428571414614339 
7.6171875 6.5625 1.875 

5.84765625 5.79062499999999946709295 1.65446428571428549858524 
5.84765625 5.30624999999999946709295 1.51607142857142851433139 
7.6171875 6.25 1.78571428571428558740308 
6.8125 6.5625 1.875 
7.6171875 6.5625 1.875 

4.078125 5.31874999999999964472863 1.5196428571428570730717 
4.078125 6.54374999999999928945726 1.86964285714285693984493 
4.1015625 6.5625 1.875 
5.84765625 6.26249999999999928945726 1.78928571428571414614339 
5.84765625 6.5625 1.875 

4.078125 4.375 1.25 
4.1015625 4.375 1.25 
5.84765625 5.79062499999999946709295 1.65446428571428549858524 
5.84765625 5.30624999999999946709295 1.51607142857142851433139 

4.078125 4.375 1.25 
4.078125 5.79062499999999946709295 1.65446428571428549858524 
5.04296875 6.5625 1.875 
5.84765625 5.31874999999999964472863 1.5196428571428570730717 
5.84765625 6.5625 1.875 

4.1015625 6.5625 1.875 
5.84765625 6.5625 1.875 
5.84765625 7.49374999999999946709295 2.14107142857142829228678 

7.6171875 6.25 1.78571428571428558740308 
7.6171875 6.5625 1.875 
8.203125 6.5625 1.875 

7.6171875 7.27031249999999928945726 2.07723214285714252724802 
7.6171875 8.4375 2.41071428571428558740308 
8.203125 8.75 2.5 
9.38671875 7.97812499999999946709295 2.27946428571428549858524 
9.38671875 8.75 2.5 

7.6171875 6.5625 1.875 
8.203125 6.5625 1.875 
9.38671875 7.50624999999999964472863 2.14464285714285685102709 
9.38671875 7.03593749999999928945726 2.01026785714285693984493 

7.6171875 6.5625 1.875 
7.6171875 7.50624999999999964472863 2.14464285714285685102709 
9.38671875 7.27031249999999928945726 2.07723214285714252724802 
9.38671875 8.44999999999999928945726 2.41428571428571414614339 

9.38671875 8.75 2.5 
11.15625 8.75 2.5 
11.15625 9.45781249999999928945726 2.70223214285714252724802 

9.38671875 8.75 2.5 
9.38671875 9.22343749999999928945726 2.63526785714285693984493 
11.15625 9.31624999999999836575171 2.6617857142857141994341 
10.390625 9.625 2.75 
11.15625 9.625 2.75 

8.203125 8.75 2.5 
9.38671875 8.75 2.5 
9.38671875 9.22343749999999928945726 2.63526785714285693984493 

12.92578125 8.45156249999999964472863 2.41473214285714243843017 
12.92578125 8.75 2.5 
13.671875 8.75 2.5 

11.15625 7.97812499999999946709295 2.27946428571428549858524 
11.15625 8.75 2.5 
12.92578125 8.68593749999999964472863 2.48169642857142846992247 
12.92578125 8.75 2.5 

11.15625 8.44999999999999928945726 2.41428571428571414614339 
11.15625 7.74374999999999946709295 2.21249999999999991118216 
11.71875 8.75 2.5 
12.92578125 8.45156249999999964472863 2.41473214285714243843017 
12.92578125 8.75 2.5 

12.92578125 9.31624999999999836575171 2.6617857142857141994341 
12.92578125 9.625 2.75 
13.890625 9.625 2.75 

12.92578125 8.75 2.5 
13.671875 8.75 2.5 
14.6953125 9.45781249999999928945726 2.70223214285714252724802 
14.6953125 9.07749999999999879207735 2.59357142857142841663176 

12.92578125 8.75 2.5 
12.92578125 9.45781249999999928945726 2.70223214285714252724802 
13.34375 9.625 2.75 
14.6953125 9.31624999999999836575171 2.6617857142857141994341 
14.6953125 9.625 2.75 

11.15625 9.31624999999999836575171 2.6617857142857141994341 
11.15625 9.625 2.75 
12.12109375 9.625 2.75 

11.15625 8.75 2.5 
12.92578125 8.75 2.5 
12.92578125 9.45781249999999928945726 2.70223214285714252724802 

11.15625 8.75 2.5 
11.15625 9.45781249999999928945726 2.70223214285714252724802 
11.57421875 9.625 2.75 
12.92578125 9.31624999999999836575171 2.6617857142857141994341 
12.92578125 9.625 2.75 

10.390625 9.625 2.75 
11.15625 9.625 2.75 
11.15625 9.93124999999999857891453 2.83749999999999991118216 

13.671875 10.9375 3.125 
14.6953125 10.9375 3.125 
14.6953125 11.2649999999999987920773 3.21857142857142841663176 

13.34375 9.625 2.75 
14.6953125 9.625 2.75 
14.6953125 10.1656249999999985789145 2.90446428571428549858524 

12.92578125 10.1912499999999983657517 2.9117857142857141994341 
12.92578125 10.6390624999999996447286 3.03973214285714243843017 
14.6953125 10.7574999999999985078603 3.07357142857142839886819 
13.671875 10.9375 3.125 
14.6953125 10.9375 3.125 

12.92578125 10.3328124999999992894573 2.95223214285714252724802 
12.92578125 9.88249999999999850786025 2.82357142857142839886819 
14.6953125 10.4487499999999986499688 2.98535714285714259830229 
14.4375 10.9375 3.125 
14.6953125 10.9375 3.125 

12.92578125 9.625 2.75 
13.890625 9.625 2.75 
14.6953125 10.3328124999999992894573 2.95223214285714252724802 
14.6953125 9.88249999999999850786025 2.82357142857142839886819 

12.92578125 9.625 2.75 
12.92578125 10.1656249999999985789145 2.90446428571428549858524 
14.6953125 10.1912499999999983657517 2.9117857142857141994341 
14.6953125 10.8734374999999996447286 3.10669642857142846992247 

11.57421875 9.625 2.75 
12.92578125 9.625 2.75 
12.92578125 10.1656249999999985789145 2.90446428571428549858524 

11.15625 9.625 2.75 
12.12109375 9.625 2.75 
12.92578125 10.3328124999999992894573 2.95223214285714252724802 
12.92578125 9.88249999999999850786025 2.82357142857142839886819 

11.15625 9.625 2.75 
11.15625 9.93124999999999857891453 2.83749999999999991118216 
12.92578125 10.1912499999999983657517 2.9117857142857141994341 
12.92578125 10.6390624999999996447286 3.03973214285714243843017 

14.6953125 9.31624999999999836575171 2.6617857142857141994341 
14.6953125 9.625 2.75 
15.66015625 9.625 2.75 

14.6953125 9.45781249999999928945726 2.70223214285714252724802 
14.6953125 9.07749999999999879207735 2.59357142857142841663176 
15.11328125 9.625 2.75 
16.40625 9.625 2.75 

16.625 10.9375 3.125 
18.234375 10.9375 3.125 
18.234375 11.4524999999999987920773 3.27214285714285679773639 

16.46484375 11.4093749999999989341859 3.25982142857142820346894 
16.46484375 11.8312499999999989341859 3.38035714285714261606586 
18.234375 11.8812499999999996447286 3.39464285714285685102709 
18.234375 12.3974999999999990762944 3.54214285714285681549995 

16.46484375 11.5037499999999983657517 3.2867857142857141994341 
16.46484375 11.0020833333333332149095 3.14345238095238066478032 
18.234375 12.0699999999999985078603 3.44857142857142839886819 
18.234375 11.4739583333333321490954 3.27827380952380931233847 

16.46484375 10.9375 3.125 
17.9921875 10.9375 3.125 
18.234375 11.5037499999999983657517 3.2867857142857141994341 
18.234375 11.0020833333333332149095 3.14345238095238066478032 

16.46484375 10.9375 3.125 
16.46484375 11.4524999999999987920773 3.27214285714285679773639 
18.234375 11.4093749999999989341859 3.25982142857142820346894 
18.234375 12.0187499999999989341859 3.43392857142857099717048 

16.46484375 10.4487499999999986499688 2.98535714285714259830229 
16.46484375 10.9375 3.125 
17.9921875 10.9375 3.125 

16.46484375 10.1912499999999983657517 2.9117857142857141994341 
16.46484375 10.8734374999999996447286 3.10669642857142846992247 
18.234375 10.7574999999999985078603 3.07357142857142839886819 
16.625 10.9375 3.125 
18.234375 10.9375 3.125 

16.46484375 10.3328124999999992894573 2.95223214285714252724802 
16.46484375 9.88249999999999850786025 2.82357142857142839886819 
18.234375 10.4487499999999986499688 2.98535714285714259830229 
17.9765625 10.9375 3.125 
18.234375 10.9375 3.125 

16.46484375 10.1656249999999985789145 2.90446428571428549858524 
16.46484375 9.6437499999999989341859 2.75535714285714261606586 
18.234375 10.8734374999999996447286 3.10669642857142846992247 
18.234375 10.2099999999999990762944 2.91714285714285681549995 

15.11328125 9.625 2.75 
16.40625 9.625 2.75 
16.46484375 10.1656249999999985789145 2.90446428571428549858524 
16.46484375 9.6437499999999989341859 2.75535714285714261606586 

14.6953125 10.4487499999999986499688 2.98535714285714259830229 
14.6953125 10.9375 3.125 
16.22265625 10.9375 3.125 

14.6953125 10.1912499999999983657517 2.9117857142857141994341 
14.6953125 10.8734374999999996447286 3.10669642857142846992247 
14.85546875 10.9375 3.125 
16.46484375 10.7574999999999985078603 3.07357142857142839886819 
16.46484375 10.9375 3.125 

14.6953125 10.3328124999999992894573 2.95223214285714252724802 
14.6953125 9.88249999999999850786025 2.82357142857142839886819 
16.20703125 10.9375 3.125 
16.46484375 10.4487499999999986499688 2.98535714285714259830229 
16.46484375 10.9375 3.125 

14.6953125 9.625 2.75 
15.66015625 9.625 2.75 
16.46484375 10.3328124999999992894573 2.95223214285714252724802 
16.46484375 9.88249999999999850786025 2.82357142857142839886819 

14.6953125 9.625 2.75 
14.6953125 10.1656249999999985789145 2.90446428571428549858524 
16.46484375 10.1912499999999983657517 2.9117857142857141994341 
16.46484375 10.8734374999999996447286 3.10669642857142846992247 

14.85546875 10.9375 3.125 
16.46484375 10.9375 3.125 
16.46484375 11.4524999999999987920773 3.27214285714285679773639 

14.6953125 10.9375 3.125 
16.22265625 10.9375 3.125 
16.46484375 11.5037499999999983657517 3.2867857142857141994341 
16.46484375 11.0020833333333332149095 3.14345238095238066478032 

14.6953125 10.9375 3.125 
14.6953125 11.2649999999999987920773 3.21857142857142841663176 
16.46484375 11.4093749999999989341859 3.25982142857142820346894 
16.46484375 11.8312499999999989341859 3.38035714285714261606586 

20.00390625 12.3531249999999985789145 3.52946428571428549858524 
20.00390625 12.963749999999999218403 3.70392857142857101493405 
20.5078125 13.125 3.75 
21.7734375 12.8249999999999992894573 3.66428571428571414614339 
21.7734375 13.125 3.75 

20.00390625 12.6362499999999986499688 3.61035714285714259830229 
20.00390625 11.9458333333333328596382 3.41309523809523795989662 
21.53125 13.125 3.75 
21.7734375 12.4177083333333317938241 3.54791666666666660745477 
21.7734375 13.125 3.75 

20.00390625 11.8812499999999996447286 3.39464285714285685102709 
20.00390625 12.5849999999999990762944 3.59571428571428564069379 
21.69140625 13.125 3.75 
21.7734375 12.3531249999999985789145 3.52946428571428549858524 
21.7734375 13.125 3.75 

20.00390625 12.0699999999999985078603 3.44857142857142839886819 
20.00390625 11.4739583333333321490954 3.27827380952380931233847 
21.7734375 12.6362499999999986499688 3.61035714285714259830229 
21.7734375 11.9458333333333328596382 3.41309523809523795989662 

20.00390625 11.4093749999999989341859 3.25982142857142820346894 
20.00390625 12.0187499999999989341859 3.43392857142857099717048 
21.7734375 11.8812499999999996447286 3.39464285714285685102709 
21.7734375 12.5849999999999990762944 3.59571428571428564069379 

20.00390625 11.5037499999999983657517 3.2867857142857141994341 
20.00390625 11.0020833333333332149095 3.14345238095238066478032 
21.7734375 12.0699999999999985078603 3.44857142857142839886819 
21.7734375 11.4739583333333321490954 3.27827380952380931233847 

20.00390625 10.9375 3.125 
20.5078125 10.9375 3.125 
21.7734375 11.5037499999999983657517 3.2867857142857141994341 
21.7734375 11.2749999999999985789145 3.22142857142857108598832 

20.00390625 10.9375 3.125 
20.00390625 11.4524999999999987920773 3.27214285714285679773639 
21.7734375 11.4093749999999989341859 3.25982142857142820346894 
21.7734375 12.0187499999999989341859 3.43392857142857099717048 

20.00390625 10.776249999999999218403 3.07892857142857101493405 
20.00390625 10.9375 3.125 
20.5078125 10.9375 3.125 

18.234375 10.4487499999999986499688 2.98535714285714259830229 
18.234375 10.9375 3.125 
19.76171875 10.9375 3.125 

18.234375 10.8734374999999996447286 3.10669642857142846992247 
18.234375 10.2099999999999990762944 2.91714285714285681549995 
18.39453125 10.9375 3.125 
20.00390625 10.776249999999999218403 3.07892857142857101493405 
20.00390625 10.9375 3.125 

18.39453125 10.9375 3.125 
20.00390625 10.9375 3.125 
20.00390625 11.4524999999999987920773 3.27214285714285679773639 

18.234375 11.8812499999999996447286 3.39464285714285685102709 
18.234375 12.3974999999999990762944 3.54214285714285681549995 
20.00390625 12.3531249999999985789145 3.52946428571428549858524 
20.00390625 12.963749999999999218403 3.70392857142857101493405 

18.234375 12.0699999999999985078603 3.44857142857142839886819 
18.234375 11.4739583333333321490954 3.27827380952380931233847 
20.00390625 12.6362499999999986499688 3.61035714285714259830229 
20.00390625 11.9458333333333328596382 3.41309523809523795989662 

18.234375 11.4093749999999989341859 3.25982142857142820346894 
18.234375 12.0187499999999989341859 3.43392857142857099717048 
20.00390625 11.8812499999999996447286 3.39464285714285685102709 
20.00390625 12.5849999999999990762944 3.59571428571428564069379 

18.234375 11.5037499999999983657517 3.2867857142857141994341 
18.234375 11.0020833333333332149095 3.14345238095238066478032 
20.00390625 12.0699999999999985078603 3.44857142857142839886819 
20.00390625 11.4739583333333321490954 3.27827380952380931233847 

18.234375 10.9375 3.125 
19.76171875 10.9375 3.125 
20.00390625 11.5037499999999983657517 3.2867857142857141994341 
20.00390625 11.0020833333333332149095 3.14345238095238066478032 

18.234375 10.9375 3.125 
18.234375 11.4524999999999987920773 3.27214285714285679773639 
20.00390625 11.4093749999999989341859 3.25982142857142820346894 
20.00390625 12.0187499999999989341859 3.43392857142857099717048 

23.54296875 12.3531249999999985789145 3.52946428571428549858524 
23.54296875 13.125 3.75 
25.3125 12.8249999999999992894573 3.66428571428571414614339 
25.3125 13.125 3.75 

23.54296875 12.6362499999999986499688 3.61035714285714259830229 
23.54296875 11.9458333333333328596382 3.41309523809523795989662 
25.3125 12.4177083333333317938241 3.54791666666666660745477 
25.0703125 13.125 3.75 
25.3125 13.125 3.75 

23.54296875 11.8812499999999996447286 3.39464285714285685102709 
23.54296875 12.5849999999999990762944 3.59571428571428564069379 
25.3125 12.3531249999999985789145 3.52946428571428549858524 
25.23046875 13.125 3.75 
25.3125 13.125 3.75 

23.54296875 12.0699999999999985078603 3.44857142857142839886819 
23.54296875 11.7468749999999992894573 3.35624999999999973354647 
25.3125 12.6362499999999986499688 3.61035714285714259830229 
25.3125 12.21875 3.49107142857142838110462 

21.7734375 12.3531249999999985789145 3.52946428571428549858524 
21.7734375 13.125 3.75 
23.54296875 12.8249999999999992894573 3.66428571428571414614339 
23.54296875 13.125 3.75 

21.7734375 12.6362499999999986499688 3.61035714285714259830229 
21.7734375 11.9458333333333328596382 3.41309523809523795989662 
23.30078125 13.125 3.75 
23.54296875 12.4177083333333317938241 3.54791666666666660745477 
23.54296875 13.125 3.75 

21.7734375 11.8812499999999996447286 3.39464285714285685102709 
21.7734375 12.5849999999999990762944 3.59571428571428564069379 
23.4609375 13.125 3.75 
23.54296875 12.3531249999999985789145 3.52946428571428549858524 
23.54296875 13.125 3.75 

21.7734375 12.0699999999999985078603 3.44857142857142839886819 
21.7734375 11.4739583333333321490954 3.27827380952380931233847 
23.54296875 12.6362499999999986499688 3.61035714285714259830229 
23.54296875 11.9458333333333328596382 3.41309523809523795989662 

21.7734375 11.4093749999999989341859 3.25982142857142820346894 
21.7734375 12.0187499999999989341859 3.43392857142857099717048 
23.54296875 11.8812499999999996447286 3.39464285714285685102709 
23.54296875 12.5849999999999990762944 3.59571428571428564069379 

21.7734375 11.5037499999999983657517 3.2867857142857141994341 
21.7734375 11.2749999999999985789145 3.22142857142857108598832 
23.54296875 12.0699999999999985078603 3.44857142857142839886819 
23.54296875 11.7468749999999992894573 3.35624999999999973354647 

20.5078125 13.125 3.75 
21.7734375 13.125 3.75 
21.7734375 13.4624999999999985789145 3.84642857142857108598832 

23.54296875 13.529464285714285054496 3.86556122448979566641469 
23.54296875 13.9343749999999992894573 3.98124999999999973354647 
25.3125 13.9339285714285701089921 3.9811224489795917769186 
25.3125 14.40625 4.11607142857142793701541 

23.54296875 13.125 3.75 
25.3125 13.125 3.75 
25.3125 13.5968749999999989341859 3.88482142857142820346894 

23.54296875 13.125 3.75 
23.54296875 13.5968749999999989341859 3.88482142857142820346894 
25.3125 13.529464285714285054496 3.86556122448979566641469 
25.3125 14.0687499999999996447286 4.01964285714285640693788 

21.7734375 13.125 3.75 
23.54296875 13.125 3.75 
23.54296875 13.5968749999999989341859 3.88482142857142820346894 

21.7734375 13.125 3.75 
21.7734375 13.4624999999999985789145 3.84642857142857108598832 
23.54296875 13.529464285714285054496 3.86556122448979566641469 
23.54296875 13.9343749999999992894573 3.98124999999999973354647 

27.08203125 12.6906249999999989341859 3.62589285714285702866277 
27.08203125 13.125 3.75 
28.7109375 13.125 3.75 

25.3125 12.3531249999999985789145 3.52946428571428549858524 
25.3125 13.125 3.75 
27.08203125 12.8249999999999992894573 3.66428571428571414614339 
27.08203125 13.125 3.75 

25.3125 12.6362499999999986499688 3.61035714285714259830229 
25.3125 12.21875 3.49107142857142838110462 
26.83984375 13.125 3.75 
27.08203125 12.6906249999999989341859 3.62589285714285702866277 
27.08203125 13.125 3.75 

28.7109375 15.3125 4.375 
28.8515625 15.3125 4.375 
28.8515625 15.3446428571428565845736 4.38418367346938708806192 

27.08203125 14.3383928571428569398449 4.09668367346938744333329 
27.08203125 14.8781249999999989341859 4.25089285714285658457356 
28.8515625 14.742857142857141994341 4.21224489795918355383719 
28.7109375 15.3125 4.375 
28.8515625 15.3125 4.375 

27.08203125 13.9339285714285701089921 3.9811224489795917769186 
27.08203125 14.5406249999999985789145 4.15446428571428505449603 
28.8515625 14.3383928571428569398449 4.09668367346938744333329 
28.8515625 15.0124999999999992894573 4.28928571428571370205418 

27.08203125 13.529464285714285054496 3.86556122448979566641469 
27.08203125 14.0687499999999996447286 4.01964285714285640693788 
28.8515625 13.9339285714285701089921 3.9811224489795917769186 
28.8515625 14.5406249999999985789145 4.15446428571428505449603 

27.08203125 13.125 3.75 
28.7109375 13.125 3.75 
28.8515625 13.5968749999999989341859 3.88482142857142820346894 
28.8515625 13.1571428571428565845736 3.75918367346938753215113 

27.08203125 13.125 3.75 
27.08203125 13.5968749999999989341859 3.88482142857142820346894 
28.8515625 13.529464285714285054496 3.86556122448979566641469 
28.8515625 14.0687499999999996447286 4.01964285714285640693788 

25.3125 13.9339285714285701089921 3.9811224489795917769186 
25.3125 14.40625 4.11607142857142793701541 
27.08203125 14.3383928571428569398449 4.09668367346938744333329 
27.08203125 14.8781249999999989341859 4.25089285714285658457356 

25.3125 13.529464285714285054496 3.86556122448979566641469 
25.3125 14.0687499999999996447286 4.01964285714285640693788 
27.08203125 13.9339285714285701089921 3.9811224489795917769186 
27.08203125 14.5406249999999985789145 4.15446428571428505449603 

25.3125 13.125 3.75 
27.08203125 13.125 3.75 
27.08203125 13.5968749999999989341859 3.88482142857142820346894 

25.3125 13.125 3.75 
25.3125 13.5968749999999989341859 3.88482142857142820346894 
27.08203125 13.529464285714285054496 3.86556122448979566641469 
27.08203125 14.0687499999999996447286 4.01964285714285640693788 

30.62109375 15.6664062499999996447286 4.4761160714285708195348 
30.62109375 15.7491071428571416390696 4.49974489795918319856582 
32.390625 16.0203124999999992894573 4.57723214285714252724802 
32.390625 16.1535714285714284699225 4.61530612244897930906973 

30.62109375 15.3125 4.375 
32.390625 15.3125 4.375 
32.390625 15.716964285714285054496 4.49056122448979522232548 

30.62109375 15.3125 4.375 
30.62109375 15.716964285714285054496 4.49056122448979522232548 
32.390625 15.6664062499999996447286 4.4761160714285708195348 
32.390625 16.1214285714285701089921 4.60612244897959133282939 

30.62109375 14.742857142857141994341 4.21224489795918355383719 
30.62109375 15.3125 4.375 
32.390625 15.147321428571427048837 4.32780612244897877616268 
32.390625 15.3125 4.375 

30.62109375 14.3383928571428569398449 4.09668367346938744333329 
30.62109375 15.0124999999999992894573 4.28928571428571370205418 
32.390625 14.742857142857141994341 4.21224489795918355383719 
31.74609375 15.3125 4.375 
32.390625 15.3125 4.375 

30.62109375 13.9339285714285701089921 3.9811224489795917769186 
30.62109375 14.5406249999999985789145 4.15446428571428505449603 
32.390625 14.3383928571428569398449 4.09668367346938744333329 
32.390625 15.0124999999999992894573 4.28928571428571370205418 

30.62109375 14.0687499999999996447286 4.01964285714285640693788 
30.62109375 13.5616071428571416390696 3.87474489795918364265503 
32.390625 14.5406249999999985789145 4.15446428571428505449603 
32.390625 13.9660714285714284699225 3.99030612244897930906973 

28.8515625 14.742857142857141994341 4.21224489795918355383719 
28.8515625 15.3125 4.375 
30.62109375 15.147321428571427048837 4.32780612244897877616268 
30.62109375 15.3125 4.375 

28.8515625 14.3383928571428569398449 4.09668367346938744333329 
28.8515625 15.0124999999999992894573 4.28928571428571370205418 
29.9765625 15.3125 4.375 
30.62109375 14.742857142857141994341 4.21224489795918355383719 
30.62109375 15.3125 4.375 

28.8515625 13.9339285714285701089921 3.9811224489795917769186 
28.8515625 14.5406249999999985789145 4.15446428571428505449603 
30.62109375 14.3383928571428569398449 4.09668367346938744333329 
30.62109375 15.0124999999999992894573 4.28928571428571370205418 

28.8515625 13.529464285714285054496 3.86556122448979566641469 
28.8515625 14.0687499999999996447286 4.01964285714285640693788 
30.62109375 13.9339285714285701089921 3.9811224489795917769186 
30.62109375 14.5406249999999985789145 4.15446428571428505449603 

28.8515625 13.5968749999999989341859 3.88482142857142820346894 
28.8515625 13.1571428571428565845736 3.75918367346938753215113 
30.62109375 14.0687499999999996447286 4.01964285714285640693788 
30.62109375 13.5616071428571416390696 3.87474489795918364265503 

28.8515625 15.3125 4.375 
30.62109375 15.3125 4.375 
30.62109375 15.716964285714285054496 4.49056122448979522232548 

28.8515625 15.3125 4.375 
28.8515625 15.3446428571428565845736 4.38418367346938708806192 
30.62109375 15.6664062499999996447286 4.4761160714285708195348 
30.62109375 15.7491071428571416390696 4.49974489795918319856582 

34.16015625 16.3742187499999971578291 4.67834821428571423496123 
34.16015625 16.5580357142857117480617 4.73086734693877541957363 
35.9296875 16.7281249999999985789145 4.77946428571428505449603 
35.9296875 16.9624999999999985789145 4.84642857142857064189911 

34.16015625 16.0203124999999992894573 4.57723214285714252724802 
34.16015625 16.5258928571428569398449 4.72168367346938744333329 
35.9296875 16.3742187499999971578291 4.67834821428571423496123 
35.9296875 16.9303571428571402179841 4.83724489795918355383719 

34.16015625 15.6664062499999996447286 4.4761160714285708195348 
34.16015625 16.1214285714285701089921 4.60612244897959133282939 
35.9296875 16.0203124999999992894573 4.57723214285714252724802 
35.9296875 16.5258928571428569398449 4.72168367346938744333329 

34.16015625 15.3125 4.375 
35.9296875 15.3125 4.375 
35.9296875 15.716964285714285054496 4.49056122448979522232548 

34.16015625 15.3125 4.375 
34.16015625 15.716964285714285054496 4.49056122448979522232548 
35.9296875 15.6664062499999996447286 4.4761160714285708195348 
35.9296875 16.1214285714285701089921 4.60612244897959133282939 

34.16015625 14.742857142857141994341 4.21224489795918355383719 
34.16015625 15.3125 4.375 
35.9296875 15.147321428571427048837 4.32780612244897877616268 
35.9296875 15.3125 4.375 

34.16015625 15.0124999999999992894573 4.28928571428571370205418 
34.16015625 14.3705357142857135244185 4.10586734693877541957363 
35.9296875 14.7749999999999985789145 4.22142857142857064189911 
35.28515625 15.3125 4.375 
35.9296875 15.3125 4.375 

32.390625 14.742857142857141994341 4.21224489795918355383719 
32.390625 15.3125 4.375 
34.16015625 15.147321428571427048837 4.32780612244897877616268 
34.16015625 15.3125 4.375 

32.390625 14.3383928571428569398449 4.09668367346938744333329 
32.390625 15.0124999999999992894573 4.28928571428571370205418 
33.515625 15.3125 4.375 
34.16015625 14.742857142857141994341 4.21224489795918355383719 
34.16015625 15.3125 4.375 

32.390625 14.5406249999999985789145 4.15446428571428505449603 
32.390625 13.9660714285714284699225 3.99030612244897930906973 
34.16015625 15.0124999999999992894573 4.28928571428571370205418 
34.16015625 14.3705357142857135244185 4.10586734693877541957363 

32.390625 16.0203124999999992894573 4.57723214285714252724802 
32.390625 16.1535714285714284699225 4.61530612244897930906973 
34.16015625 16.3742187499999971578291 4.67834821428571423496123 
34.16015625 16.5580357142857117480617 4.73086734693877541957363 

32.390625 15.6664062499999996447286 4.4761160714285708195348 
32.390625 16.1214285714285701089921 4.60612244897959133282939 
34.16015625 16.0203124999999992894573 4.57723214285714252724802 
34.16015625 16.5258928571428569398449 4.72168367346938744333329 

32.390625 15.3125 4.375 
34.16015625 15.3125 4.375 
34.16015625 15.716964285714285054496 4.49056122448979522232548 

32.390625 15.3125 4.375 
32.390625 15.716964285714285054496 4.49056122448979522232548 
34.16015625 15.6664062499999996447286 4.4761160714285708195348 
34.16015625 16.1214285714285701089921 4.60612244897959133282939 

37.69921875 17.08203125 4.88058035714285676220925 
37.69921875 17.3669642857142854097674 4.96198979591836675240302 
38.28125 17.5 5 
39.46875 17.4359374999999978683718 4.98169642857142846992247 
39.46875 17.5 5 

37.69921875 16.7281249999999985789145 4.77946428571428505449603 
37.69921875 17.334821428571427048837 4.95280612244897877616268 
38.421875 17.5 5 
39.46875 17.08203125 4.88058035714285676220925 
39.46875 17.5 5 

37.69921875 16.3742187499999971578291 4.67834821428571423496123 
37.69921875 16.9303571428571402179841 4.83724489795918355383719 
39.46875 16.7281249999999985789145 4.77946428571428505449603 
39.46875 17.334821428571427048837 4.95280612244897877616268 

37.69921875 16.0203124999999992894573 4.57723214285714252724802 
37.69921875 16.5258928571428569398449 4.72168367346938744333329 
39.46875 16.3742187499999971578291 4.67834821428571423496123 
39.46875 16.9303571428571402179841 4.83724489795918355383719 

37.69921875 15.6664062499999996447286 4.4761160714285708195348 
37.69921875 16.1214285714285701089921 4.60612244897959133282939 
39.46875 16.0203124999999992894573 4.57723214285714252724802 
39.46875 16.5258928571428569398449 4.72168367346938744333329 

37.69921875 15.3125 4.375 
38.28125 15.3125 4.375 
39.46875 15.716964285714285054496 4.49056122448979522232548 
39.46875 15.5499999999999989341859 4.44285714285714217197665 

37.69921875 15.3125 4.375 
37.69921875 15.716964285714285054496 4.49056122448979522232548 
39.46875 15.6664062499999996447286 4.4761160714285708195348 
39.46875 16.1214285714285701089921 4.60612244897959133282939 

37.69921875 15.1794642857142854097674 4.33698979591836675240302 
37.69921875 15.3125 4.375 
38.28125 15.3125 4.375 

35.9296875 14.7749999999999985789145 4.22142857142857064189911 
35.9296875 15.3125 4.375 
37.69921875 15.1794642857142854097674 4.33698979591836675240302 
37.69921875 15.3125 4.375 

35.9296875 16.7281249999999985789145 4.77946428571428505449603 
35.9296875 16.9624999999999985789145 4.84642857142857064189911 
37.69921875 17.08203125 4.88058035714285676220925 
37.69921875 17.3669642857142854097674 4.96198979591836675240302 

35.9296875 16.3742187499999971578291 4.67834821428571423496123 
35.9296875 16.9303571428571402179841 4.83724489795918355383719 
37.69921875 16.7281249999999985789145 4.77946428571428505449603 
37.69921875 17.334821428571427048837 4.95280612244897877616268 

35.9296875 16.0203124999999992894573 4.57723214285714252724802 
35.9296875 16.5258928571428569398449 4.72168367346938744333329 
37.69921875 16.3742187499999971578291 4.67834821428571423496123 
37.69921875 16.9303571428571402179841 4.83724489795918355383719 

35.9296875 15.6664062499999996447286 4.4761160714285708195348 
35.9296875 16.1214285714285701089921 4.60612244897959133282939 
37.69921875 16.0203124999999992894573 4.57723214285714252724802 
37.69921875 16.5258928571428569398449 4.72168367346938744333329 

35.9296875 15.3125 4.375 
37.69921875 15.3125 4.375 
37.69921875 15.716964285714285054496 4.49056122448979522232548 

35.9296875 15.3125 4.375 
35.9296875 15.716964285714285054496 4.49056122448979522232548 
37.69921875 15.6664062499999996447286 4.4761160714285708195348 
37.69921875 16.1214285714285701089921 4.60612244897959133282939 

41.23828125 17.08203125 4.88058035714285676220925 
41.23828125 17.5 5 
43.0078125 17.4359374999999978683718 4.98169642857142846992247 
43.0078125 17.5 5 

41.23828125 16.7281249999999985789145 4.77946428571428505449603 
41.23828125 17.334821428571427048837 4.95280612244897877616268 
41.9609375 17.5 5 
43.0078125 17.08203125 4.88058035714285676220925 
43.0078125 17.5 5 

41.23828125 16.3742187499999971578291 4.67834821428571423496123 
41.23828125 16.9303571428571402179841 4.83724489795918355383719 
43.0078125 16.7281249999999985789145 4.77946428571428505449603 
43.0078125 17.334821428571427048837 4.95280612244897877616268 

41.23828125 16.0203124999999992894573 4.57723214285714252724802 
41.23828125 16.5258928571428569398449 4.72168367346938744333329 
43.0078125 16.3742187499999971578291 4.67834821428571423496123 
43.0078125 16.9303571428571402179841 4.83724489795918355383719 

41.23828125 16.1214285714285701089921 4.60612244897959133282939 
41.23828125 15.9039062499999985789145 4.54397321428571387968987 
43.0078125 16.5258928571428569398449 4.72168367346938744333329 
43.0078125 16.2578125 4.64508928571428558740308 

39.46875 17.08203125 4.88058035714285676220925 
39.46875 17.5 5 
41.23828125 17.4359374999999978683718 4.98169642857142846992247 
41.23828125 17.5 5 

39.46875 16.7281249999999985789145 4.77946428571428505449603 
39.46875 17.334821428571427048837 4.95280612244897877616268 
40.19140625 17.5 5 
41.23828125 17.08203125 4.88058035714285676220925 
41.23828125 17.5 5 

39.46875 16.3742187499999971578291 4.67834821428571423496123 
39.46875 16.9303571428571402179841 4.83724489795918355383719 
41.23828125 16.7281249999999985789145 4.77946428571428505449603 
41.23828125 17.334821428571427048837 4.95280612244897877616268 

39.46875 16.0203124999999992894573 4.57723214285714252724802 
39.46875 16.5258928571428569398449 4.72168367346938744333329 
41.23828125 16.3742187499999971578291 4.67834821428571423496123 
41.23828125 16.9303571428571402179841 4.83724489795918355383719 

39.46875 15.6664062499999996447286 4.4761160714285708195348 
39.46875 16.1214285714285701089921 4.60612244897959133282939 
41.23828125 16.0203124999999992894573 4.57723214285714252724802 
41.23828125 16.5258928571428569398449 4.72168367346938744333329 

39.46875 15.716964285714285054496 4.49056122448979522232548 
39.46875 15.5499999999999989341859 4.44285714285714217197665 
41.23828125 16.1214285714285701089921 4.60612244897959133282939 
41.23828125 15.9039062499999985789145 4.54397321428571387968987 

38.28125 17.5 5 
39.46875 17.5 5 
39.46875 17.7374999999999971578291 5.06785714285714217197665 

41.23828125 17.8145833333333314385527 5.08988095238095183958649 
41.23828125 18.0914062499999985789145 5.16897321428571387968987 
43.0078125 18.1291666666666664298191 5.17976190476190456735139 
43.0078125 18.4453125 5.27008928571428558740308 

41.23828125 17.5 5 
43.0078125 17.5 5 
43.0078125 17.8539062499999978683718 5.1011160714285708195348 

41.23828125 17.5 5 
41.23828125 17.8539062499999978683718 5.1011160714285708195348 
43.0078125 17.8145833333333314385527 5.08988095238095183958649 
43.0078125 18.2078124999999992894573 5.20223214285714252724802 

39.46875 17.5 5 
41.23828125 17.5 5 
41.23828125 17.8539062499999978683718 5.1011160714285708195348 

39.46875 17.5 5 
39.46875 17.7374999999999971578291 5.06785714285714217197665 
41.23828125 17.8145833333333314385527 5.08988095238095183958649 
41.23828125 18.0914062499999985789145 5.16897321428571387968987 

44.77734375 17.08203125 4.88058035714285676220925 
44.77734375 17.5 5 
46.546875 17.4359374999999978683718 4.98169642857142846992247 
46.546875 17.5 5 

44.77734375 16.7281249999999985789145 4.77946428571428505449603 
44.77734375 17.334821428571427048837 4.95280612244897877616268 
45.5 17.5 5 
46.546875 17.08203125 4.88058035714285676220925 
46.546875 17.5 5 

44.77734375 16.9303571428571402179841 4.83724489795918355383719 
44.77734375 16.6117187499999978683718 4.74620535714285640693788 
46.546875 17.334821428571427048837 4.95280612244897877616268 
46.546875 16.9656249999999992894573 4.8473214285714281146511 

43.0078125 17.08203125 4.88058035714285676220925 
43.0078125 17.5 5 
44.77734375 17.4359374999999978683718 4.98169642857142846992247 
44.77734375 17.5 5 

43.0078125 16.7281249999999985789145 4.77946428571428505449603 
43.0078125 17.334821428571427048837 4.95280612244897877616268 
43.73046875 17.5 5 
44.77734375 17.08203125 4.88058035714285676220925 
44.77734375 17.5 5 

43.0078125 16.3742187499999971578291 4.67834821428571423496123 
43.0078125 16.9303571428571402179841 4.83724489795918355383719 
44.77734375 16.7281249999999985789145 4.77946428571428505449603 
44.77734375 17.334821428571427048837 4.95280612244897877616268 

43.0078125 16.5258928571428569398449 4.72168367346938744333329 
43.0078125 16.2578125 4.64508928571428558740308 
44.77734375 16.9303571428571402179841 4.83724489795918355383719 
44.77734375 16.6117187499999978683718 4.74620535714285640693788 

44.77734375 18.4437499999999978683718 5.26964285714285640693788 
44.77734375 18.7992187499999978683718 5.37120535714285640693788 
46.546875 18.7583333333333328596382 5.35952380952380913470279 
46.546875 19.1531249999999992894573 5.4723214285714281146511 

44.77734375 18.1291666666666664298191 5.17976190476190456735139 
44.77734375 18.5617187499999971578291 5.30334821428571423496123 
46.546875 18.4437499999999978683718 5.26964285714285640693788 
46.546875 18.9156249999999985789145 5.40446428571428505449603 

44.77734375 17.8145833333333314385527 5.08988095238095183958649 
44.77734375 18.2078124999999992894573 5.20223214285714252724802 
46.546875 18.1291666666666664298191 5.17976190476190456735139 
46.546875 18.5617187499999971578291 5.30334821428571423496123 

44.77734375 17.5 5 
46.546875 17.5 5 
46.546875 17.8539062499999978683718 5.1011160714285708195348 

44.77734375 17.5 5 
44.77734375 17.8539062499999978683718 5.1011160714285708195348 
46.546875 17.8145833333333314385527 5.08988095238095183958649 
46.546875 18.2078124999999992894573 5.20223214285714252724802 

43.0078125 18.1291666666666664298191 5.17976190476190456735139 
43.0078125 18.4453125 5.27008928571428558740308 
44.77734375 18.4437499999999978683718 5.26964285714285640693788 
44.77734375 18.7992187499999978683718 5.37120535714285640693788 

43.0078125 17.8145833333333314385527 5.08988095238095183958649 
43.0078125 18.2078124999999992894573 5.20223214285714252724802 
44.77734375 18.1291666666666664298191 5.17976190476190456735139 
44.77734375 18.5617187499999971578291 5.30334821428571423496123 

43.0078125 17.5 5 
44.77734375 17.5 5 
44.77734375 17.8539062499999978683718 5.1011160714285708195348 

43.0078125 17.5 5 
43.0078125 17.8539062499999978683718 5.1011160714285708195348 
44.77734375 17.8145833333333314385527 5.08988095238095183958649 
44.77734375 18.2078124999999992894573 5.20223214285714252724802 

48.31640625 17.3195312499999971578291 4.94843749999999982236432 
48.31640625 17.5 5 
49.21875 17.5 5 

46.546875 17.08203125 4.88058035714285676220925 
46.546875 17.5 5 
48.31640625 17.4359374999999978683718 4.98169642857142846992247 
48.31640625 17.5 5 

46.546875 17.334821428571427048837 4.95280612244897877616268 
46.546875 16.9656249999999992894573 4.8473214285714281146511 
47.26953125 17.5 5 
48.31640625 17.3195312499999971578291 4.94843749999999982236432 
48.31640625 17.5 5 

52.17578125 19.6875 5.625 
53.625 19.6875 5.625 
53.625 19.9451388888888878625494 5.69861111111111107163651 

51.85546875 19.9706249999999982946974 5.70589285714285665562784 
51.85546875 20.15625 5.75892857142857117480617 
53.625 20.2537499999999965893949 5.7867857142857141994341 
53.625 20.4708333333333314385527 5.84880952380952301439265 

51.85546875 20.0020833333333314385527 5.71488095238095183958649 
51.85546875 19.7006249999999987210231 5.62874999999999925393013 
53.625 20.3166666666666664298191 5.80476190476190456735139 
53.625 19.9837499999999970157205 5.70964285714285679773639 

51.85546875 19.6875 5.625 
53.54296875 19.6875 5.625 
53.625 20.0020833333333314385527 5.71488095238095183958649 
53.625 19.7006249999999987210231 5.62874999999999925393013 

51.85546875 19.6875 5.625 
51.85546875 19.9451388888888878625494 5.69861111111111107163651 
53.625 19.9706249999999982946974 5.70589285714285665562784 
53.625 20.2597222222222193011021 5.788492063492062911223 

49.21875 19.6875 5.625 
50.0859375 19.6875 5.625 
50.0859375 19.8416666666666650087336 5.66904761904761844704126 

49.21875 19.6875 5.625 
50.0859375 19.6875 5.625 

48.31640625 19.0729166666666642981909 5.44940476190476186246769 
48.31640625 19.5070312499999971578291 5.57343749999999982236432 
50.0859375 19.3874999999999992894573 5.53928571428571370205418 
49.21875 19.6875 5.625 
50.0859375 19.6875 5.625 

48.31640625 18.7583333333333328596382 5.35952380952380913470279 
48.31640625 19.26953125 5.50558035714285676220925 
50.0859375 19.0729166666666642981909 5.44940476190476186246769 
50.0859375 19.6234374999999978683718 5.60669642857142846992247 

48.31640625 18.4437499999999978683718 5.26964285714285640693788 
48.31640625 18.9156249999999985789145 5.40446428571428505449603 
50.0859375 18.7583333333333328596382 5.35952380952380913470279 
50.0859375 19.26953125 5.50558035714285676220925 

48.31640625 18.1291666666666664298191 5.17976190476190456735139 
48.31640625 18.5617187499999971578291 5.30334821428571423496123 
50.0859375 18.4437499999999978683718 5.26964285714285640693788 
50.0859375 18.9156249999999985789145 5.40446428571428505449603 

48.31640625 17.8145833333333314385527 5.08988095238095183958649 
48.31640625 18.2078124999999992894573 5.20223214285714252724802 
50.0859375 18.1291666666666664298191 5.17976190476190456735139 
50.0859375 18.5617187499999971578291 5.30334821428571423496123 

48.31640625 17.5 5 
49.21875 17.5 5 
50.0859375 17.8539062499999978683718 5.1011160714285708195348 
50.0859375 17.6541666666666650087336 5.04404761904761844704126 

48.31640625 17.5 5 
48.31640625 17.8539062499999978683718 5.1011160714285708195348 
50.0859375 17.8145833333333314385527 5.08988095238095183958649 
50.0859375 18.2078124999999992894573 5.20223214285714252724802 

46.546875 18.7583333333333328596382 5.35952380952380913470279 
46.546875 19.1531249999999992894573 5.4723214285714281146511 
48.31640625 19.0729166666666642981909 5.44940476190476186246769 
48.31640625 19.5070312499999971578291 5.57343749999999982236432 

46.546875 18.4437499999999978683718 5.26964285714285640693788 
46.546875 18.9156249999999985789145 5.40446428571428505449603 
48.31640625 18.7583333333333328596382 5.35952380952380913470279 
48.31640625 19.26953125 5.50558035714285676220925 

46.546875 18.1291666666666664298191 5.17976190476190456735139 
46.546875 18.5617187499999971578291 5.30334821428571423496123 
48.31640625 18.4437499999999978683718 5.26964285714285640693788 
48.31640625 18.9156249999999985789145 5.40446428571428505449603 

46.546875 17.8145833333333314385527 5.08988095238095183958649 
46.546875 18.2078124999999992894573 5.20223214285714252724802 
48.31640625 18.1291666666666664298191 5.17976190476190456735139 
48.31640625 18.5617187499999971578291 5.30334821428571423496123 

46.546875 17.5 5 
48.31640625 17.5 5 
48.31640625 17.8539062499999978683718 5.1011160714285708195348 

46.546875 17.5 5 
46.546875 17.8539062499999978683718 5.1011160714285708195348 
48.31640625 17.8145833333333314385527 5.08988095238095183958649 
48.31640625 18.2078124999999992894573 5.20223214285714252724802 

52.17578125 19.6875 5.625 
53.625 19.6875 5.625 

51.85546875 19.6875 5.625 
53.54296875 19.6875 5.625 

51.85546875 19.3874999999999992894573 5.53928571428571370205418 
51.85546875 19.6875 5.625 
53.54296875 19.6875 5.625 

51.85546875 19.0729166666666642981909 5.44940476190476186246769 
51.85546875 19.6234374999999978683718 5.60669642857142846992247 
53.625 19.3874999999999992894573 5.53928571428571370205418 
52.17578125 19.6875 5.625 
53.625 19.6875 5.625 

51.85546875 18.7583333333333328596382 5.35952380952380913470279 
51.85546875 19.26953125 5.50558035714285676220925 
53.625 19.0729166666666642981909 5.44940476190476186246769 
53.625 19.6234374999999978683718 5.60669642857142846992247 

51.85546875 18.4437499999999978683718 5.26964285714285640693788 
51.85546875 18.9156249999999985789145 5.40446428571428505449603 
53.625 18.7583333333333328596382 5.35952380952380913470279 
53.625 19.26953125 5.50558035714285676220925 

51.85546875 18.1291666666666664298191 5.17976190476190456735139 
51.85546875 18.5617187499999971578291 5.30334821428571423496123 
53.625 18.4437499999999978683718 5.26964285714285640693788 
53.625 18.9156249999999985789145 5.40446428571428505449603 

51.85546875 18.2078124999999992894573 5.20223214285714252724802 
51.85546875 17.96875 5.13392857142857117480617 
53.625 18.5617187499999971578291 5.30334821428571423496123 
53.625 18.2833333333333314385527 5.22380952380952301439265 

50.0859375 19.3874999999999992894573 5.53928571428571370205418 
50.0859375 19.6875 5.625 
51.7734375 19.6875 5.625 

50.0859375 19.0729166666666642981909 5.44940476190476186246769 
50.0859375 19.6234374999999978683718 5.60669642857142846992247 
50.40625 19.6875 5.625 
51.85546875 19.3874999999999992894573 5.53928571428571370205418 
51.85546875 19.6875 5.625 

50.0859375 18.7583333333333328596382 5.35952380952380913470279 
50.0859375 19.26953125 5.50558035714285676220925 
51.85546875 19.0729166666666642981909 5.44940476190476186246769 
51.85546875 19.6234374999999978683718 5.60669642857142846992247 

50.0859375 18.4437499999999978683718 5.26964285714285640693788 
50.0859375 18.9156249999999985789145 5.40446428571428505449603 
51.85546875 18.7583333333333328596382 5.35952380952380913470279 
51.85546875 19.26953125 5.50558035714285676220925 

50.0859375 18.1291666666666664298191 5.17976190476190456735139 
50.0859375 18.5617187499999971578291 5.30334821428571423496123 
51.85546875 18.4437499999999978683718 5.26964285714285640693788 
51.85546875 18.9156249999999985789145 5.40446428571428505449603 

50.0859375 17.8145833333333314385527 5.08988095238095183958649 
50.0859375 18.2078124999999992894573 5.20223214285714252724802 
51.85546875 18.1291666666666664298191 5.17976190476190456735139 
51.85546875 18.5617187499999971578291 5.30334821428571423496123 

50.0859375 17.8539062499999978683718 5.1011160714285708195348 
50.0859375 17.6541666666666650087336 5.04404761904761844704126 
51.85546875 18.2078124999999992894573 5.20223214285714252724802 
51.85546875 17.96875 5.13392857142857117480617 

52.17578125 19.6875 5.625 
53.625 19.6875 5.625 

51.85546875 19.6875 5.625 
53.54296875 19.6875 5.625 

50.40625 19.6875 5.625 
51.85546875 19.6875 5.625 

50.0859375 19.6875 5.625 
51.7734375 19.6875 5.625 

50.40625 19.6875 5.625 
51.85546875 19.6875 5.625 
51.85546875 19.9451388888888878625494 5.69861111111111107163651 

50.0859375 19.6875 5.625 
51.7734375 19.6875 5.625 
51.85546875 20.0020833333333314385527 5.71488095238095183958649 
51.85546875 19.7006249999999987210231 5.62874999999999925393013 

50.0859375 19.6875 5.625 
50.0859375 19.8416666666666650087336 5.66904761904761844704126 
51.85546875 19.9706249999999982946974 5.70589285714285665562784 
51.85546875 20.15625 5.75892857142857117480617 

49.21875 19.6875 5.625 
50.0859375 19.6875 5.625 

50.40625 19.6875 5.625 
51.85546875 19.6875 5.625 

50.0859375 19.6875 5.625 
51.7734375 19.6875 5.625 

59.25390625 19.6875 5.625 
60.703125 19.6875 5.625 
60.703125 19.9451388888888878625494 5.69861111111111107163651 

58.93359375 21.1031249999999985789145 6.02946428571428505449603 
58.93359375 21.4145833333333328596382 6.11845238095238030950895 
60.703125 21.386249999999996873612 6.11035714285714259830229 
60.703125 21.7291666666666642981909 6.20833333333333303727386 

58.93359375 21.2604166666666642981909 6.07440476190476186246769 
58.93359375 20.8331249999999990052402 5.95232142857142854097674 
60.703125 21.5749999999999992894573 6.16428571428571370205418 
60.703125 21.1162499999999972999376 6.03321428571428519660458 

58.93359375 20.8199999999999967315034 5.94857142857142839886819 
58.93359375 21.2034722222222207221876 6.0581349206349202063393 
60.703125 21.1031249999999985789145 6.02946428571428505449603 
60.703125 21.5180555555555521607403 6.14801587301587293410421 

58.93359375 20.9458333333333328596382 5.98452380952380913470279 
58.93359375 20.5499999999999971578291 5.87142857142857099717048 
60.703125 21.2604166666666642981909 6.07440476190476186246769 
60.703125 20.8331249999999990052402 5.95232142857142854097674 

58.93359375 20.536874999999998436806 5.86767857142857085506193 
58.93359375 20.8888888888888857309212 5.9682539682539674785744 
60.703125 20.8199999999999967315034 5.94857142857142839886819 
60.703125 21.2034722222222207221876 6.0581349206349202063393 

58.93359375 20.6312499999999978683718 5.89464285714285640693788 
58.93359375 20.2668749999999988631316 5.79053571428571345336422 
60.703125 20.9458333333333328596382 5.98452380952380913470279 
60.703125 20.5499999999999971578291 5.87142857142857099717048 

58.93359375 20.2537499999999965893949 5.7867857142857141994341 
58.93359375 20.5743055555555542923685 5.87837301587301563898791 
60.703125 20.536874999999998436806 5.86767857142857085506193 
60.703125 20.8888888888888857309212 5.9682539682539674785744 

58.93359375 20.3166666666666664298191 5.80476190476190456735139 
58.93359375 19.9837499999999970157205 5.70964285714285679773639 
60.703125 20.6312499999999978683718 5.89464285714285640693788 
60.703125 20.2668749999999988631316 5.79053571428571345336422 

58.93359375 19.9706249999999982946974 5.70589285714285665562784 
58.93359375 20.2597222222222193011021 5.788492063492062911223 
60.703125 20.2537499999999965893949 5.7867857142857141994341 
60.703125 20.5743055555555542923685 5.87837301587301563898791 

58.93359375 20.0020833333333314385527 5.71488095238095183958649 
58.93359375 19.7006249999999987210231 5.62874999999999925393013 
60.703125 20.3166666666666664298191 5.80476190476190456735139 
60.703125 19.9837499999999970157205 5.70964285714285679773639 

58.93359375 19.6875 5.625 
60.62109375 19.6875 5.625 
60.703125 20.0020833333333314385527 5.71488095238095183958649 
60.703125 19.7006249999999987210231 5.62874999999999925393013 

58.93359375 19.6875 5.625 
58.93359375 19.9451388888888878625494 5.69861111111111107163651 
60.703125 19.9706249999999982946974 5.70589285714285665562784 
60.703125 20.2597222222222193011021 5.788492063492062911223 

55.71484375 19.6875 5.625 
57.1640625 19.6875 5.625 
57.1640625 19.9451388888888878625494 5.69861111111111107163651 

55.39453125 20.536874999999998436806 5.86767857142857085506193 
55.39453125 20.7854166666666664298191 5.93869047619047574215756 
57.1640625 20.8199999999999967315034 5.94857142857142839886819 
57.1640625 21.0999999999999978683718 6.02857142857142846992247 

55.39453125 20.6312499999999978683718 5.89464285714285640693788 
55.39453125 20.2668749999999988631316 5.79053571428571345336422 
57.1640625 20.9458333333333328596382 5.98452380952380913470279 
57.1640625 20.5499999999999971578291 5.87142857142857099717048 

55.39453125 20.2537499999999965893949 5.7867857142857141994341 
55.39453125 20.5743055555555542923685 5.87837301587301563898791 
57.1640625 20.536874999999998436806 5.86767857142857085506193 
57.1640625 20.8888888888888857309212 5.9682539682539674785744 

55.39453125 20.3166666666666664298191 5.80476190476190456735139 
55.39453125 19.9837499999999970157205 5.70964285714285679773639 
57.1640625 20.6312499999999978683718 5.89464285714285640693788 
57.1640625 20.2668749999999988631316 5.79053571428571345336422 

55.39453125 19.9706249999999982946974 5.70589285714285665562784 
55.39453125 20.2597222222222193011021 5.788492063492062911223 
57.1640625 20.2537499999999965893949 5.7867857142857141994341 
57.1640625 20.5743055555555542923685 5.87837301587301563898791 

55.39453125 20.0020833333333314385527 5.71488095238095183958649 
55.39453125 19.7006249999999987210231 5.62874999999999925393013 
57.1640625 20.3166666666666664298191 5.80476190476190456735139 
57.1640625 19.9837499999999970157205 5.70964285714285679773639 

55.39453125 19.6875 5.625 
57.08203125 19.6875 5.625 
57.1640625 20.0020833333333314385527 5.71488095238095183958649 
57.1640625 19.7006249999999987210231 5.62874999999999925393013 

55.39453125 19.6875 5.625 
55.39453125 19.9451388888888878625494 5.69861111111111107163651 
57.1640625 19.9706249999999982946974 5.70589285714285665562784 
57.1640625 20.2597222222222193011021 5.788492063492062911223 

55.71484375 19.6875 5.625 
57.1640625 19.6875 5.625 

55.39453125 19.6875 5.625 
57.08203125 19.6875 5.625 

55.39453125 19.3874999999999992894573 5.53928571428571370205418 
55.39453125 19.6875 5.625 
57.08203125 19.6875 5.625 

55.39453125 19.0729166666666642981909 5.44940476190476186246769 
55.39453125 19.6234374999999978683718 5.60669642857142846992247 
57.1640625 19.3874999999999992894573 5.53928571428571370205418 
55.71484375 19.6875 5.625 
57.1640625 19.6875 5.625 

55.39453125 18.7583333333333328596382 5.35952380952380913470279 
55.39453125 19.26953125 5.50558035714285676220925 
57.1640625 19.0729166666666642981909 5.44940476190476186246769 
57.1640625 19.6234374999999978683718 5.60669642857142846992247 

55.39453125 18.9156249999999985789145 5.40446428571428505449603 
55.39453125 18.5979166666666664298191 5.31369047619047574215756 
57.1640625 19.26953125 5.50558035714285676220925 
57.1640625 18.9124999999999978683718 5.40357142857142846992247 

53.625 19.3874999999999992894573 5.53928571428571370205418 
53.625 19.6875 5.625 
55.3125 19.6875 5.625 

53.625 19.0729166666666642981909 5.44940476190476186246769 
53.625 19.6234374999999978683718 5.60669642857142846992247 
53.9453125 19.6875 5.625 
55.39453125 19.3874999999999992894573 5.53928571428571370205418 
55.39453125 19.6875 5.625 

53.625 18.7583333333333328596382 5.35952380952380913470279 
53.625 19.26953125 5.50558035714285676220925 
55.39453125 19.0729166666666642981909 5.44940476190476186246769 
55.39453125 19.6234374999999978683718 5.60669642857142846992247 

53.625 18.4437499999999978683718 5.26964285714285640693788 
53.625 18.9156249999999985789145 5.40446428571428505449603 
55.39453125 18.7583333333333328596382 5.35952380952380913470279 
55.39453125 19.26953125 5.50558035714285676220925 

53.625 18.5617187499999971578291 5.30334821428571423496123 
53.625 18.2833333333333314385527 5.22380952380952301439265 
55.39453125 18.9156249999999985789145 5.40446428571428505449603 
55.39453125 18.5979166666666664298191 5.31369047619047574215756 

55.71484375 19.6875 5.625 
57.1640625 19.6875 5.625 

55.39453125 19.6875 5.625 
57.08203125 19.6875 5.625 

53.9453125 19.6875 5.625 
55.39453125 19.6875 5.625 

53.625 19.6875 5.625 
55.3125 19.6875 5.625 

53.9453125 19.6875 5.625 
55.39453125 19.6875 5.625 
55.39453125 19.9451388888888878625494 5.69861111111111107163651 

53.625 20.2537499999999965893949 5.7867857142857141994341 
53.625 20.4708333333333314385527 5.84880952380952301439265 
55.39453125 20.536874999999998436806 5.86767857142857085506193 
55.39453125 20.7854166666666664298191 5.93869047619047574215756 

53.625 20.3166666666666664298191 5.80476190476190456735139 
53.625 19.9837499999999970157205 5.70964285714285679773639 
55.39453125 20.6312499999999978683718 5.89464285714285640693788 
55.39453125 20.2668749999999988631316 5.79053571428571345336422 

53.625 19.9706249999999982946974 5.70589285714285665562784 
53.625 20.2597222222222193011021 5.788492063492062911223 
55.39453125 20.2537499999999965893949 5.7867857142857141994341 
55.39453125 20.5743055555555542923685 5.87837301587301563898791 

53.625 20.0020833333333314385527 5.71488095238095183958649 
53.625 19.7006249999999987210231 5.62874999999999925393013 
55.39453125 20.3166666666666664298191 5.80476190476190456735139 
55.39453125 19.9837499999999970157205 5.70964285714285679773639 

53.625 19.6875 5.625 
55.3125 19.6875 5.625 
55.39453125 20.0020833333333314385527 5.71488095238095183958649 
55.39453125 19.7006249999999987210231 5.62874999999999925393013 

53.625 19.6875 5.625 
53.625 19.9451388888888878625494 5.69861111111111107163651 
55.39453125 19.9706249999999982946974 5.70589285714285665562784 
55.39453125 20.2597222222222193011021 5.788492063492062911223 

53.9453125 19.6875 5.625 
55.39453125 19.6875 5.625 

53.625 19.6875 5.625 
55.3125 19.6875 5.625 

59.25390625 19.6875 5.625 
60.703125 19.6875 5.625 

58.93359375 19.6875 5.625 
60.62109375 19.6875 5.625 

58.93359375 19.3874999999999992894573 5.53928571428571370205418 
58.93359375 19.6875 5.625 
60.62109375 19.6875 5.625 

58.93359375 19.6234374999999978683718 5.60669642857142846992247 
58.93359375 19.2270833333333328596382 5.49345238095238030950895 
60.703125 19.5416666666666642981909 5.58333333333333303727386 
59.25390625 19.6875 5.625 
60.703125 19.6875 5.625 

57.1640625 19.3874999999999992894573 5.53928571428571370205418 
57.1640625 19.6875 5.625 
58.8515625 19.6875 5.625 

57.1640625 19.0729166666666642981909 5.44940476190476186246769 
57.1640625 19.6234374999999978683718 5.60669642857142846992247 
57.484375 19.6875 5.625 
58.93359375 19.3874999999999992894573 5.53928571428571370205418 
58.93359375 19.6875 5.625 

57.1640625 19.26953125 5.50558035714285676220925 
57.1640625 18.9124999999999978683718 5.40357142857142846992247 
58.93359375 19.6234374999999978683718 5.60669642857142846992247 
58.93359375 19.2270833333333328596382 5.49345238095238030950895 

59.25390625 19.6875 5.625 
60.703125 19.6875 5.625 

58.93359375 19.6875 5.625 
60.62109375 19.6875 5.625 

57.484375 19.6875 5.625 
58.93359375 19.6875 5.625 

57.1640625 19.6875 5.625 
58.8515625 19.6875 5.625 

57.484375 19.6875 5.625 
58.93359375 19.6875 5.625 
58.93359375 19.9451388888888878625494 5.69861111111111107163651 

57.1640625 20.8199999999999967315034 5.94857142857142839886819 
57.1640625 21.0999999999999978683718 6.02857142857142846992247 
58.93359375 21.1031249999999985789145 6.02946428571428505449603 
58.93359375 21.4145833333333328596382 6.11845238095238030950895 

57.1640625 20.9458333333333328596382 5.98452380952380913470279 
57.1640625 20.5499999999999971578291 5.87142857142857099717048 
58.93359375 21.2604166666666642981909 6.07440476190476186246769 
58.93359375 20.8331249999999990052402 5.95232142857142854097674 

57.1640625 20.536874999999998436806 5.86767857142857085506193 
57.1640625 20.8888888888888857309212 5.9682539682539674785744 
58.93359375 20.8199999999999967315034 5.94857142857142839886819 
58.93359375 21.2034722222222207221876 6.0581349206349202063393 

57.1640625 20.6312499999999978683718 5.89464285714285640693788 
57.1640625 20.2668749999999988631316 5.79053571428571345336422 
58.93359375 20.9458333333333328596382 5.98452380952380913470279 
58.93359375 20.5499999999999971578291 5.87142857142857099717048 

57.1640625 20.2537499999999965893949 5.7867857142857141994341 
57.1640625 20.5743055555555542923685 5.87837301587301563898791 
58.93359375 20.536874999999998436806 5.86767857142857085506193 
58.93359375 20.8888888888888857309212 5.9682539682539674785744 

57.1640625 20.3166666666666664298191 5.80476190476190456735139 
57.1640625 19.9837499999999970157205 5.70964285714285679773639 
58.93359375 20.6312499999999978683718 5.89464285714285640693788 
58.93359375 20.2668749999999988631316 5.79053571428571345336422 

57.1640625 19.9706249999999982946974 5.70589285714285665562784 
57.1640625 20.2597222222222193011021 5.788492063492062911223 
58.93359375 20.2537499999999965893949 5.7867857142857141994341 
58.93359375 20.5743055555555542923685 5.87837301587301563898791 

57.1640625 20.0020833333333314385527 5.71488095238095183958649 
57.1640625 19.7006249999999987210231 5.62874999999999925393013 
58.93359375 20.3166666666666664298191 5.80476190476190456735139 
58.93359375 19.9837499999999970157205 5.70964285714285679773639 

57.1640625 19.6875 5.625 
58.8515625 19.6875 5.625 
58.93359375 20.0020833333333314385527 5.71488095238095183958649 
58.93359375 19.7006249999999987210231 5.62874999999999925393013 

57.1640625 19.6875 5.625 
57.1640625 19.9451388888888878625494 5.69861111111111107163651 
58.93359375 19.9706249999999982946974 5.70589285714285665562784 
58.93359375 20.2597222222222193011021 5.788492063492062911223 

57.484375 19.6875 5.625 
58.93359375 19.6875 5.625 

57.1640625 19.6875 5.625 
58.8515625 19.6875 5.625 

66.01171875 21.3993749999999991473487 6.11410714285714274041084 
66.01171875 21.875 6.25 
67.78125 21.6824999999999974420462 6.19499999999999939603867 
67.78125 21.875 6.25 

66.01171875 21.386249999999996873612 6.11035714285714259830229 
66.01171875 21.8326388888888871520066 6.2378968253968247736907 
67.78125 21.6693749999999987210231 6.19124999999999925393013 
66.25 21.875 6.25 
67.78125 21.875 6.25 

66.01171875 21.5749999999999992894573 6.16428571428571370205418 
66.01171875 21.1162499999999972999376 6.03321428571428519660458 
67.78125 21.3993749999999991473487 6.11410714285714274041084 
67.69921875 21.875 6.25 
67.78125 21.875 6.25 

66.01171875 21.1031249999999985789145 6.02946428571428505449603 
66.01171875 21.5180555555555521607403 6.14801587301587293410421 
67.78125 21.386249999999996873612 6.11035714285714259830229 
67.78125 21.8326388888888871520066 6.2378968253968247736907 

66.01171875 21.2604166666666642981909 6.07440476190476186246769 
66.01171875 20.8331249999999990052402 5.95232142857142854097674 
67.78125 21.5749999999999992894573 6.16428571428571370205418 
67.78125 21.1162499999999972999376 6.03321428571428519660458 

66.01171875 20.8199999999999967315034 5.94857142857142839886819 
66.01171875 21.2034722222222207221876 6.0581349206349202063393 
67.78125 21.1031249999999985789145 6.02946428571428505449603 
67.78125 21.5180555555555521607403 6.14801587301587293410421 

66.01171875 20.9458333333333328596382 5.98452380952380913470279 
66.01171875 20.5499999999999971578291 5.87142857142857099717048 
67.78125 21.2604166666666642981909 6.07440476190476186246769 
67.78125 20.8331249999999990052402 5.95232142857142854097674 

66.01171875 20.536874999999998436806 5.86767857142857085506193 
66.01171875 20.8888888888888857309212 5.9682539682539674785744 
67.78125 20.8199999999999967315034 5.94857142857142839886819 
67.78125 21.2034722222222207221876 6.0581349206349202063393 

66.01171875 20.6312499999999978683718 5.89464285714285640693788 
66.01171875 20.4056249999999970157205 5.8301785714285712103333 
67.78125 20.9458333333333328596382 5.98452380952380913470279 
67.78125 20.6887499999999988631316 5.91107142857142786596114 

62.47265625 21.3993749999999991473487 6.11410714285714274041084 
62.47265625 21.875 6.25 
64.2421875 21.6824999999999974420462 6.19499999999999939603867 
64.2421875 21.875 6.25 

62.47265625 21.386249999999996873612 6.11035714285714259830229 
62.47265625 21.8326388888888871520066 6.2378968253968247736907 
62.7109375 21.875 6.25 
64.2421875 21.6693749999999987210231 6.19124999999999925393013 
64.2421875 21.875 6.25 

62.47265625 21.5749999999999992894573 6.16428571428571370205418 
62.47265625 21.1162499999999972999376 6.03321428571428519660458 
64.16015625 21.875 6.25 
64.2421875 21.3993749999999991473487 6.11410714285714274041084 
64.2421875 21.875 6.25 

62.47265625 21.1031249999999985789145 6.02946428571428505449603 
62.47265625 21.5180555555555521607403 6.14801587301587293410421 
64.2421875 21.386249999999996873612 6.11035714285714259830229 
64.2421875 21.8326388888888871520066 6.2378968253968247736907 

62.47265625 21.2604166666666642981909 6.07440476190476186246769 
62.47265625 20.8331249999999990052402 5.95232142857142854097674 
64.2421875 21.5749999999999992894573 6.16428571428571370205418 
64.2421875 21.1162499999999972999376 6.03321428571428519660458 

62.47265625 20.8199999999999967315034 5.94857142857142839886819 
62.47265625 21.2034722222222207221876 6.0581349206349202063393 
64.2421875 21.1031249999999985789145 6.02946428571428505449603 
64.2421875 21.5180555555555521607403 6.14801587301587293410421 

62.47265625 20.9458333333333328596382 5.98452380952380913470279 
62.47265625 20.5499999999999971578291 5.87142857142857099717048 
64.2421875 21.2604166666666642981909 6.07440476190476186246769 
64.2421875 20.8331249999999990052402 5.95232142857142854097674 

62.47265625 20.536874999999998436806 5.86767857142857085506193 
62.47265625 20.8888888888888857309212 5.9682539682539674785744 
64.2421875 20.8199999999999967315034 5.94857142857142839886819 
64.2421875 21.2034722222222207221876 6.0581349206349202063393 

62.47265625 20.6312499999999978683718 5.89464285714285640693788 
62.47265625 20.2668749999999988631316 5.79053571428571345336422 
64.2421875 20.9458333333333328596382 5.98452380952380913470279 
64.2421875 20.5499999999999971578291 5.87142857142857099717048 

62.47265625 20.2537499999999965893949 5.7867857142857141994341 
62.47265625 20.5743055555555542923685 5.87837301587301563898791 
64.2421875 20.536874999999998436806 5.86767857142857085506193 
64.2421875 20.8888888888888857309212 5.9682539682539674785744 

62.47265625 20.3166666666666664298191 5.80476190476190456735139 
62.47265625 19.9837499999999970157205 5.70964285714285679773639 
64.2421875 20.6312499999999978683718 5.89464285714285640693788 
64.2421875 20.2668749999999988631316 5.79053571428571345336422 

62.47265625 19.9706249999999982946974 5.70589285714285665562784 
62.47265625 20.2597222222222193011021 5.788492063492062911223 
64.2421875 20.2537499999999965893949 5.7867857142857141994341 
64.2421875 20.5743055555555542923685 5.87837301587301563898791 

62.47265625 20.0020833333333314385527 5.71488095238095183958649 
62.47265625 19.839374999999996873612 5.66839285714285701089921 
64.2421875 20.3166666666666664298191 5.80476190476190456735139 
64.2421875 20.1224999999999987210231 5.74928571428571366652704 

60.703125 19.5416666666666642981909 5.58333333333333303727386 
60.703125 19.6875 5.625 
61.5234375 19.6875 5.625 

60.703125 19.6875 5.625 
61.5234375 19.6875 5.625 

60.703125 19.6875 5.625 
61.5234375 19.6875 5.625 

60.703125 21.386249999999996873612 6.11035714285714259830229 
60.703125 21.7291666666666642981909 6.20833333333333303727386 
61.5234375 21.875 6.25 
62.47265625 21.6693749999999987210231 6.19124999999999925393013 
62.47265625 21.875 6.25 

60.703125 21.5749999999999992894573 6.16428571428571370205418 
60.703125 21.1162499999999972999376 6.03321428571428519660458 
62.390625 21.875 6.25 
62.47265625 21.3993749999999991473487 6.11410714285714274041084 
62.47265625 21.875 6.25 

60.703125 21.1031249999999985789145 6.02946428571428505449603 
60.703125 21.5180555555555521607403 6.14801587301587293410421 
62.47265625 21.386249999999996873612 6.11035714285714259830229 
62.47265625 21.8326388888888871520066 6.2378968253968247736907 

60.703125 21.2604166666666642981909 6.07440476190476186246769 
60.703125 20.8331249999999990052402 5.95232142857142854097674 
62.47265625 21.5749999999999992894573 6.16428571428571370205418 
62.47265625 21.1162499999999972999376 6.03321428571428519660458 

60.703125 20.8199999999999967315034 5.94857142857142839886819 
60.703125 21.2034722222222207221876 6.0581349206349202063393 
62.47265625 21.1031249999999985789145 6.02946428571428505449603 
62.47265625 21.5180555555555521607403 6.14801587301587293410421 

60.703125 20.9458333333333328596382 5.98452380952380913470279 
60.703125 20.5499999999999971578291 5.87142857142857099717048 
62.47265625 21.2604166666666642981909 6.07440476190476186246769 
62.47265625 20.8331249999999990052402 5.95232142857142854097674 

60.703125 20.536874999999998436806 5.86767857142857085506193 
60.703125 20.8888888888888857309212 5.9682539682539674785744 
62.47265625 20.8199999999999967315034 5.94857142857142839886819 
62.47265625 21.2034722222222207221876 6.0581349206349202063393 

60.703125 20.6312499999999978683718 5.89464285714285640693788 
60.703125 20.2668749999999988631316 5.79053571428571345336422 
62.47265625 20.9458333333333328596382 5.98452380952380913470279 
62.47265625 20.5499999999999971578291 5.87142857142857099717048 

60.703125 20.2537499999999965893949 5.7867857142857141994341 
60.703125 20.5743055555555542923685 5.87837301587301563898791 
62.47265625 20.536874999999998436806 5.86767857142857085506193 
62.47265625 20.8888888888888857309212 5.9682539682539674785744 

60.703125 20.3166666666666664298191 5.80476190476190456735139 
60.703125 19.9837499999999970157205 5.70964285714285679773639 
62.47265625 20.6312499999999978683718 5.89464285714285640693788 
62.47265625 20.2668749999999988631316 5.79053571428571345336422 

60.703125 19.9706249999999982946974 5.70589285714285665562784 
60.703125 20.2597222222222193011021 5.788492063492062911223 
62.47265625 20.2537499999999965893949 5.7867857142857141994341 
62.47265625 20.5743055555555542923685 5.87837301587301563898791 

60.703125 20.0020833333333314385527 5.71488095238095183958649 
60.703125 19.7006249999999987210231 5.62874999999999925393013 
62.47265625 20.3166666666666664298191 5.80476190476190456735139 
62.47265625 19.9837499999999970157205 5.70964285714285679773639 

60.703125 19.6875 5.625 
61.5234375 19.6875 5.625 
62.47265625 20.0020833333333314385527 5.71488095238095183958649 
62.47265625 19.839374999999996873612 5.66839285714285701089921 

60.703125 19.6875 5.625 
60.703125 19.9451388888888878625494 5.69861111111111107163651 
62.47265625 19.9706249999999982946974 5.70589285714285665562784 
62.47265625 20.2597222222222193011021 5.788492063492062911223 

62.47265625 21.875 6.25 
64.2421875 21.875 6.25 
64.2421875 22.1581249999999982946974 6.33089285714285665562784 

62.47265625 21.875 6.25 
62.47265625 22.026874999999996873612 6.29339285714285701089921 
64.2421875 22.1323863636363604712187 6.32353896103896051528181 
64.2421875 22.3099999999999987210231 6.37428571428571366652704 

61.5234375 21.875 6.25 
62.47265625 21.875 6.25 
62.47265625 22.026874999999996873612 6.29339285714285701089921 

64.2421875 21.3993749999999991473487 6.11410714285714274041084 
64.2421875 21.875 6.25 
66.01171875 21.6824999999999974420462 6.19499999999999939603867 
66.01171875 21.875 6.25 

64.2421875 21.386249999999996873612 6.11035714285714259830229 
64.2421875 21.8326388888888871520066 6.2378968253968247736907 
64.48046875 21.875 6.25 
66.01171875 21.6693749999999987210231 6.19124999999999925393013 
66.01171875 21.875 6.25 

64.2421875 21.5749999999999992894573 6.16428571428571370205418 
64.2421875 21.1162499999999972999376 6.03321428571428519660458 
65.9296875 21.875 6.25 
66.01171875 21.3993749999999991473487 6.11410714285714274041084 
66.01171875 21.875 6.25 

64.2421875 21.1031249999999985789145 6.02946428571428505449603 
64.2421875 21.5180555555555521607403 6.14801587301587293410421 
66.01171875 21.386249999999996873612 6.11035714285714259830229 
66.01171875 21.8326388888888871520066 6.2378968253968247736907 

64.2421875 21.2604166666666642981909 6.07440476190476186246769 
64.2421875 20.8331249999999990052402 5.95232142857142854097674 
66.01171875 21.5749999999999992894573 6.16428571428571370205418 
66.01171875 21.1162499999999972999376 6.03321428571428519660458 

64.2421875 20.8199999999999967315034 5.94857142857142839886819 
64.2421875 21.2034722222222207221876 6.0581349206349202063393 
66.01171875 21.1031249999999985789145 6.02946428571428505449603 
66.01171875 21.5180555555555521607403 6.14801587301587293410421 

64.2421875 20.9458333333333328596382 5.98452380952380913470279 
64.2421875 20.5499999999999971578291 5.87142857142857099717048 
66.01171875 21.2604166666666642981909 6.07440476190476186246769 
66.01171875 20.8331249999999990052402 5.95232142857142854097674 

64.2421875 20.536874999999998436806 5.86767857142857085506193 
64.2421875 20.8888888888888857309212 5.9682539682539674785744 
66.01171875 20.8199999999999967315034 5.94857142857142839886819 
66.01171875 21.2034722222222207221876 6.0581349206349202063393 

64.2421875 20.6312499999999978683718 5.89464285714285640693788 
64.2421875 20.2668749999999988631316 5.79053571428571345336422 
66.01171875 20.9458333333333328596382 5.98452380952380913470279 
66.01171875 20.5499999999999971578291 5.87142857142857099717048 

64.2421875 20.2537499999999965893949 5.7867857142857141994341 
64.2421875 20.5743055555555542923685 5.87837301587301563898791 
66.01171875 20.536874999999998436806 5.86767857142857085506193 
66.01171875 20.8888888888888857309212 5.9682539682539674785744 

64.2421875 20.3166666666666664298191 5.80476190476190456735139 
64.2421875 20.1224999999999987210231 5.74928571428571366652704 
66.01171875 20.6312499999999978683718 5.89464285714285640693788 
66.01171875 20.4056249999999970157205 5.8301785714285712103333 

66.01171875 22.3897727272727244951511 6.39707792207792191874205 
66.01171875 22.5931249999999970157205 6.4551785714285712103333 
67.78125 22.6471590909090885190835 6.47061688311688243402386 
67.78125 22.8762499999999988631316 6.53607142857142786596114 

66.01171875 22.1323863636363604712187 6.32353896103896051528181 
66.01171875 22.4412499999999965893949 6.4117857142857141994341 
67.78125 22.3897727272727244951511 6.39707792207792191874205 
67.78125 22.724374999999998436806 6.49267857142857085506193 

66.01171875 21.875 6.25 
67.78125 21.875 6.25 
67.78125 22.1581249999999982946974 6.33089285714285665562784 

66.01171875 21.875 6.25 
66.01171875 22.1581249999999982946974 6.33089285714285665562784 
67.78125 22.1323863636363604712187 6.32353896103896051528181 
67.78125 22.4412499999999965893949 6.4117857142857141994341 

64.2421875 22.1323863636363604712187 6.32353896103896051528181 
64.2421875 22.3099999999999987210231 6.37428571428571366652704 
66.01171875 22.3897727272727244951511 6.39707792207792191874205 
66.01171875 22.5931249999999970157205 6.4551785714285712103333 

64.2421875 21.875 6.25 
66.01171875 21.875 6.25 
66.01171875 22.1581249999999982946974 6.33089285714285665562784 

64.2421875 21.875 6.25 
64.2421875 22.1581249999999982946974 6.33089285714285665562784 
66.01171875 22.1323863636363604712187 6.32353896103896051528181 
66.01171875 22.4412499999999965893949 6.4117857142857141994341 

80.16796875 24.5343749999999971578291 7.00982142857142775937973 
80.16796875 24.7857954545454539641014 7.08165584415584348221273 
81.9375 24.7703124999999992894573 7.07723214285714252724802 
81.9375 25.0431818181818179880338 7.15519480519480488567297 

80.16796875 24.2984374999999985789145 6.94241071428571387968987 
80.16796875 24.5772727272727244951511 7.02207792207792191874205 
81.9375 24.5343749999999971578291 7.00982142857142775937973 
81.9375 24.8346590909090885190835 7.09561688311688243402386 

80.16796875 24.0625 6.875 
81.9375 24.0625 6.875 
81.9375 24.3198863636363604712187 6.94853896103896051528181 

80.16796875 24.0625 6.875 
80.16796875 24.3198863636363604712187 6.94853896103896051528181 
81.9375 24.2984374999999985789145 6.94241071428571387968987 
81.9375 24.5772727272727244951511 7.02207792207792191874205 

73.08984375 21.5381249999999972999376 6.1537499999999996092015 
73.08984375 21.875 6.25 
74.859375 21.8212499999999991473487 6.23464285714285626482933 
74.859375 21.875 6.25 

69.55078125 21.3993749999999991473487 6.11410714285714274041084 
69.55078125 21.875 6.25 
71.3203125 21.6824999999999974420462 6.19499999999999939603867 
71.3203125 21.875 6.25 

69.55078125 21.386249999999996873612 6.11035714285714259830229 
69.55078125 21.8326388888888871520066 6.2378968253968247736907 
69.7890625 21.875 6.25 
71.3203125 21.6693749999999987210231 6.19124999999999925393013 
71.3203125 21.875 6.25 

69.55078125 21.5749999999999992894573 6.16428571428571370205418 
69.55078125 21.1162499999999972999376 6.03321428571428519660458 
71.23828125 21.875 6.25 
71.3203125 21.3993749999999991473487 6.11410714285714274041084 
71.3203125 21.875 6.25 

69.55078125 21.1031249999999985789145 6.02946428571428505449603 
69.55078125 21.5180555555555521607403 6.14801587301587293410421 
71.3203125 21.386249999999996873612 6.11035714285714259830229 
71.3203125 21.8326388888888871520066 6.2378968253968247736907 

69.55078125 21.2604166666666642981909 6.07440476190476186246769 
69.55078125 20.9718749999999971578291 5.9919642857142854097674 
71.3203125 21.5749999999999992894573 6.16428571428571370205418 
71.3203125 21.2549999999999990052402 6.07285714285714206539524 

67.78125 21.3993749999999991473487 6.11410714285714274041084 
67.78125 21.875 6.25 
69.55078125 21.6824999999999974420462 6.19499999999999939603867 
69.55078125 21.875 6.25 

67.78125 21.386249999999996873612 6.11035714285714259830229 
67.78125 21.8326388888888871520066 6.2378968253968247736907 
68.01953125 21.875 6.25 
69.55078125 21.6693749999999987210231 6.19124999999999925393013 
69.55078125 21.875 6.25 

67.78125 21.5749999999999992894573 6.16428571428571370205418 
67.78125 21.1162499999999972999376 6.03321428571428519660458 
69.46875 21.875 6.25 
69.55078125 21.3993749999999991473487 6.11410714285714274041084 
69.55078125 21.875 6.25 

67.78125 21.1031249999999985789145 6.02946428571428505449603 
67.78125 21.5180555555555521607403 6.14801587301587293410421 
69.55078125 21.386249999999996873612 6.11035714285714259830229 
69.55078125 21.8326388888888871520066 6.2378968253968247736907 

67.78125 21.2604166666666642981909 6.07440476190476186246769 
67.78125 20.8331249999999990052402 5.95232142857142854097674 
69.55078125 21.5749999999999992894573 6.16428571428571370205418 
69.55078125 21.1162499999999972999376 6.03321428571428519660458 

67.78125 20.8199999999999967315034 5.94857142857142839886819 
67.78125 21.2034722222222207221876 6.0581349206349202063393 
69.55078125 21.1031249999999985789145 6.02946428571428505449603 
69.55078125 21.5180555555555521607403 6.14801587301587293410421 

67.78125 20.9458333333333328596382 5.98452380952380913470279 
67.78125 20.6887499999999988631316 5.91107142857142786596114 
69.55078125 21.2604166666666642981909 6.07440476190476186246769 
69.55078125 20.9718749999999971578291 5.9919642857142854097674 

69.55078125 22.9045454545454525430159 6.5441558441558438374841 
69.55078125 23.1593749999999971578291 6.6169642857142854097674 
71.3203125 23.1619318181818165669483 6.61769480519480435276591 
71.3203125 23.4424999999999990052402 6.69785714285714206539524 

69.55078125 22.6471590909090885190835 6.47061688311688243402386 
69.55078125 23.0074999999999967315034 6.57357142857142839886819 
71.3203125 22.9045454545454525430159 6.5441558441558438374841 
71.3203125 23.2906249999999985789145 6.65446428571428505449603 

69.55078125 22.3897727272727244951511 6.39707792207792191874205 
69.55078125 22.724374999999998436806 6.49267857142857085506193 
71.3203125 22.6471590909090885190835 6.47061688311688243402386 
71.3203125 23.0074999999999967315034 6.57357142857142839886819 

69.55078125 22.1323863636363604712187 6.32353896103896051528181 
69.55078125 22.4412499999999965893949 6.4117857142857141994341 
71.3203125 22.3897727272727244951511 6.39707792207792191874205 
71.3203125 22.724374999999998436806 6.49267857142857085506193 

69.55078125 21.875 6.25 
71.3203125 21.875 6.25 
71.3203125 22.1581249999999982946974 6.33089285714285665562784 

69.55078125 21.875 6.25 
69.55078125 22.1581249999999982946974 6.33089285714285665562784 
71.3203125 22.1323863636363604712187 6.32353896103896051528181 
71.3203125 22.4412499999999965893949 6.4117857142857141994341 

67.78125 22.6471590909090885190835 6.47061688311688243402386 
67.78125 22.8762499999999988631316 6.53607142857142786596114 
69.55078125 22.9045454545454525430159 6.5441558441558438374841 
69.55078125 23.1593749999999971578291 6.6169642857142854097674 

67.78125 22.3897727272727244951511 6.39707792207792191874205 
67.78125 22.724374999999998436806 6.49267857142857085506193 
69.55078125 22.6471590909090885190835 6.47061688311688243402386 
69.55078125 23.0074999999999967315034 6.57357142857142839886819 

67.78125 22.1323863636363604712187 6.32353896103896051528181 
67.78125 22.4412499999999965893949 6.4117857142857141994341 
69.55078125 22.3897727272727244951511 6.39707792207792191874205 
69.55078125 22.724374999999998436806 6.49267857142857085506193 

67.78125 21.875 6.25 
69.55078125 21.875 6.25 
69.55078125 22.1581249999999982946974 6.33089285714285665562784 

67.78125 21.875 6.25 
67.78125 22.1581249999999982946974 6.33089285714285665562784 
69.55078125 22.1323863636363604712187 6.32353896103896051528181 
69.55078125 22.4412499999999965893949 6.4117857142857141994341 

71.3203125 21.3993749999999991473487 6.11410714285714274041084 
71.3203125 21.875 6.25 
73.08984375 21.6824999999999974420462 6.19499999999999939603867 
73.08984375 21.875 6.25 

71.3203125 21.386249999999996873612 6.11035714285714259830229 
71.3203125 21.8326388888888871520066 6.2378968253968247736907 
71.55859375 21.875 6.25 
73.08984375 21.6693749999999987210231 6.19124999999999925393013 
73.08984375 21.875 6.25 

71.3203125 21.5749999999999992894573 6.16428571428571370205418 
71.3203125 21.2549999999999990052402 6.07285714285714206539524 
73.0078125 21.875 6.25 
73.08984375 21.5381249999999972999376 6.1537499999999996092015 
73.08984375 21.875 6.25 

73.08984375 23.4193181818181805908807 6.69123376623376575622615 
73.08984375 23.7256249999999972999376 6.7787499999999996092015 
74.859375 23.6767045454545446148131 6.76477272727272715968638 
74.859375 24.0087499999999991473487 6.85964285714285626482933 

73.08984375 23.1619318181818165669483 6.61769480519480435276591 
73.08984375 23.573749999999996873612 6.73535714285714259830229 
74.859375 23.4193181818181805908807 6.69123376623376575622615 
74.859375 23.8568749999999987210231 6.81624999999999925393013 

73.08984375 22.9045454545454525430159 6.5441558441558438374841 
73.08984375 23.2906249999999985789145 6.65446428571428505449603 
74.859375 23.1619318181818165669483 6.61769480519480435276591 
74.859375 23.573749999999996873612 6.73535714285714259830229 

73.08984375 22.6471590909090885190835 6.47061688311688243402386 
73.08984375 23.0074999999999967315034 6.57357142857142839886819 
74.859375 22.9045454545454525430159 6.5441558441558438374841 
74.859375 23.2906249999999985789145 6.65446428571428505449603 

73.08984375 22.3897727272727244951511 6.39707792207792191874205 
73.08984375 22.724374999999998436806 6.49267857142857085506193 
74.859375 22.6471590909090885190835 6.47061688311688243402386 
74.859375 23.0074999999999967315034 6.57357142857142839886819 

73.08984375 22.1323863636363604712187 6.32353896103896051528181 
73.08984375 22.4412499999999965893949 6.4117857142857141994341 
74.859375 22.3897727272727244951511 6.39707792207792191874205 
74.859375 22.724374999999998436806 6.49267857142857085506193 

73.08984375 21.875 6.25 
74.859375 21.875 6.25 
74.859375 22.1581249999999982946974 6.33089285714285665562784 

73.08984375 21.875 6.25 
73.08984375 22.1581249999999982946974 6.33089285714285665562784 
74.859375 22.1323863636363604712187 6.32353896103896051528181 
74.859375 22.4412499999999965893949 6.4117857142857141994341 

71.3203125 23.1619318181818165669483 6.61769480519480435276591 
71.3203125 23.4424999999999990052402 6.69785714285714206539524 
73.08984375 23.4193181818181805908807 6.69123376623376575622615 
73.08984375 23.7256249999999972999376 6.7787499999999996092015 

71.3203125 22.9045454545454525430159 6.5441558441558438374841 
71.3203125 23.2906249999999985789145 6.65446428571428505449603 
73.08984375 23.1619318181818165669483 6.61769480519480435276591 
73.08984375 23.573749999999996873612 6.73535714285714259830229 

71.3203125 22.6471590909090885190835 6.47061688311688243402386 
71.3203125 23.0074999999999967315034 6.57357142857142839886819 
73.08984375 22.9045454545454525430159 6.5441558441558438374841 
73.08984375 23.2906249999999985789145 6.65446428571428505449603 

71.3203125 22.3897727272727244951511 6.39707792207792191874205 
71.3203125 22.724374999999998436806 6.49267857142857085506193 
73.08984375 22.6471590909090885190835 6.47061688311688243402386 
73.08984375 23.0074999999999967315034 6.57357142857142839886819 

71.3203125 22.1323863636363604712187 6.32353896103896051528181 
71.3203125 22.4412499999999965893949 6.4117857142857141994341 
73.08984375 22.3897727272727244951511 6.39707792207792191874205 
73.08984375 22.724374999999998436806 6.49267857142857085506193 

71.3203125 21.875 6.25 
73.08984375 21.875 6.25 
73.08984375 22.1581249999999982946974 6.33089285714285665562784 

71.3203125 21.875 6.25 
71.3203125 22.1581249999999982946974 6.33089285714285665562784 
73.08984375 22.1323863636363604712187 6.32353896103896051528181 
73.08984375 22.4412499999999965893949 6.4117857142857141994341 

74.859375 21.8212499999999991473487 6.23464285714285626482933 
74.859375 21.875 6.25 
75.1953125 21.875 6.25 

76.62890625 24.0625 6.875 
78.3984375 24.0625 6.875 
78.3984375 24.3198863636363604712187 6.94853896103896051528181 

76.62890625 24.0625 6.875 
76.62890625 24.2710227272727259162366 6.93457792207792156347068 
78.3984375 24.2984374999999985789145 6.94241071428571387968987 
78.3984375 24.528409090909089940169 7.00811688311688296693092 

76.62890625 23.6767045454545446148131 6.76477272727272715968638 
76.62890625 24.0625 6.875 
78.3984375 23.9340909090909086387455 6.8383116883116876749682 
78.3984375 24.0625 6.875 

76.62890625 23.4193181818181805908807 6.69123376623376575622615 
76.62890625 23.8568749999999987210231 6.81624999999999925393013 
78.3984375 23.6767045454545446148131 6.76477272727272715968638 
77.9140625 24.0625 6.875 
78.3984375 24.0625 6.875 

76.62890625 23.1619318181818165669483 6.61769480519480435276591 
76.62890625 23.573749999999996873612 6.73535714285714259830229 
78.3984375 23.4193181818181805908807 6.69123376623376575622615 
78.3984375 23.8568749999999987210231 6.81624999999999925393013 

76.62890625 22.9045454545454525430159 6.5441558441558438374841 
76.62890625 23.2906249999999985789145 6.65446428571428505449603 
78.3984375 23.1619318181818165669483 6.61769480519480435276591 
78.3984375 23.573749999999996873612 6.73535714285714259830229 

76.62890625 22.6471590909090885190835 6.47061688311688243402386 
76.62890625 23.0074999999999967315034 6.57357142857142839886819 
78.3984375 22.9045454545454525430159 6.5441558441558438374841 
78.3984375 23.2906249999999985789145 6.65446428571428505449603 

76.62890625 22.3897727272727244951511 6.39707792207792191874205 
76.62890625 22.724374999999998436806 6.49267857142857085506193 
78.3984375 22.6471590909090885190835 6.47061688311688243402386 
78.3984375 23.0074999999999967315034 6.57357142857142839886819 

76.62890625 22.1323863636363604712187 6.32353896103896051528181 
76.62890625 22.4412499999999965893949 6.4117857142857141994341 
78.3984375 22.3897727272727244951511 6.39707792207792191874205 
78.3984375 22.724374999999998436806 6.49267857142857085506193 

76.62890625 22.1581249999999982946974 6.33089285714285665562784 
76.62890625 22.0835227272727259162366 6.30957792207792156347068 
78.3984375 22.4412499999999965893949 6.4117857142857141994341 
78.3984375 22.340909090909089940169 6.38311688311688296693092 

74.859375 23.6767045454545446148131 6.76477272727272715968638 
74.859375 24.0087499999999991473487 6.85964285714285626482933 
75.1953125 24.0625 6.875 
76.62890625 23.9340909090909086387455 6.8383116883116876749682 
76.62890625 24.0625 6.875 

74.859375 23.4193181818181805908807 6.69123376623376575622615 
74.859375 23.8568749999999987210231 6.81624999999999925393013 
76.14453125 24.0625 6.875 
76.62890625 23.6767045454545446148131 6.76477272727272715968638 
76.62890625 24.0625 6.875 

74.859375 23.1619318181818165669483 6.61769480519480435276591 
74.859375 23.573749999999996873612 6.73535714285714259830229 
76.62890625 23.4193181818181805908807 6.69123376623376575622615 
76.62890625 23.8568749999999987210231 6.81624999999999925393013 

74.859375 22.9045454545454525430159 6.5441558441558438374841 
74.859375 23.2906249999999985789145 6.65446428571428505449603 
76.62890625 23.1619318181818165669483 6.61769480519480435276591 
76.62890625 23.573749999999996873612 6.73535714285714259830229 

74.859375 22.6471590909090885190835 6.47061688311688243402386 
74.859375 23.0074999999999967315034 6.57357142857142839886819 
76.62890625 22.9045454545454525430159 6.5441558441558438374841 
76.62890625 23.2906249999999985789145 6.65446428571428505449603 

74.859375 22.3897727272727244951511 6.39707792207792191874205 
74.859375 22.724374999999998436806 6.49267857142857085506193 
76.62890625 22.6471590909090885190835 6.47061688311688243402386 
76.62890625 23.0074999999999967315034 6.57357142857142839886819 

74.859375 22.1323863636363604712187 6.32353896103896051528181 
74.859375 22.4412499999999965893949 6.4117857142857141994341 
76.62890625 22.3897727272727244951511 6.39707792207792191874205 
76.62890625 22.724374999999998436806 6.49267857142857085506193 

74.859375 21.875 6.25 
75.1953125 21.875 6.25 
76.62890625 22.1581249999999982946974 6.33089285714285665562784 
76.62890625 22.0835227272727259162366 6.30957792207792156347068 

74.859375 21.875 6.25 
74.859375 22.1581249999999982946974 6.33089285714285665562784 
76.62890625 22.1323863636363604712187 6.32353896103896051528181 
76.62890625 22.4412499999999965893949 6.4117857142857141994341 

75.1953125 24.0625 6.875 
76.62890625 24.0625 6.875 
76.62890625 24.2710227272727259162366 6.93457792207792156347068 

80.16796875 23.6767045454545446148131 6.76477272727272715968638 
80.16796875 24.0625 6.875 
81.9375 23.9340909090909086387455 6.8383116883116876749682 
81.9375 24.0625 6.875 

80.16796875 23.4193181818181805908807 6.69123376623376575622615 
80.16796875 23.8568749999999987210231 6.81624999999999925393013 
81.9375 23.6767045454545446148131 6.76477272727272715968638 
81.453125 24.0625 6.875 
81.9375 24.0625 6.875 

80.16796875 23.1619318181818165669483 6.61769480519480435276591 
80.16796875 23.573749999999996873612 6.73535714285714259830229 
81.9375 23.4193181818181805908807 6.69123376623376575622615 
81.9375 23.8568749999999987210231 6.81624999999999925393013 

80.16796875 22.9045454545454525430159 6.5441558441558438374841 
80.16796875 23.2906249999999985789145 6.65446428571428505449603 
81.9375 23.1619318181818165669483 6.61769480519480435276591 
81.9375 23.573749999999996873612 6.73535714285714259830229 

80.16796875 22.6471590909090885190835 6.47061688311688243402386 
80.16796875 23.0074999999999967315034 6.57357142857142839886819 
81.9375 22.9045454545454525430159 6.5441558441558438374841 
81.9375 23.2906249999999985789145 6.65446428571428505449603 

80.16796875 22.724374999999998436806 6.49267857142857085506193 
80.16796875 22.5982954545454539641014 6.45665584415584348221273 
81.9375 23.0074999999999967315034 6.57357142857142839886819 
81.9375 22.8556818181818179880338 6.53019480519480488567297 

78.3984375 23.6767045454545446148131 6.76477272727272715968638 
78.3984375 24.0625 6.875 
80.16796875 23.9340909090909086387455 6.8383116883116876749682 
80.16796875 24.0625 6.875 

78.3984375 23.4193181818181805908807 6.69123376623376575622615 
78.3984375 23.8568749999999987210231 6.81624999999999925393013 
79.68359375 24.0625 6.875 
80.16796875 23.6767045454545446148131 6.76477272727272715968638 
80.16796875 24.0625 6.875 

78.3984375 23.1619318181818165669483 6.61769480519480435276591 
78.3984375 23.573749999999996873612 6.73535714285714259830229 
80.16796875 23.4193181818181805908807 6.69123376623376575622615 
80.16796875 23.8568749999999987210231 6.81624999999999925393013 

78.3984375 22.9045454545454525430159 6.5441558441558438374841 
78.3984375 23.2906249999999985789145 6.65446428571428505449603 
80.16796875 23.1619318181818165669483 6.61769480519480435276591 
80.16796875 23.573749999999996873612 6.73535714285714259830229 

78.3984375 22.6471590909090885190835 6.47061688311688243402386 
78.3984375 23.0074999999999967315034 6.57357142857142839886819 
80.16796875 22.9045454545454525430159 6.5441558441558438374841 
80.16796875 23.2906249999999985789145 6.65446428571428505449603 

78.3984375 22.3897727272727244951511 6.39707792207792191874205 
78.3984375 22.724374999999998436806 6.49267857142857085506193 
80.16796875 22.6471590909090885190835 6.47061688311688243402386 
80.16796875 23.0074999999999967315034 6.57357142857142839886819 

78.3984375 22.4412499999999965893949 6.4117857142857141994341 
78.3984375 22.340909090909089940169 6.38311688311688296693092 
80.16796875 22.724374999999998436806 6.49267857142857085506193 
80.16796875 22.5982954545454539641014 6.45665584415584348221273 

78.3984375 24.2984374999999985789145 6.94241071428571387968987 
78.3984375 24.528409090909089940169 7.00811688311688296693092 
80.16796875 24.5343749999999971578291 7.00982142857142775937973 
80.16796875 24.7857954545454539641014 7.08165584415584348221273 

78.3984375 24.0625 6.875 
80.16796875 24.0625 6.875 
80.16796875 24.3198863636363604712187 6.94853896103896051528181 

78.3984375 24.0625 6.875 
78.3984375 24.3198863636363604712187 6.94853896103896051528181 
80.16796875 24.2984374999999985789145 6.94241071428571387968987 
80.16796875 24.5772727272727244951511 7.02207792207792191874205 

94.32421875 25.9499999999999992894573 7.41428571428571370205418 
94.32421875 26.25 7.5 
96.09375 26.1859374999999978683718 7.48169642857142846992247 
96.09375 26.25 7.5 

94.32421875 25.7140624999999971578291 7.34687499999999982236432 
94.32421875 26.1215909090909086387455 7.4633116883116876749682 
96.09375 25.9499999999999992894573 7.41428571428571370205418 
95.20703125 26.25 7.5 
96.09375 26.25 7.5 

94.32421875 25.4781249999999985789145 7.27946428571428505449603 
94.32421875 25.8642045454545446148131 7.38977272727272715968638 
96.09375 25.7140624999999971578291 7.34687499999999982236432 
96.09375 26.1215909090909086387455 7.4633116883116876749682 

94.32421875 25.2421875 7.21205357142857117480617 
94.32421875 25.6068181818181805908807 7.31623376623376575622615 
96.09375 25.4781249999999985789145 7.27946428571428505449603 
96.09375 25.8642045454545446148131 7.38977272727272715968638 

94.32421875 25.0062499999999978683718 7.14464285714285640693788 
94.32421875 25.3494318181818165669483 7.24269480519480435276591 
96.09375 25.2421875 7.21205357142857117480617 
96.09375 25.6068181818181805908807 7.31623376623376575622615 

94.32421875 24.7703124999999992894573 7.07723214285714252724802 
94.32421875 25.0920454545454525430159 7.1691558441558438374841 
96.09375 25.0062499999999978683718 7.14464285714285640693788 
96.09375 25.3494318181818165669483 7.24269480519480435276591 

94.32421875 24.8346590909090885190835 7.09561688311688243402386 
94.32421875 24.6078124999999978683718 7.0308035714285708195348 
96.09375 25.0920454545454525430159 7.1691558441558438374841 
96.09375 24.84375 7.09821428571428558740308 

87.24609375 25.4781249999999985789145 7.27946428571428505449603 
87.24609375 25.8153409090909065071173 7.37581168831168820787525 
89.015625 25.7140624999999971578291 7.34687499999999982236432 
89.015625 26.0727272727272705310497 7.44935064935064872315706 

87.24609375 25.2421875 7.21205357142857117480617 
87.24609375 25.6068181818181805908807 7.31623376623376575622615 
89.015625 25.4781249999999985789145 7.27946428571428505449603 
89.015625 25.8642045454545446148131 7.38977272727272715968638 

87.24609375 25.0062499999999978683718 7.14464285714285640693788 
87.24609375 25.3494318181818165669483 7.24269480519480435276591 
89.015625 25.2421875 7.21205357142857117480617 
89.015625 25.6068181818181805908807 7.31623376623376575622615 

87.24609375 24.7703124999999992894573 7.07723214285714252724802 
87.24609375 25.0920454545454525430159 7.1691558441558438374841 
89.015625 25.0062499999999978683718 7.14464285714285640693788 
89.015625 25.3494318181818165669483 7.24269480519480435276591 

87.24609375 24.5343749999999971578291 7.00982142857142775937973 
87.24609375 24.8346590909090885190835 7.09561688311688243402386 
89.015625 24.7703124999999992894573 7.07723214285714252724802 
89.015625 25.0920454545454525430159 7.1691558441558438374841 

87.24609375 24.2984374999999985789145 6.94241071428571387968987 
87.24609375 24.5772727272727244951511 7.02207792207792191874205 
89.015625 24.5343749999999971578291 7.00982142857142775937973 
89.015625 24.8346590909090885190835 7.09561688311688243402386 

87.24609375 24.0625 6.875 
89.015625 24.0625 6.875 
89.015625 24.3198863636363604712187 6.94853896103896051528181 

87.24609375 24.0625 6.875 
87.24609375 24.3198863636363604712187 6.94853896103896051528181 
89.015625 24.2984374999999985789145 6.94241071428571387968987 
89.015625 24.5772727272727244951511 7.02207792207792191874205 

83.70703125 25.0062499999999978683718 7.14464285714285640693788 
83.70703125 25.3005681818181784592525 7.22873376623376540095478 
85.4765625 25.2421875 7.21205357142857117480617 
85.4765625 25.5579545454545424831849 7.30227272727272680441502 

83.70703125 24.7703124999999992894573 7.07723214285714252724802 
83.70703125 25.0920454545454525430159 7.1691558441558438374841 
85.4765625 25.0062499999999978683718 7.14464285714285640693788 
85.4765625 25.3494318181818165669483 7.24269480519480435276591 

83.70703125 24.5343749999999971578291 7.00982142857142775937973 
83.70703125 24.8346590909090885190835 7.09561688311688243402386 
85.4765625 24.7703124999999992894573 7.07723214285714252724802 
85.4765625 25.0920454545454525430159 7.1691558441558438374841 

83.70703125 24.2984374999999985789145 6.94241071428571387968987 
83.70703125 24.5772727272727244951511 7.02207792207792191874205 
85.4765625 24.5343749999999971578291 7.00982142857142775937973 
85.4765625 24.8346590909090885190835 7.09561688311688243402386 

83.70703125 24.0625 6.875 
85.4765625 24.0625 6.875 
85.4765625 24.3198863636363604712187 6.94853896103896051528181 

83.70703125 24.0625 6.875 
83.70703125 24.3198863636363604712187 6.94853896103896051528181 
85.4765625 24.2984374999999985789145 6.94241071428571387968987 
85.4765625 24.5772727272727244951511 7.02207792207792191874205 

83.70703125 23.6767045454545446148131 6.76477272727272715968638 
83.70703125 24.0625 6.875 
85.4765625 23.9340909090909086387455 6.8383116883116876749682 
85.4765625 24.0625 6.875 

83.70703125 23.4193181818181805908807 6.69123376623376575622615 
83.70703125 23.8568749999999987210231 6.81624999999999925393013 
85.4765625 23.6767045454545446148131 6.76477272727272715968638 
84.9921875 24.0625 6.875 
85.4765625 24.0625 6.875 

83.70703125 23.1619318181818165669483 6.61769480519480435276591 
83.70703125 23.573749999999996873612 6.73535714285714259830229 
85.4765625 23.4193181818181805908807 6.69123376623376575622615 
85.4765625 23.8568749999999987210231 6.81624999999999925393013 

83.70703125 23.2906249999999985789145 6.65446428571428505449603 
83.70703125 23.1130681818181784592525 6.60373376623376540095478 
85.4765625 23.573749999999996873612 6.73535714285714259830229 
85.4765625 23.3704545454545424831849 6.67727272727272680441502 

81.9375 23.6767045454545446148131 6.76477272727272715968638 
81.9375 24.0625 6.875 
83.70703125 23.9340909090909086387455 6.8383116883116876749682 
83.70703125 24.0625 6.875 

81.9375 23.4193181818181805908807 6.69123376623376575622615 
81.9375 23.8568749999999987210231 6.81624999999999925393013 
83.22265625 24.0625 6.875 
83.70703125 23.6767045454545446148131 6.76477272727272715968638 
83.70703125 24.0625 6.875 

81.9375 23.1619318181818165669483 6.61769480519480435276591 
81.9375 23.573749999999996873612 6.73535714285714259830229 
83.70703125 23.4193181818181805908807 6.69123376623376575622615 
83.70703125 23.8568749999999987210231 6.81624999999999925393013 

81.9375 22.9045454545454525430159 6.5441558441558438374841 
81.9375 23.2906249999999985789145 6.65446428571428505449603 
83.70703125 23.1619318181818165669483 6.61769480519480435276591 
83.70703125 23.573749999999996873612 6.73535714285714259830229 

81.9375 23.0074999999999967315034 6.57357142857142839886819 
81.9375 22.8556818181818179880338 6.53019480519480488567297 
83.70703125 23.2906249999999985789145 6.65446428571428505449603 
83.70703125 23.1130681818181784592525 6.60373376623376540095478 

81.9375 24.7703124999999992894573 7.07723214285714252724802 
81.9375 25.0431818181818179880338 7.15519480519480488567297 
83.70703125 25.0062499999999978683718 7.14464285714285640693788 
83.70703125 25.3005681818181784592525 7.22873376623376540095478 

81.9375 24.5343749999999971578291 7.00982142857142775937973 
81.9375 24.8346590909090885190835 7.09561688311688243402386 
83.70703125 24.7703124999999992894573 7.07723214285714252724802 
83.70703125 25.0920454545454525430159 7.1691558441558438374841 

81.9375 24.2984374999999985789145 6.94241071428571387968987 
81.9375 24.5772727272727244951511 7.02207792207792191874205 
83.70703125 24.5343749999999971578291 7.00982142857142775937973 
83.70703125 24.8346590909090885190835 7.09561688311688243402386 

81.9375 24.0625 6.875 
83.70703125 24.0625 6.875 
83.70703125 24.3198863636363604712187 6.94853896103896051528181 

81.9375 24.0625 6.875 
81.9375 24.3198863636363604712187 6.94853896103896051528181 
83.70703125 24.2984374999999985789145 6.94241071428571387968987 
83.70703125 24.5772727272727244951511 7.02207792207792191874205 

87.24609375 23.6767045454545446148131 6.76477272727272715968638 
87.24609375 24.0625 6.875 
89.015625 23.9340909090909086387455 6.8383116883116876749682 
89.015625 24.0625 6.875 

87.24609375 23.8568749999999987210231 6.81624999999999925393013 
87.24609375 23.6278409090909065071173 6.75081168831168820787525 
89.015625 23.8852272727272705310497 6.82435064935064872315706 
88.53125 24.0625 6.875 
89.015625 24.0625 6.875 

85.4765625 23.6767045454545446148131 6.76477272727272715968638 
85.4765625 24.0625 6.875 
87.24609375 23.9340909090909086387455 6.8383116883116876749682 
87.24609375 24.0625 6.875 

85.4765625 23.4193181818181805908807 6.69123376623376575622615 
85.4765625 23.8568749999999987210231 6.81624999999999925393013 
86.76171875 24.0625 6.875 
87.24609375 23.6767045454545446148131 6.76477272727272715968638 
87.24609375 24.0625 6.875 

85.4765625 23.573749999999996873612 6.73535714285714259830229 
85.4765625 23.3704545454545424831849 6.67727272727272680441502 
87.24609375 23.8568749999999987210231 6.81624999999999925393013 
87.24609375 23.6278409090909065071173 6.75081168831168820787525 

85.4765625 25.2421875 7.21205357142857117480617 
85.4765625 25.5579545454545424831849 7.30227272727272680441502 
87.24609375 25.4781249999999985789145 7.27946428571428505449603 
87.24609375 25.8153409090909065071173 7.37581168831168820787525 

85.4765625 25.0062499999999978683718 7.14464285714285640693788 
85.4765625 25.3494318181818165669483 7.24269480519480435276591 
87.24609375 25.2421875 7.21205357142857117480617 
87.24609375 25.6068181818181805908807 7.31623376623376575622615 

85.4765625 24.7703124999999992894573 7.07723214285714252724802 
85.4765625 25.0920454545454525430159 7.1691558441558438374841 
87.24609375 25.0062499999999978683718 7.14464285714285640693788 
87.24609375 25.3494318181818165669483 7.24269480519480435276591 

85.4765625 24.5343749999999971578291 7.00982142857142775937973 
85.4765625 24.8346590909090885190835 7.09561688311688243402386 
87.24609375 24.7703124999999992894573 7.07723214285714252724802 
87.24609375 25.0920454545454525430159 7.1691558441558438374841 

85.4765625 24.2984374999999985789145 6.94241071428571387968987 
85.4765625 24.5772727272727244951511 7.02207792207792191874205 
87.24609375 24.5343749999999971578291 7.00982142857142775937973 
87.24609375 24.8346590909090885190835 7.09561688311688243402386 

85.4765625 24.0625 6.875 
87.24609375 24.0625 6.875 
87.24609375 24.3198863636363604712187 6.94853896103896051528181 

85.4765625 24.0625 6.875 
85.4765625 24.3198863636363604712187 6.94853896103896051528181 
87.24609375 24.2984374999999985789145 6.94241071428571387968987 
87.24609375 24.5772727272727244951511 7.02207792207792191874205 

90.78515625 25.9499999999999992894573 7.41428571428571370205418 
90.78515625 26.25 7.5 
92.5546875 26.1859374999999978683718 7.48169642857142846992247 
92.5546875 26.25 7.5 

90.78515625 25.7140624999999971578291 7.34687499999999982236432 
90.78515625 26.1215909090909086387455 7.4633116883116876749682 
91.66796875 26.25 7.5 
92.5546875 25.9499999999999992894573 7.41428571428571370205418 
92.5546875 26.25 7.5 

90.78515625 25.4781249999999985789145 7.27946428571428505449603 
90.78515625 25.8642045454545446148131 7.38977272727272715968638 
92.5546875 25.7140624999999971578291 7.34687499999999982236432 
92.5546875 26.1215909090909086387455 7.4633116883116876749682 

90.78515625 25.2421875 7.21205357142857117480617 
90.78515625 25.6068181818181805908807 7.31623376623376575622615 
92.5546875 25.4781249999999985789145 7.27946428571428505449603 
92.5546875 25.8642045454545446148131 7.38977272727272715968638 

90.78515625 25.0062499999999978683718 7.14464285714285640693788 
90.78515625 25.3494318181818165669483 7.24269480519480435276591 
92.5546875 25.2421875 7.21205357142857117480617 
92.5546875 25.6068181818181805908807 7.31623376623376575622615 

90.78515625 24.7703124999999992894573 7.07723214285714252724802 
90.78515625 25.0920454545454525430159 7.1691558441558438374841 
92.5546875 25.0062499999999978683718 7.14464285714285640693788 
92.5546875 25.3494318181818165669483 7.24269480519480435276591 

90.78515625 24.5343749999999971578291 7.00982142857142775937973 
90.78515625 24.8346590909090885190835 7.09561688311688243402386 
92.5546875 24.7703124999999992894573 7.07723214285714252724802 
92.5546875 25.0920454545454525430159 7.1691558441558438374841 

90.78515625 24.2984374999999985789145 6.94241071428571387968987 
90.78515625 24.5772727272727244951511 7.02207792207792191874205 
92.5546875 24.5343749999999971578291 7.00982142857142775937973 
92.5546875 24.8346590909090885190835 7.09561688311688243402386 

90.78515625 24.3198863636363604712187 6.94853896103896051528181 
90.78515625 24.1359374999999971578291 6.89598214285714217197665 
92.5546875 24.5772727272727244951511 7.02207792207792191874205 
92.5546875 24.3718749999999992894573 6.96339285714285693984493 

89.015625 23.8852272727272705310497 6.82435064935064872315706 
89.015625 24.0625 6.875 
90.234375 24.0625 6.875 

89.015625 25.7140624999999971578291 7.34687499999999982236432 
89.015625 26.0727272727272705310497 7.44935064935064872315706 
90.234375 26.25 7.5 
90.78515625 25.9499999999999992894573 7.41428571428571370205418 
90.78515625 26.25 7.5 

89.015625 25.4781249999999985789145 7.27946428571428505449603 
89.015625 25.8642045454545446148131 7.38977272727272715968638 
90.78515625 25.7140624999999971578291 7.34687499999999982236432 
90.78515625 26.1215909090909086387455 7.4633116883116876749682 

89.015625 25.2421875 7.21205357142857117480617 
89.015625 25.6068181818181805908807 7.31623376623376575622615 
90.78515625 25.4781249999999985789145 7.27946428571428505449603 
90.78515625 25.8642045454545446148131 7.38977272727272715968638 

89.015625 25.0062499999999978683718 7.14464285714285640693788 
89.015625 25.3494318181818165669483 7.24269480519480435276591 
90.78515625 25.2421875 7.21205357142857117480617 
90.78515625 25.6068181818181805908807 7.31623376623376575622615 

89.015625 24.7703124999999992894573 7.07723214285714252724802 
89.015625 25.0920454545454525430159 7.1691558441558438374841 
90.78515625 25.0062499999999978683718 7.14464285714285640693788 
90.78515625 25.3494318181818165669483 7.24269480519480435276591 

89.015625 24.5343749999999971578291 7.00982142857142775937973 
89.015625 24.8346590909090885190835 7.09561688311688243402386 
90.78515625 24.7703124999999992894573 7.07723214285714252724802 
90.78515625 25.0920454545454525430159 7.1691558441558438374841 

89.015625 24.2984374999999985789145 6.94241071428571387968987 
89.015625 24.5772727272727244951511 7.02207792207792191874205 
90.78515625 24.5343749999999971578291 7.00982142857142775937973 
90.78515625 24.8346590909090885190835 7.09561688311688243402386 

89.015625 24.0625 6.875 
90.234375 24.0625 6.875 
90.78515625 24.3198863636363604712187 6.94853896103896051528181 
90.78515625 24.1359374999999971578291 6.89598214285714217197665 

89.015625 24.0625 6.875 
89.015625 24.3198863636363604712187 6.94853896103896051528181 
90.78515625 24.2984374999999985789145 6.94241071428571387968987 
90.78515625 24.5772727272727244951511 7.02207792207792191874205 

90.78515625 26.25 7.5 
92.5546875 26.25 7.5 
92.5546875 26.4859374999999985789145 7.56741071428571387968987 

90.78515625 26.25 7.5 
90.78515625 26.3234374999999971578291 7.52098214285714217197665 
92.5546875 26.467788461538461319833 7.56222527472527428216154 
92.5546875 26.5593749999999992894573 7.58839285714285693984493 

90.234375 26.25 7.5 
90.78515625 26.25 7.5 
90.78515625 26.3234374999999971578291 7.52098214285714217197665 

92.5546875 25.9499999999999992894573 7.41428571428571370205418 
92.5546875 26.25 7.5 
94.32421875 26.1859374999999978683718 7.48169642857142846992247 
94.32421875 26.25 7.5 

92.5546875 25.7140624999999971578291 7.34687499999999982236432 
92.5546875 26.1215909090909086387455 7.4633116883116876749682 
93.4375 26.25 7.5 
94.32421875 25.9499999999999992894573 7.41428571428571370205418 
94.32421875 26.25 7.5 

92.5546875 25.4781249999999985789145 7.27946428571428505449603 
92.5546875 25.8642045454545446148131 7.38977272727272715968638 
94.32421875 25.7140624999999971578291 7.34687499999999982236432 
94.32421875 26.1215909090909086387455 7.4633116883116876749682 

92.5546875 25.2421875 7.21205357142857117480617 
92.5546875 25.6068181818181805908807 7.31623376623376575622615 
94.32421875 25.4781249999999985789145 7.27946428571428505449603 
94.32421875 25.8642045454545446148131 7.38977272727272715968638 

92.5546875 25.0062499999999978683718 7.14464285714285640693788 
92.5546875 25.3494318181818165669483 7.24269480519480435276591 
94.32421875 25.2421875 7.21205357142857117480617 
94.32421875 25.6068181818181805908807 7.31623376623376575622615 

92.5546875 24.7703124999999992894573 7.07723214285714252724802 
92.5546875 25.0920454545454525430159 7.1691558441558438374841 
94.32421875 25.0062499999999978683718 7.14464285714285640693788 
94.32421875 25.3494318181818165669483 7.24269480519480435276591 

92.5546875 24.5343749999999971578291 7.00982142857142775937973 
92.5546875 24.8346590909090885190835 7.09561688311688243402386 
94.32421875 24.7703124999999992894573 7.07723214285714252724802 
94.32421875 25.0920454545454525430159 7.1691558441558438374841 

92.5546875 24.5772727272727244951511 7.02207792207792191874205 
92.5546875 24.3718749999999992894573 6.96339285714285693984493 
94.32421875 24.8346590909090885190835 7.09561688311688243402386 
94.32421875 24.6078124999999978683718 7.0308035714285708195348 

94.32421875 26.685576923076922639666 7.62445054945054856432307 
94.32421875 26.7953124999999978683718 7.6558035714285708195348 
96.09375 26.903365384615383959499 7.68667582417582373466303 
96.09375 27.03125 7.72321428571428558740308 

94.32421875 26.467788461538461319833 7.56222527472527428216154 
94.32421875 26.7218749999999971578291 7.63482142857142775937973 
96.09375 26.685576923076922639666 7.62445054945054856432307 
96.09375 26.9578124999999992894573 7.70223214285714252724802 

94.32421875 26.25 7.5 
96.09375 26.25 7.5 
96.09375 26.4859374999999985789145 7.56741071428571387968987 

94.32421875 26.25 7.5 
94.32421875 26.4859374999999985789145 7.56741071428571387968987 
96.09375 26.467788461538461319833 7.56222527472527428216154 
96.09375 26.7218749999999971578291 7.63482142857142775937973 

92.5546875 26.467788461538461319833 7.56222527472527428216154 
92.5546875 26.5593749999999992894573 7.58839285714285693984493 
94.32421875 26.685576923076922639666 7.62445054945054856432307 
94.32421875 26.7953124999999978683718 7.6558035714285708195348 

92.5546875 26.25 7.5 
94.32421875 26.25 7.5 
94.32421875 26.4859374999999985789145 7.56741071428571387968987 

92.5546875 26.25 7.5 
92.5546875 26.4859374999999985789145 7.56741071428571387968987 
94.32421875 26.467788461538461319833 7.56222527472527428216154 
94.32421875 26.7218749999999971578291 7.63482142857142775937973 

101.40234375 25.9499999999999992894573 7.41428571428571370205418 
101.40234375 26.25 7.5 
103.171875 26.1859374999999978683718 7.48169642857142846992247 
103.171875 26.25 7.5 

101.40234375 25.7140624999999971578291 7.34687499999999982236432 
101.40234375 26.1215909090909086387455 7.4633116883116876749682 
102.28515625 26.25 7.5 
103.171875 25.9499999999999992894573 7.41428571428571370205418 
103.171875 26.25 7.5 

101.40234375 25.8642045454545446148131 7.38977272727272715968638 
101.40234375 25.5515624999999992894573 7.3004464285714281146511 
103.171875 26.1215909090909086387455 7.4633116883116876749682 
103.171875 25.7874999999999978683718 7.36785714285714199434096 

97.86328125 25.9499999999999992894573 7.41428571428571370205418 
97.86328125 26.25 7.5 
99.6328125 26.1859374999999978683718 7.48169642857142846992247 
99.6328125 26.25 7.5 

97.86328125 25.7140624999999971578291 7.34687499999999982236432 
97.86328125 26.1215909090909086387455 7.4633116883116876749682 
98.74609375 26.25 7.5 
99.6328125 25.9499999999999992894573 7.41428571428571370205418 
99.6328125 26.25 7.5 

97.86328125 25.4781249999999985789145 7.27946428571428505449603 
97.86328125 25.8642045454545446148131 7.38977272727272715968638 
99.6328125 25.7140624999999971578291 7.34687499999999982236432 
99.6328125 26.1215909090909086387455 7.4633116883116876749682 

97.86328125 25.2421875 7.21205357142857117480617 
97.86328125 25.6068181818181805908807 7.31623376623376575622615 
99.6328125 25.4781249999999985789145 7.27946428571428505449603 
99.6328125 25.8642045454545446148131 7.38977272727272715968638 

97.86328125 25.3494318181818165669483 7.24269480519480435276591 
97.86328125 25.0796874999999985789145 7.16562499999999946709295 
99.6328125 25.6068181818181805908807 7.31623376623376575622615 
99.6328125 25.3156249999999971578291 7.23303571428571423496123 

96.09375 25.9499999999999992894573 7.41428571428571370205418 
96.09375 26.25 7.5 
97.86328125 26.1859374999999978683718 7.48169642857142846992247 
97.86328125 26.25 7.5 

96.09375 25.7140624999999971578291 7.34687499999999982236432 
96.09375 26.1215909090909086387455 7.4633116883116876749682 
96.9765625 26.25 7.5 
97.86328125 25.9499999999999992894573 7.41428571428571370205418 
97.86328125 26.25 7.5 

96.09375 25.4781249999999985789145 7.27946428571428505449603 
96.09375 25.8642045454545446148131 7.38977272727272715968638 
97.86328125 25.7140624999999971578291 7.34687499999999982236432 
97.86328125 26.1215909090909086387455 7.4633116883116876749682 

96.09375 25.2421875 7.21205357142857117480617 
96.09375 25.6068181818181805908807 7.31623376623376575622615 
97.86328125 25.4781249999999985789145 7.27946428571428505449603 
97.86328125 25.8642045454545446148131 7.38977272727272715968638 

96.09375 25.0062499999999978683718 7.14464285714285640693788 
96.09375 25.3494318181818165669483 7.24269480519480435276591 
97.86328125 25.2421875 7.21205357142857117480617 
97.86328125 25.6068181818181805908807 7.31623376623376575622615 

96.09375 25.0920454545454525430159 7.1691558441558438374841 
96.09375 24.84375 7.09821428571428558740308 
97.86328125 25.3494318181818165669483 7.24269480519480435276591 
97.86328125 25.0796874999999985789145 7.16562499999999946709295 

97.86328125 27.121153846153845279332 7.74890109890109801682456 
97.86328125 27.2671874999999985789145 7.79062499999999946709295 
99.6328125 27.338942307692306599165 7.81112637362637318716452 
99.6328125 27.5031249999999971578291 7.85803571428571423496123 

97.86328125 26.903365384615383959499 7.68667582417582373466303 
97.86328125 27.1937499999999978683718 7.76964285714285640693788 
99.6328125 27.121153846153845279332 7.74890109890109801682456 
99.6328125 27.4296875 7.83705357142857117480617 

97.86328125 26.685576923076922639666 7.62445054945054856432307 
97.86328125 26.9578124999999992894573 7.70223214285714252724802 
99.6328125 26.903365384615383959499 7.68667582417582373466303 
99.6328125 27.1937499999999978683718 7.76964285714285640693788 

97.86328125 26.467788461538461319833 7.56222527472527428216154 
97.86328125 26.7218749999999971578291 7.63482142857142775937973 
99.6328125 26.685576923076922639666 7.62445054945054856432307 
99.6328125 26.9578124999999992894573 7.70223214285714252724802 

97.86328125 26.25 7.5 
99.6328125 26.25 7.5 
99.6328125 26.4859374999999985789145 7.56741071428571387968987 

97.86328125 26.25 7.5 
97.86328125 26.4859374999999985789145 7.56741071428571387968987 
99.6328125 26.467788461538461319833 7.56222527472527428216154 
99.6328125 26.7218749999999971578291 7.63482142857142775937973 

96.09375 26.903365384615383959499 7.68667582417582373466303 
96.09375 27.03125 7.72321428571428558740308 
97.86328125 27.121153846153845279332 7.74890109890109801682456 
97.86328125 27.2671874999999985789145 7.79062499999999946709295 

96.09375 26.685576923076922639666 7.62445054945054856432307 
96.09375 26.9578124999999992894573 7.70223214285714252724802 
97.86328125 26.903365384615383959499 7.68667582417582373466303 
97.86328125 27.1937499999999978683718 7.76964285714285640693788 

96.09375 26.467788461538461319833 7.56222527472527428216154 
96.09375 26.7218749999999971578291 7.63482142857142775937973 
97.86328125 26.685576923076922639666 7.62445054945054856432307 
97.86328125 26.9578124999999992894573 7.70223214285714252724802 

96.09375 26.25 7.5 
97.86328125 26.25 7.5 
97.86328125 26.4859374999999985789145 7.56741071428571387968987 

96.09375 26.25 7.5 
96.09375 26.4859374999999985789145 7.56741071428571387968987 
97.86328125 26.467788461538461319833 7.56222527472527428216154 
97.86328125 26.7218749999999971578291 7.63482142857142775937973 

99.6328125 25.9499999999999992894573 7.41428571428571370205418 
99.6328125 26.25 7.5 
101.40234375 26.1859374999999978683718 7.48169642857142846992247 
101.40234375 26.25 7.5 

99.6328125 25.7140624999999971578291 7.34687499999999982236432 
99.6328125 26.1215909090909086387455 7.4633116883116876749682 
100.515625 26.25 7.5 
101.40234375 25.9499999999999992894573 7.41428571428571370205418 
101.40234375 26.25 7.5 

99.6328125 25.4781249999999985789145 7.27946428571428505449603 
99.6328125 25.8642045454545446148131 7.38977272727272715968638 
101.40234375 25.7140624999999971578291 7.34687499999999982236432 
101.40234375 26.1215909090909086387455 7.4633116883116876749682 

99.6328125 25.6068181818181805908807 7.31623376623376575622615 
99.6328125 25.3156249999999971578291 7.23303571428571423496123 
101.40234375 25.8642045454545446148131 7.38977272727272715968638 
101.40234375 25.5515624999999992894573 7.3004464285714281146511 

101.40234375 27.556730769230767918998 7.87335164835164746932605 
101.40234375 27.7390624999999992894573 7.9254464285714281146511 
103.171875 27.774519230769229238831 7.93557692307692263966601 
103.171875 27.9749999999999978683718 7.99285714285714199434096 

101.40234375 27.338942307692306599165 7.81112637362637318716452 
101.40234375 27.6656249999999985789145 7.90446428571428505449603 
103.171875 27.556730769230767918998 7.87335164835164746932605 
103.171875 27.9015624999999971578291 7.97187499999999982236432 

101.40234375 27.121153846153845279332 7.74890109890109801682456 
101.40234375 27.4296875 7.83705357142857117480617 
103.171875 27.338942307692306599165 7.81112637362637318716452 
103.171875 27.6656249999999985789145 7.90446428571428505449603 

101.40234375 26.903365384615383959499 7.68667582417582373466303 
101.40234375 27.1937499999999978683718 7.76964285714285640693788 
103.171875 27.121153846153845279332 7.74890109890109801682456 
103.171875 27.4296875 7.83705357142857117480617 

101.40234375 26.685576923076922639666 7.62445054945054856432307 
101.40234375 26.9578124999999992894573 7.70223214285714252724802 
103.171875 26.903365384615383959499 7.68667582417582373466303 
103.171875 27.1937499999999978683718 7.76964285714285640693788 

101.40234375 26.467788461538461319833 7.56222527472527428216154 
101.40234375 26.7218749999999971578291 7.63482142857142775937973 
103.171875 26.685576923076922639666 7.62445054945054856432307 
103.171875 26.9578124999999992894573 7.70223214285714252724802 

101.40234375 26.25 7.5 
103.171875 26.25 7.5 
103.171875 26.4859374999999985789145 7.56741071428571387968987 

101.40234375 26.25 7.5 
101.40234375 26.4859374999999985789145 7.56741071428571387968987 
103.171875 26.467788461538461319833 7.56222527472527428216154 
103.171875 26.7218749999999971578291 7.63482142857142775937973 

99.6328125 27.338942307692306599165 7.81112637362637318716452 
99.6328125 27.5031249999999971578291 7.85803571428571423496123 
101.40234375 27.556730769230767918998 7.87335164835164746932605 
101.40234375 27.7390624999999992894573 7.9254464285714281146511 

99.6328125 27.121153846153845279332 7.74890109890109801682456 
99.6328125 27.4296875 7.83705357142857117480617 
101.40234375 27.338942307692306599165 7.81112637362637318716452 
101.40234375 27.6656249999999985789145 7.90446428571428505449603 

99.6328125 26.903365384615383959499 7.68667582417582373466303 
99.6328125 27.1937499999999978683718 7.76964285714285640693788 
101.40234375 27.121153846153845279332 7.74890109890109801682456 
101.40234375 27.4296875 7.83705357142857117480617 

99.6328125 26.685576923076922639666 7.62445054945054856432307 
99.6328125 26.9578124999999992894573 7.70223214285714252724802 
101.40234375 26.903365384615383959499 7.68667582417582373466303 
101.40234375 27.1937499999999978683718 7.76964285714285640693788 

99.6328125 26.467788461538461319833 7.56222527472527428216154 
99.6328125 26.7218749999999971578291 7.63482142857142775937973 
101.40234375 26.685576923076922639666 7.62445054945054856432307 
101.40234375 26.9578124999999992894573 7.70223214285714252724802 

99.6328125 26.25 7.5 
101.40234375 26.25 7.5 
101.40234375 26.4859374999999985789145 7.56741071428571387968987 

99.6328125 26.25 7.5 
99.6328125 26.4859374999999985789145 7.56741071428571387968987 
101.40234375 26.467788461538461319833 7.56222527472527428216154 
101.40234375 26.7218749999999971578291 7.63482142857142775937973 

108.48046875 28.6397321428571416390696 8.18278061224489761116274 
108.48046875 28.6639423076923058886223 8.18969780219780218999404 
110.25 28.8419642857142832781392 8.24056122448979522232548 
110.25 28.8817307692307672084553 8.25192307692307558397715 

108.48046875 28.4375 8.125 
110.25 28.4375 8.125 
110.25 28.655288461538461319833 8.18722527472527339398312 

108.48046875 28.4375 8.125 
108.48046875 28.655288461538461319833 8.18722527472527339398312 
110.25 28.6397321428571416390696 8.18278061224489761116274 
110.25 28.873076923076922639666 8.24945054945054856432307 

106.640625 28.4375 8.125 
106.7109375 28.4375 8.125 
106.7109375 28.4461538461538445687893 8.12747252747252701965408 

104.94140625 27.992307692307690558664 7.99780219780219692182754 
104.94140625 28.2109375 8.06026785714285587403083 
106.7109375 28.210096153846151878497 8.06002747252747120398908 
106.640625 28.4375 8.125 
106.7109375 28.4375 8.125 

104.94140625 27.774519230769229238831 7.93557692307692263966601 
104.94140625 28.1374999999999992894573 8.03928571428571281387576 
106.7109375 27.992307692307690558664 7.99780219780219692182754 
106.7109375 28.3734374999999978683718 8.10669642857142846992247 

104.94140625 27.556730769230767918998 7.87335164835164746932605 
104.94140625 27.9015624999999971578291 7.97187499999999982236432 
106.7109375 27.774519230769229238831 7.93557692307692263966601 
106.7109375 28.1374999999999992894573 8.03928571428571281387576 

104.94140625 27.338942307692306599165 7.81112637362637318716452 
104.94140625 27.6656249999999985789145 7.90446428571428505449603 
106.7109375 27.556730769230767918998 7.87335164835164746932605 
106.7109375 27.9015624999999971578291 7.97187499999999982236432 

104.94140625 27.121153846153845279332 7.74890109890109801682456 
104.94140625 27.4296875 7.83705357142857117480617 
106.7109375 27.338942307692306599165 7.81112637362637318716452 
106.7109375 27.6656249999999985789145 7.90446428571428505449603 

104.94140625 26.903365384615383959499 7.68667582417582373466303 
104.94140625 27.1937499999999978683718 7.76964285714285640693788 
106.7109375 27.121153846153845279332 7.74890109890109801682456 
106.7109375 27.4296875 7.83705357142857117480617 

104.94140625 26.685576923076922639666 7.62445054945054856432307 
104.94140625 26.9578124999999992894573 7.70223214285714252724802 
106.7109375 26.903365384615383959499 7.68667582417582373466303 
106.7109375 27.1937499999999978683718 7.76964285714285640693788 

104.94140625 26.467788461538461319833 7.56222527472527428216154 
104.94140625 26.7218749999999971578291 7.63482142857142775937973 
106.7109375 26.685576923076922639666 7.62445054945054856432307 
106.7109375 26.9578124999999992894573 7.70223214285714252724802 

104.94140625 26.25 7.5 
106.640625 26.25 7.5 
106.7109375 26.4859374999999985789145 7.56741071428571387968987 
106.7109375 26.2586538461538445687893 7.50247252747252701965408 

104.94140625 26.25 7.5 
104.94140625 26.4859374999999985789145 7.56741071428571387968987 
106.7109375 26.467788461538461319833 7.56222527472527428216154 
106.7109375 26.7218749999999971578291 7.63482142857142775937973 

103.171875 27.774519230769229238831 7.93557692307692263966601 
103.171875 27.9749999999999978683718 7.99285714285714199434096 
104.94140625 27.992307692307690558664 7.99780219780219692182754 
104.94140625 28.2109375 8.06026785714285587403083 

103.171875 27.556730769230767918998 7.87335164835164746932605 
103.171875 27.9015624999999971578291 7.97187499999999982236432 
104.94140625 27.774519230769229238831 7.93557692307692263966601 
104.94140625 28.1374999999999992894573 8.03928571428571281387576 

103.171875 27.338942307692306599165 7.81112637362637318716452 
103.171875 27.6656249999999985789145 7.90446428571428505449603 
104.94140625 27.556730769230767918998 7.87335164835164746932605 
104.94140625 27.9015624999999971578291 7.97187499999999982236432 

103.171875 27.121153846153845279332 7.74890109890109801682456 
103.171875 27.4296875 7.83705357142857117480617 
104.94140625 27.338942307692306599165 7.81112637362637318716452 
104.94140625 27.6656249999999985789145 7.90446428571428505449603 

103.171875 26.903365384615383959499 7.68667582417582373466303 
103.171875 27.1937499999999978683718 7.76964285714285640693788 
104.94140625 27.121153846153845279332 7.74890109890109801682456 
104.94140625 27.4296875 7.83705357142857117480617 

103.171875 26.685576923076922639666 7.62445054945054856432307 
103.171875 26.9578124999999992894573 7.70223214285714252724802 
104.94140625 26.903365384615383959499 7.68667582417582373466303 
104.94140625 27.1937499999999978683718 7.76964285714285640693788 

103.171875 26.467788461538461319833 7.56222527472527428216154 
103.171875 26.7218749999999971578291 7.63482142857142775937973 
104.94140625 26.685576923076922639666 7.62445054945054856432307 
104.94140625 26.9578124999999992894573 7.70223214285714252724802 

103.171875 26.25 7.5 
104.94140625 26.25 7.5 
104.94140625 26.4859374999999985789145 7.56741071428571387968987 

103.171875 26.25 7.5 
103.171875 26.4859374999999985789145 7.56741071428571387968987 
104.94140625 26.467788461538461319833 7.56222527472527428216154 
104.94140625 26.7218749999999971578291 7.63482142857142775937973 

104.94140625 26.0234375 7.43526785714285676220925 
104.94140625 26.25 7.5 
106.640625 26.25 7.5 

103.171875 25.9499999999999992894573 7.41428571428571370205418 
103.171875 26.25 7.5 
104.94140625 26.1859374999999978683718 7.48169642857142846992247 
104.94140625 26.25 7.5 

103.171875 26.1215909090909086387455 7.4633116883116876749682 
103.171875 25.7874999999999978683718 7.36785714285714199434096 
104.0546875 26.25 7.5 
104.94140625 26.0234375 7.43526785714285676220925 
104.94140625 26.25 7.5 

108.48046875 28.210096153846151878497 8.06002747252747120398908 
108.48046875 28.4375 8.125 
110.25 28.42788461538461319833 8.12225274725274637432904 
110.25 28.4375 8.125 

108.48046875 27.992307692307690558664 7.99780219780219692182754 
108.48046875 28.3734374999999978683718 8.10669642857142846992247 
110.25 28.210096153846151878497 8.06002747252747120398908 
108.9609375 28.4375 8.125 
110.25 28.4375 8.125 

108.48046875 27.774519230769229238831 7.93557692307692263966601 
108.48046875 28.1374999999999992894573 8.03928571428571281387576 
110.25 27.992307692307690558664 7.99780219780219692182754 
110.25 28.3734374999999978683718 8.10669642857142846992247 

108.48046875 27.556730769230767918998 7.87335164835164746932605 
108.48046875 27.9015624999999971578291 7.97187499999999982236432 
110.25 27.774519230769229238831 7.93557692307692263966601 
110.25 28.1374999999999992894573 8.03928571428571281387576 

108.48046875 27.338942307692306599165 7.81112637362637318716452 
108.48046875 27.6656249999999985789145 7.90446428571428505449603 
110.25 27.556730769230767918998 7.87335164835164746932605 
110.25 27.9015624999999971578291 7.97187499999999982236432 

108.48046875 27.121153846153845279332 7.74890109890109801682456 
108.48046875 27.4296875 7.83705357142857117480617 
110.25 27.338942307692306599165 7.81112637362637318716452 
110.25 27.6656249999999985789145 7.90446428571428505449603 

108.48046875 26.903365384615383959499 7.68667582417582373466303 
108.48046875 27.1937499999999978683718 7.76964285714285640693788 
110.25 27.121153846153845279332 7.74890109890109801682456 
110.25 27.4296875 7.83705357142857117480617 

108.48046875 26.685576923076922639666 7.62445054945054856432307 
108.48046875 26.9578124999999992894573 7.70223214285714252724802 
110.25 26.903365384615383959499 7.68667582417582373466303 
110.25 27.1937499999999978683718 7.76964285714285640693788 

108.48046875 26.7218749999999971578291 7.63482142857142775937973 
108.48046875 26.4764423076923058886223 7.56469780219780218999404 
110.25 26.9578124999999992894573 7.70223214285714252724802 
110.25 26.6942307692307672084553 7.62692307692307647215557 

106.7109375 28.210096153846151878497 8.06002747252747120398908 
106.7109375 28.4375 8.125 
108.48046875 28.42788461538461319833 8.12225274725274637432904 
108.48046875 28.4375 8.125 

106.7109375 27.992307692307690558664 7.99780219780219692182754 
106.7109375 28.3734374999999978683718 8.10669642857142846992247 
107.19140625 28.4375 8.125 
108.48046875 28.210096153846151878497 8.06002747252747120398908 
108.48046875 28.4375 8.125 

106.7109375 27.774519230769229238831 7.93557692307692263966601 
106.7109375 28.1374999999999992894573 8.03928571428571281387576 
108.48046875 27.992307692307690558664 7.99780219780219692182754 
108.48046875 28.3734374999999978683718 8.10669642857142846992247 

106.7109375 27.556730769230767918998 7.87335164835164746932605 
106.7109375 27.9015624999999971578291 7.97187499999999982236432 
108.48046875 27.774519230769229238831 7.93557692307692263966601 
108.48046875 28.1374999999999992894573 8.03928571428571281387576 

106.7109375 27.338942307692306599165 7.81112637362637318716452 
106.7109375 27.6656249999999985789145 7.90446428571428505449603 
108.48046875 27.556730769230767918998 7.87335164835164746932605 
108.48046875 27.9015624999999971578291 7.97187499999999982236432 

106.7109375 27.121153846153845279332 7.74890109890109801682456 
106.7109375 27.4296875 7.83705357142857117480617 
108.48046875 27.338942307692306599165 7.81112637362637318716452 
108.48046875 27.6656249999999985789145 7.90446428571428505449603 

106.7109375 26.903365384615383959499 7.68667582417582373466303 
106.7109375 27.1937499999999978683718 7.76964285714285640693788 
108.48046875 27.121153846153845279332 7.74890109890109801682456 
108.48046875 27.4296875 7.83705357142857117480617 

106.7109375 26.685576923076922639666 7.62445054945054856432307 
106.7109375 26.9578124999999992894573 7.70223214285714252724802 
108.48046875 26.903365384615383959499 7.68667582417582373466303 
108.48046875 27.1937499999999978683718 7.76964285714285640693788 

106.7109375 26.467788461538461319833 7.56222527472527428216154 
106.7109375 26.7218749999999971578291 7.63482142857142775937973 
108.48046875 26.685576923076922639666 7.62445054945054856432307 
108.48046875 26.9578124999999992894573 7.70223214285714252724802 

106.7109375 26.4859374999999985789145 7.56741071428571387968987 
106.7109375 26.2586538461538445687893 7.50247252747252701965408 
108.48046875 26.7218749999999971578291 7.63482142857142775937973 
108.48046875 26.4764423076923058886223 7.56469780219780218999404 

106.7109375 28.4375 8.125 
108.48046875 28.4375 8.125 
108.48046875 28.655288461538461319833 8.18722527472527339398312 

106.7109375 28.4375 8.125 
106.7109375 28.4461538461538445687893 8.12747252747252701965408 
108.48046875 28.6397321428571416390696 8.18278061224489761116274 
108.48046875 28.6639423076923058886223 8.18969780219780218999404 

115.55859375 29.4486607142857117480617 8.41390306122448805581371 
115.55859375 29.5350961538461511679543 8.43859890109890109499702 
117.3046875 29.75 8.5 
117.328125 29.6508928571428569398449 8.47168367346938744333329 
117.328125 29.75 8.5 

115.55859375 29.2464285714285701089921 8.35612244897959044465097 
115.55859375 29.526442307692306599165 8.4361263736263722989861 
117.328125 29.4486607142857117480617 8.41390306122448805581371 
117.328125 29.744230769230767918998 8.49835164835164746932605 

115.55859375 29.0441964285714284699225 8.29834183673469283348823 
115.55859375 29.308653846153845279332 8.37390109890109712864614 
117.328125 29.2464285714285701089921 8.35612244897959044465097 
117.328125 29.526442307692306599165 8.4361263736263722989861 

115.55859375 28.8419642857142832781392 8.24056122448979522232548 
115.55859375 29.090865384615383959499 8.31167582417582373466303 
117.328125 29.0441964285714284699225 8.29834183673469283348823 
117.328125 29.308653846153845279332 8.37390109890109712864614 

115.55859375 28.6397321428571416390696 8.18278061224489761116274 
115.55859375 28.873076923076922639666 8.24945054945054856432307 
117.328125 28.8419642857142832781392 8.24056122448979522232548 
117.328125 29.090865384615383959499 8.31167582417582373466303 

115.55859375 28.4375 8.125 
117.328125 28.4375 8.125 
117.328125 28.655288461538461319833 8.18722527472527339398312 

115.55859375 28.4375 8.125 
115.55859375 28.655288461538461319833 8.18722527472527339398312 
117.328125 28.6397321428571416390696 8.18278061224489761116274 
117.328125 28.873076923076922639666 8.24945054945054856432307 

112.01953125 29.0441964285714284699225 8.29834183673469283348823 
112.01953125 29.0995192307692285282883 8.31414835164835075431711 
113.7890625 29.2464285714285701089921 8.35612244897959044465097 
113.7890625 29.3173076923076898481213 8.37637362637362592465706 

112.01953125 28.8419642857142832781392 8.24056122448979522232548 
112.01953125 29.090865384615383959499 8.31167582417582373466303 
113.7890625 29.0441964285714284699225 8.29834183673469283348823 
113.7890625 29.308653846153845279332 8.37390109890109712864614 

112.01953125 28.6397321428571416390696 8.18278061224489761116274 
112.01953125 28.873076923076922639666 8.24945054945054856432307 
113.7890625 28.8419642857142832781392 8.24056122448979522232548 
113.7890625 29.090865384615383959499 8.31167582417582373466303 

112.01953125 28.4375 8.125 
113.7890625 28.4375 8.125 
113.7890625 28.655288461538461319833 8.18722527472527339398312 

112.01953125 28.4375 8.125 
112.01953125 28.655288461538461319833 8.18722527472527339398312 
113.7890625 28.6397321428571416390696 8.18278061224489761116274 
113.7890625 28.873076923076922639666 8.24945054945054856432307 

112.01953125 28.210096153846151878497 8.06002747252747120398908 
112.01953125 28.4375 8.125 
113.7890625 28.42788461538461319833 8.12225274725274637432904 
113.7890625 28.4375 8.125 

112.01953125 27.992307692307690558664 7.99780219780219692182754 
112.01953125 28.3734374999999978683718 8.10669642857142846992247 
113.7890625 28.210096153846151878497 8.06002747252747120398908 
112.5 28.4375 8.125 
113.7890625 28.4375 8.125 

112.01953125 27.774519230769229238831 7.93557692307692263966601 
112.01953125 28.1374999999999992894573 8.03928571428571281387576 
113.7890625 27.992307692307690558664 7.99780219780219692182754 
113.7890625 28.3734374999999978683718 8.10669642857142846992247 

112.01953125 27.556730769230767918998 7.87335164835164746932605 
112.01953125 27.9015624999999971578291 7.97187499999999982236432 
113.7890625 27.774519230769229238831 7.93557692307692263966601 
113.7890625 28.1374999999999992894573 8.03928571428571281387576 

112.01953125 27.338942307692306599165 7.81112637362637318716452 
112.01953125 27.6656249999999985789145 7.90446428571428505449603 
113.7890625 27.556730769230767918998 7.87335164835164746932605 
113.7890625 27.9015624999999971578291 7.97187499999999982236432 

112.01953125 27.121153846153845279332 7.74890109890109801682456 
112.01953125 27.4296875 7.83705357142857117480617 
113.7890625 27.338942307692306599165 7.81112637362637318716452 
113.7890625 27.6656249999999985789145 7.90446428571428505449603 

112.01953125 27.1937499999999978683718 7.76964285714285640693788 
112.01953125 26.9120192307692285282883 7.68914835164835164249553 
113.7890625 27.4296875 7.83705357142857117480617 
113.7890625 27.1298076923076898481213 7.75137362637362592465706 

110.25 28.210096153846151878497 8.06002747252747120398908 
110.25 28.4375 8.125 
112.01953125 28.42788461538461319833 8.12225274725274637432904 
112.01953125 28.4375 8.125 

110.25 27.992307692307690558664 7.99780219780219692182754 
110.25 28.3734374999999978683718 8.10669642857142846992247 
110.73046875 28.4375 8.125 
112.01953125 28.210096153846151878497 8.06002747252747120398908 
112.01953125 28.4375 8.125 

110.25 27.774519230769229238831 7.93557692307692263966601 
110.25 28.1374999999999992894573 8.03928571428571281387576 
112.01953125 27.992307692307690558664 7.99780219780219692182754 
112.01953125 28.3734374999999978683718 8.10669642857142846992247 

110.25 27.556730769230767918998 7.87335164835164746932605 
110.25 27.9015624999999971578291 7.97187499999999982236432 
112.01953125 27.774519230769229238831 7.93557692307692263966601 
112.01953125 28.1374999999999992894573 8.03928571428571281387576 

110.25 27.338942307692306599165 7.81112637362637318716452 
110.25 27.6656249999999985789145 7.90446428571428505449603 
112.01953125 27.556730769230767918998 7.87335164835164746932605 
112.01953125 27.9015624999999971578291 7.97187499999999982236432 

110.25 27.121153846153845279332 7.74890109890109801682456 
110.25 27.4296875 7.83705357142857117480617 
112.01953125 27.338942307692306599165 7.81112637362637318716452 
112.01953125 27.6656249999999985789145 7.90446428571428505449603 

110.25 26.903365384615383959499 7.68667582417582373466303 
110.25 27.1937499999999978683718 7.76964285714285640693788 
112.01953125 27.121153846153845279332 7.74890109890109801682456 
112.01953125 27.4296875 7.83705357142857117480617 

110.25 26.9578124999999992894573 7.70223214285714252724802 
110.25 26.6942307692307672084553 7.62692307692307647215557 
112.01953125 27.1937499999999978683718 7.76964285714285640693788 
112.01953125 26.9120192307692285282883 7.68914835164835164249553 

110.25 28.8419642857142832781392 8.24056122448979522232548 
110.25 28.8817307692307672084553 8.25192307692307558397715 
112.01953125 29.0441964285714284699225 8.29834183673469283348823 
112.01953125 29.0995192307692285282883 8.31414835164835075431711 

110.25 28.6397321428571416390696 8.18278061224489761116274 
110.25 28.873076923076922639666 8.24945054945054856432307 
112.01953125 28.8419642857142832781392 8.24056122448979522232548 
112.01953125 29.090865384615383959499 8.31167582417582373466303 

110.25 28.4375 8.125 
112.01953125 28.4375 8.125 
112.01953125 28.655288461538461319833 8.18722527472527339398312 

110.25 28.4375 8.125 
110.25 28.655288461538461319833 8.18722527472527339398312 
112.01953125 28.6397321428571416390696 8.18278061224489761116274 
112.01953125 28.873076923076922639666 8.24945054945054856432307 

115.55859375 28.210096153846151878497 8.06002747252747120398908 
115.55859375 28.4375 8.125 
117.328125 28.42788461538461319833 8.12225274725274637432904 
117.328125 28.4375 8.125 

115.55859375 27.992307692307690558664 7.99780219780219692182754 
115.55859375 28.3734374999999978683718 8.10669642857142846992247 
117.328125 28.210096153846151878497 8.06002747252747120398908 
116.0390625 28.4375 8.125 
117.328125 28.4375 8.125 

115.55859375 27.774519230769229238831 7.93557692307692263966601 
115.55859375 28.1374999999999992894573 8.03928571428571281387576 
117.328125 27.992307692307690558664 7.99780219780219692182754 
117.328125 28.3734374999999978683718 8.10669642857142846992247 

115.55859375 27.556730769230767918998 7.87335164835164746932605 
115.55859375 27.9015624999999971578291 7.97187499999999982236432 
117.328125 27.774519230769229238831 7.93557692307692263966601 
117.328125 28.1374999999999992894573 8.03928571428571281387576 

115.55859375 27.6656249999999985789145 7.90446428571428505449603 
115.55859375 27.3475961538461511679543 7.81359890109890109499702 
117.328125 27.9015624999999971578291 7.97187499999999982236432 
117.328125 27.5653846153846124877873 7.87582417582417537715855 

113.7890625 28.210096153846151878497 8.06002747252747120398908 
113.7890625 28.4375 8.125 
115.55859375 28.42788461538461319833 8.12225274725274637432904 
115.55859375 28.4375 8.125 

113.7890625 27.992307692307690558664 7.99780219780219692182754 
113.7890625 28.3734374999999978683718 8.10669642857142846992247 
114.26953125 28.4375 8.125 
115.55859375 28.210096153846151878497 8.06002747252747120398908 
115.55859375 28.4375 8.125 

113.7890625 27.774519230769229238831 7.93557692307692263966601 
113.7890625 28.1374999999999992894573 8.03928571428571281387576 
115.55859375 27.992307692307690558664 7.99780219780219692182754 
115.55859375 28.3734374999999978683718 8.10669642857142846992247 

113.7890625 27.556730769230767918998 7.87335164835164746932605 
113.7890625 27.9015624999999971578291 7.97187499999999982236432 
115.55859375 27.774519230769229238831 7.93557692307692263966601 
115.55859375 28.1374999999999992894573 8.03928571428571281387576 

113.7890625 27.338942307692306599165 7.81112637362637318716452 
113.7890625 27.6656249999999985789145 7.90446428571428505449603 
115.55859375 27.556730769230767918998 7.87335164835164746932605 
115.55859375 27.9015624999999971578291 7.97187499999999982236432 

113.7890625 27.4296875 7.83705357142857117480617 
113.7890625 27.1298076923076898481213 7.75137362637362592465706 
115.55859375 27.6656249999999985789145 7.90446428571428505449603 
115.55859375 27.3475961538461511679543 7.81359890109890109499702 

113.7890625 29.2464285714285701089921 8.35612244897959044465097 
113.7890625 29.3173076923076898481213 8.37637362637362592465706 
115.55859375 29.4486607142857117480617 8.41390306122448805581371 
115.55859375 29.5350961538461511679543 8.43859890109890109499702 

113.7890625 29.0441964285714284699225 8.29834183673469283348823 
113.7890625 29.308653846153845279332 8.37390109890109712864614 
115.55859375 29.2464285714285701089921 8.35612244897959044465097 
115.55859375 29.526442307692306599165 8.4361263736263722989861 

113.7890625 28.8419642857142832781392 8.24056122448979522232548 
113.7890625 29.090865384615383959499 8.31167582417582373466303 
115.55859375 29.0441964285714284699225 8.29834183673469283348823 
115.55859375 29.308653846153845279332 8.37390109890109712864614 

113.7890625 28.6397321428571416390696 8.18278061224489761116274 
113.7890625 28.873076923076922639666 8.24945054945054856432307 
115.55859375 28.8419642857142832781392 8.24056122448979522232548 
115.55859375 29.090865384615383959499 8.31167582417582373466303 

113.7890625 28.4375 8.125 
115.55859375 28.4375 8.125 
115.55859375 28.655288461538461319833 8.18722527472527339398312 

113.7890625 28.4375 8.125 
113.7890625 28.655288461538461319833 8.18722527472527339398312 
115.55859375 28.6397321428571416390696 8.18278061224489761116274 
115.55859375 28.873076923076922639666 8.24945054945054856432307 

122.63671875 29.6508928571428569398449 8.47168367346938744333329 
122.63671875 29.75 8.5 
123.50390625 29.75 8.5 

122.63671875 29.4486607142857117480617 8.41390306122448805581371 
122.63671875 29.744230769230767918998 8.49835164835164746932605 
122.68359375 29.75 8.5 
124.40625 29.6508928571428569398449 8.47168367346938744333329 
124.40625 29.75 8.5 

122.63671875 29.2464285714285701089921 8.35612244897959044465097 
122.63671875 29.526442307692306599165 8.4361263736263722989861 
124.40625 29.4486607142857117480617 8.41390306122448805581371 
124.40625 29.744230769230767918998 8.49835164835164746932605 

122.63671875 29.0441964285714284699225 8.29834183673469283348823 
122.63671875 29.308653846153845279332 8.37390109890109712864614 
124.40625 29.2464285714285701089921 8.35612244897959044465097 
124.40625 29.526442307692306599165 8.4361263736263722989861 

122.63671875 28.8419642857142832781392 8.24056122448979522232548 
122.63671875 29.090865384615383959499 8.31167582417582373466303 
124.40625 29.0441964285714284699225 8.29834183673469283348823 
124.40625 29.308653846153845279332 8.37390109890109712864614 

122.63671875 28.6397321428571416390696 8.18278061224489761116274 
122.63671875 28.873076923076922639666 8.24945054945054856432307 
124.40625 28.8419642857142832781392 8.24056122448979522232548 
124.40625 29.090865384615383959499 8.31167582417582373466303 

122.63671875 28.4375 8.125 
124.40625 28.4375 8.125 
124.40625 28.655288461538461319833 8.18722527472527339398312 

122.63671875 28.4375 8.125 
122.63671875 28.655288461538461319833 8.18722527472527339398312 
124.40625 28.6397321428571416390696 8.18278061224489761116274 
124.40625 28.873076923076922639666 8.24945054945054856432307 

119.09765625 29.6508928571428569398449 8.47168367346938744333329 
119.09765625 29.75 8.5 
119.96484375 29.75 8.5 

119.09765625 29.4486607142857117480617 8.41390306122448805581371 
119.09765625 29.744230769230767918998 8.49835164835164746932605 
119.14453125 29.75 8.5 
120.8671875 29.6508928571428569398449 8.47168367346938744333329 
120.8671875 29.75 8.5 

119.09765625 29.2464285714285701089921 8.35612244897959044465097 
119.09765625 29.526442307692306599165 8.4361263736263722989861 
120.8671875 29.4486607142857117480617 8.41390306122448805581371 
120.8671875 29.744230769230767918998 8.49835164835164746932605 

119.09765625 29.0441964285714284699225 8.29834183673469283348823 
119.09765625 29.308653846153845279332 8.37390109890109712864614 
120.8671875 29.2464285714285701089921 8.35612244897959044465097 
120.8671875 29.526442307692306599165 8.4361263736263722989861 

119.09765625 28.8419642857142832781392 8.24056122448979522232548 
119.09765625 29.090865384615383959499 8.31167582417582373466303 
120.8671875 29.0441964285714284699225 8.29834183673469283348823 
120.8671875 29.308653846153845279332 8.37390109890109712864614 

119.09765625 28.6397321428571416390696 8.18278061224489761116274 
119.09765625 28.873076923076922639666 8.24945054945054856432307 
120.8671875 28.8419642857142832781392 8.24056122448979522232548 
120.8671875 29.090865384615383959499 8.31167582417582373466303 

119.09765625 28.4375 8.125 
120.8671875 28.4375 8.125 
120.8671875 28.655288461538461319833 8.18722527472527339398312 

119.09765625 28.4375 8.125 
119.09765625 28.655288461538461319833 8.18722527472527339398312 
120.8671875 28.6397321428571416390696 8.18278061224489761116274 
120.8671875 28.873076923076922639666 8.24945054945054856432307 

119.09765625 28.210096153846151878497 8.06002747252747120398908 
119.09765625 28.4375 8.125 
120.8671875 28.42788461538461319833 8.12225274725274637432904 
120.8671875 28.4375 8.125 

119.09765625 27.992307692307690558664 7.99780219780219692182754 
119.09765625 28.3734374999999978683718 8.10669642857142846992247 
120.8671875 28.210096153846151878497 8.06002747252747120398908 
119.578125 28.4375 8.125 
120.8671875 28.4375 8.125 

119.09765625 28.1374999999999992894573 8.03928571428571281387576 
119.09765625 27.7831730769230738076203 7.93804945054945054749851 
120.8671875 28.3734374999999978683718 8.10669642857142846992247 
120.8671875 28.0009615384615351274533 8.00027472527472482966004 

117.328125 28.210096153846151878497 8.06002747252747120398908 
117.328125 28.4375 8.125 
119.09765625 28.42788461538461319833 8.12225274725274637432904 
119.09765625 28.4375 8.125 

117.328125 27.992307692307690558664 7.99780219780219692182754 
117.328125 28.3734374999999978683718 8.10669642857142846992247 
117.80859375 28.4375 8.125 
119.09765625 28.210096153846151878497 8.06002747252747120398908 
119.09765625 28.4375 8.125 

117.328125 27.774519230769229238831 7.93557692307692263966601 
117.328125 28.1374999999999992894573 8.03928571428571281387576 
119.09765625 27.992307692307690558664 7.99780219780219692182754 
119.09765625 28.3734374999999978683718 8.10669642857142846992247 

117.328125 27.9015624999999971578291 7.97187499999999982236432 
117.328125 27.5653846153846124877873 7.87582417582417537715855 
119.09765625 28.1374999999999992894573 8.03928571428571281387576 
119.09765625 27.7831730769230738076203 7.93804945054945054749851 

117.328125 29.6508928571428569398449 8.47168367346938744333329 
117.328125 29.75 8.5 
118.1953125 29.75 8.5 

117.328125 29.4486607142857117480617 8.41390306122448805581371 
117.328125 29.744230769230767918998 8.49835164835164746932605 
117.375 29.75 8.5 
119.09765625 29.6508928571428569398449 8.47168367346938744333329 
119.09765625 29.75 8.5 

117.328125 29.2464285714285701089921 8.35612244897959044465097 
117.328125 29.526442307692306599165 8.4361263736263722989861 
119.09765625 29.4486607142857117480617 8.41390306122448805581371 
119.09765625 29.744230769230767918998 8.49835164835164746932605 

117.328125 29.0441964285714284699225 8.29834183673469283348823 
117.328125 29.308653846153845279332 8.37390109890109712864614 
119.09765625 29.2464285714285701089921 8.35612244897959044465097 
119.09765625 29.526442307692306599165 8.4361263736263722989861 

117.328125 28.8419642857142832781392 8.24056122448979522232548 
117.328125 29.090865384615383959499 8.31167582417582373466303 
119.09765625 29.0441964285714284699225 8.29834183673469283348823 
119.09765625 29.308653846153845279332 8.37390109890109712864614 

117.328125 28.6397321428571416390696 8.18278061224489761116274 
117.328125 28.873076923076922639666 8.24945054945054856432307 
119.09765625 28.8419642857142832781392 8.24056122448979522232548 
119.09765625 29.090865384615383959499 8.31167582417582373466303 

117.328125 28.4375 8.125 
119.09765625 28.4375 8.125 
119.09765625 28.655288461538461319833 8.18722527472527339398312 

117.328125 28.4375 8.125 
117.328125 28.655288461538461319833 8.18722527472527339398312 
119.09765625 28.6397321428571416390696 8.18278061224489761116274 
119.09765625 28.873076923076922639666 8.24945054945054856432307 

122.63671875 28.21875 8.0625 
122.63671875 28.4375 8.125 
124.40625 28.436538461538461319833 8.12472527472527339398312 
124.40625 28.4375 8.125 

120.8671875 28.210096153846151878497 8.06002747252747120398908 
120.8671875 28.4375 8.125 
122.63671875 28.42788461538461319833 8.12225274725274637432904 
122.63671875 28.4375 8.125 

120.8671875 28.3734374999999978683718 8.10669642857142846992247 
120.8671875 28.0009615384615351274533 8.00027472527472482966004 
121.34765625 28.4375 8.125 
122.63671875 28.21875 8.0625 
122.63671875 28.4375 8.125 

120.8671875 29.6508928571428569398449 8.47168367346938744333329 
120.8671875 29.75 8.5 
121.734375 29.75 8.5 

120.8671875 29.4486607142857117480617 8.41390306122448805581371 
120.8671875 29.744230769230767918998 8.49835164835164746932605 
120.9140625 29.75 8.5 
122.63671875 29.6508928571428569398449 8.47168367346938744333329 
122.63671875 29.75 8.5 

120.8671875 29.2464285714285701089921 8.35612244897959044465097 
120.8671875 29.526442307692306599165 8.4361263736263722989861 
122.63671875 29.4486607142857117480617 8.41390306122448805581371 
122.63671875 29.744230769230767918998 8.49835164835164746932605 

120.8671875 29.0441964285714284699225 8.29834183673469283348823 
120.8671875 29.308653846153845279332 8.37390109890109712864614 
122.63671875 29.2464285714285701089921 8.35612244897959044465097 
122.63671875 29.526442307692306599165 8.4361263736263722989861 

120.8671875 28.8419642857142832781392 8.24056122448979522232548 
120.8671875 29.090865384615383959499 8.31167582417582373466303 
122.63671875 29.0441964285714284699225 8.29834183673469283348823 
122.63671875 29.308653846153845279332 8.37390109890109712864614 

120.8671875 28.6397321428571416390696 8.18278061224489761116274 
120.8671875 28.873076923076922639666 8.24945054945054856432307 
122.63671875 28.8419642857142832781392 8.24056122448979522232548 
122.63671875 29.090865384615383959499 8.31167582417582373466303 

120.8671875 28.4375 8.125 
122.63671875 28.4375 8.125 
122.63671875 28.655288461538461319833 8.18722527472527339398312 

120.8671875 28.4375 8.125 
120.8671875 28.655288461538461319833 8.18722527472527339398312 
122.63671875 28.6397321428571416390696 8.18278061224489761116274 
122.63671875 28.873076923076922639666 8.24945054945054856432307 

129.71484375 29.6508928571428569398449 8.47168367346938744333329 
129.71484375 29.75 8.5 
130.58203125 29.75 8.5 

129.71484375 29.4486607142857117480617 8.41390306122448805581371 
129.71484375 29.744230769230767918998 8.49835164835164746932605 
129.76171875 29.75 8.5 
131.484375 29.6508928571428569398449 8.47168367346938744333329 
131.484375 29.75 8.5 

129.71484375 29.2464285714285701089921 8.35612244897959044465097 
129.71484375 29.526442307692306599165 8.4361263736263722989861 
131.484375 29.4486607142857117480617 8.41390306122448805581371 
131.484375 29.744230769230767918998 8.49835164835164746932605 

129.71484375 29.0441964285714284699225 8.29834183673469283348823 
129.71484375 29.308653846153845279332 8.37390109890109712864614 
131.484375 29.2464285714285701089921 8.35612244897959044465097 
131.484375 29.526442307692306599165 8.4361263736263722989861 

129.71484375 29.090865384615383959499 8.31167582417582373466303 
129.71484375 29.0433035714285701089921 8.29808673469387692023247 
131.484375 29.308653846153845279332 8.37390109890109712864614 
131.484375 29.2455357142857117480617 8.35586734693877453139521 

126.17578125 29.6508928571428569398449 8.47168367346938744333329 
126.17578125 29.75 8.5 
127.04296875 29.75 8.5 

126.17578125 29.4486607142857117480617 8.41390306122448805581371 
126.17578125 29.744230769230767918998 8.49835164835164746932605 
126.22265625 29.75 8.5 
127.9453125 29.6508928571428569398449 8.47168367346938744333329 
127.9453125 29.75 8.5 

126.17578125 29.2464285714285701089921 8.35612244897959044465097 
126.17578125 29.526442307692306599165 8.4361263736263722989861 
127.9453125 29.4486607142857117480617 8.41390306122448805581371 
127.9453125 29.744230769230767918998 8.49835164835164746932605 

126.17578125 29.0441964285714284699225 8.29834183673469283348823 
126.17578125 29.308653846153845279332 8.37390109890109712864614 
127.9453125 29.2464285714285701089921 8.35612244897959044465097 
127.9453125 29.526442307692306599165 8.4361263736263722989861 

126.17578125 28.8419642857142832781392 8.24056122448979522232548 
126.17578125 29.090865384615383959499 8.31167582417582373466303 
127.9453125 29.0441964285714284699225 8.29834183673469283348823 
127.9453125 29.308653846153845279332 8.37390109890109712864614 

126.17578125 28.6397321428571416390696 8.18278061224489761116274 
126.17578125 28.873076923076922639666 8.24945054945054856432307 
127.9453125 28.8419642857142832781392 8.24056122448979522232548 
127.9453125 29.090865384615383959499 8.31167582417582373466303 

126.17578125 28.655288461538461319833 8.18722527472527339398312 
126.17578125 28.6388392857142832781392 8.18252551020407992155015 
127.9453125 28.873076923076922639666 8.24945054945054856432307 
127.9453125 28.8410714285714284699225 8.24030612244897930906973 

124.40625 28.436538461538461319833 8.12472527472527339398312 
124.40625 28.4375 8.125 
124.4140625 28.4375 8.125 

124.40625 29.6508928571428569398449 8.47168367346938744333329 
124.40625 29.75 8.5 
125.2734375 29.75 8.5 

124.40625 29.4486607142857117480617 8.41390306122448805581371 
124.40625 29.744230769230767918998 8.49835164835164746932605 
124.453125 29.75 8.5 
126.17578125 29.6508928571428569398449 8.47168367346938744333329 
126.17578125 29.75 8.5 

124.40625 29.2464285714285701089921 8.35612244897959044465097 
124.40625 29.526442307692306599165 8.4361263736263722989861 
126.17578125 29.4486607142857117480617 8.41390306122448805581371 
126.17578125 29.744230769230767918998 8.49835164835164746932605 

124.40625 29.0441964285714284699225 8.29834183673469283348823 
124.40625 29.308653846153845279332 8.37390109890109712864614 
126.17578125 29.2464285714285701089921 8.35612244897959044465097 
126.17578125 29.526442307692306599165 8.4361263736263722989861 

124.40625 28.8419642857142832781392 8.24056122448979522232548 
124.40625 29.090865384615383959499 8.31167582417582373466303 
126.17578125 29.0441964285714284699225 8.29834183673469283348823 
126.17578125 29.308653846153845279332 8.37390109890109712864614 

124.40625 28.6397321428571416390696 8.18278061224489761116274 
124.40625 28.873076923076922639666 8.24945054945054856432307 
126.17578125 28.8419642857142832781392 8.24056122448979522232548 
126.17578125 29.090865384615383959499 8.31167582417582373466303 

124.40625 28.4375 8.125 
124.4140625 28.4375 8.125 
126.17578125 28.655288461538461319833 8.18722527472527339398312 
126.17578125 28.6388392857142832781392 8.18252551020407992155015 

124.40625 28.4375 8.125 
124.40625 28.655288461538461319833 8.18722527472527339398312 
126.17578125 28.6397321428571416390696 8.18278061224489761116274 
126.17578125 28.873076923076922639666 8.24945054945054856432307 

127.9453125 29.6508928571428569398449 8.47168367346938744333329 
127.9453125 29.75 8.5 
128.8125 29.75 8.5 

127.9453125 29.4486607142857117480617 8.41390306122448805581371 
127.9453125 29.744230769230767918998 8.49835164835164746932605 
127.9921875 29.75 8.5 
129.71484375 29.6508928571428569398449 8.47168367346938744333329 
129.71484375 29.75 8.5 

127.9453125 29.2464285714285701089921 8.35612244897959044465097 
127.9453125 29.526442307692306599165 8.4361263736263722989861 
129.71484375 29.4486607142857117480617 8.41390306122448805581371 
129.71484375 29.744230769230767918998 8.49835164835164746932605 

127.9453125 29.0441964285714284699225 8.29834183673469283348823 
127.9453125 29.308653846153845279332 8.37390109890109712864614 
129.71484375 29.2464285714285701089921 8.35612244897959044465097 
129.71484375 29.526442307692306599165 8.4361263736263722989861 

127.9453125 28.8419642857142832781392 8.24056122448979522232548 
127.9453125 29.090865384615383959499 8.31167582417582373466303 
129.71484375 29.0441964285714284699225 8.29834183673469283348823 
129.71484375 29.308653846153845279332 8.37390109890109712864614 

127.9453125 28.873076923076922639666 8.24945054945054856432307 
127.9453125 28.8410714285714284699225 8.24030612244897930906973 
129.71484375 29.090865384615383959499 8.31167582417582373466303 
129.71484375 29.0433035714285701089921 8.29808673469387692023247 

133.25390625 29.6508928571428569398449 8.47168367346938744333329 
133.25390625 29.75 8.5 
134.12109375 29.75 8.5 

133.25390625 29.4486607142857117480617 8.41390306122448805581371 
133.25390625 29.744230769230767918998 8.49835164835164746932605 
133.30078125 29.75 8.5 
135.0234375 29.6508928571428569398449 8.47168367346938744333329 
135.0234375 29.75 8.5 

133.25390625 29.526442307692306599165 8.4361263736263722989861 
133.25390625 29.4477678571428569398449 8.41364795918367214255795 
135.0234375 29.744230769230767918998 8.49835164835164746932605 
135.0234375 29.6499999999999985789145 8.47142857142856975372069 

131.484375 29.6508928571428569398449 8.47168367346938744333329 
131.484375 29.75 8.5 
132.3515625 29.75 8.5 

131.484375 29.4486607142857117480617 8.41390306122448805581371 
131.484375 29.744230769230767918998 8.49835164835164746932605 
131.53125 29.75 8.5 
133.25390625 29.6508928571428569398449 8.47168367346938744333329 
133.25390625 29.75 8.5 

131.484375 29.2464285714285701089921 8.35612244897959044465097 
131.484375 29.526442307692306599165 8.4361263736263722989861 
133.25390625 29.4486607142857117480617 8.41390306122448805581371 
133.25390625 29.744230769230767918998 8.49835164835164746932605 

131.484375 29.308653846153845279332 8.37390109890109712864614 
131.484375 29.2455357142857117480617 8.35586734693877453139521 
133.25390625 29.526442307692306599165 8.4361263736263722989861 
133.25390625 29.4477678571428569398449 8.41364795918367214255795 

135.0234375 29.6508928571428569398449 8.47168367346938744333329 
135.0234375 29.75 8.5 
135.890625 29.75 8.5 

135.0234375 29.744230769230767918998 8.49835164835164746932605 
135.0234375 29.6499999999999985789145 8.47142857142856975372069 
135.0703125 29.75 8.5 
135.8984375 29.75 8.5 

