0.25 0.549999999999999933386619 0.239999999999999991118216 0.0499999999999999958366637 0.29999999999999998889777 0 
0.25 0.549999999999999933386619 0.119999999999999995559108 0.0499999999999999958366637 0.29999999999999998889777 0 
0.25 0.549999999999999933386619 0.239999999999999991118216 0.0499999999999999958366637 0.29999999999999998889777 9.99999999999999855486438e-10 
0.25 0.549999999999999933386619 0.119999999999999995559108 0.0499999999999999958366637 0.29999999999999998889777 9.99999999999999855486438e-10 
0.25 0.549999999999999933386619 0.239999999999999991118216 0.0500004999999999963367081 0.29999999999999998889777 0 
0.25 0.549999999999999933386619 0.119999999999999995559108 0.0500004999999999963367081 0.29999999999999998889777 0 
0.25 0.549999999999999933386619 0.239999999999999991118216 0.0500004999999999963367081 0.29999999999999998889777 9.99999999999999855486438e-10 
0.25 0.549999999999999933386619 0.119999999999999995559108 0.0500004999999999963367081 0.29999999999999998889777 9.99999999999999855486438e-10 
0.31799999999999994937383 0.549999999999999933386619 0.239999999999999991118216 0.0499999999999999958366637 0.231999999999999984012788 0 
0.31799999999999994937383 0.549999999999999933386619 0.119999999999999995559108 0.0499999999999999958366637 0.231999999999999984012788 0 
0.31799999999999994937383 0.549999999999999933386619 0.239999999999999991118216 0.0499999999999999958366637 0.231999999999999984012788 9.99999999999999855486438e-10 
0.31799999999999994937383 0.549999999999999933386619 0.119999999999999995559108 0.0499999999999999958366637 0.231999999999999984012788 9.99999999999999855486438e-10 
0.31799999999999994937383 0.549999999999999933386619 0.239999999999999991118216 0.0500004999999999963367081 0.231999999999999984012788 0 
0.31799999999999994937383 0.549999999999999933386619 0.119999999999999995559108 0.0500004999999999963367081 0.231999999999999984012788 0 
0.31799999999999994937383 0.549999999999999933386619 0.239999999999999991118216 0.0500004999999999963367081 0.231999999999999984012788 9.99999999999999855486438e-10 
0.31799999999999994937383 0.549999999999999933386619 0.119999999999999995559108 0.0500004999999999963367081 0.231999999999999984012788 9.99999999999999855486438e-10 

0.25 0.549999999999999933386619 0.239999999999999991118216 0.0500009999999999968367526 0.29999999999999998889777 0 
0.25 0.549999999999999933386619 0.119999999999999995559108 0.0500009999999999968367526 0.29999999999999998889777 0 
0.25 0.549999999999999933386619 0.239999999999999991118216 0.0500009999999999968367526 0.29999999999999998889777 9.99999999999999855486438e-10 
0.25 0.549999999999999933386619 0.119999999999999995559108 0.0500009999999999968367526 0.29999999999999998889777 9.99999999999999855486438e-10 
0.25 0.549999999999999933386619 0.239999999999999991118216 0.0500004999999999963367081 0.29999999999999998889777 0 
0.25 0.549999999999999933386619 0.119999999999999995559108 0.0500004999999999963367081 0.29999999999999998889777 0 
0.25 0.549999999999999933386619 0.239999999999999991118216 0.0500004999999999963367081 0.29999999999999998889777 9.99999999999999855486438e-10 
0.25 0.549999999999999933386619 0.119999999999999995559108 0.0500004999999999963367081 0.29999999999999998889777 9.99999999999999855486438e-10 
0.31799999999999994937383 0.549999999999999933386619 0.239999999999999991118216 0.0500009999999999968367526 0.231999999999999984012788 0 
0.31799999999999994937383 0.549999999999999933386619 0.119999999999999995559108 0.0500009999999999968367526 0.231999999999999984012788 0 
0.31799999999999994937383 0.549999999999999933386619 0.239999999999999991118216 0.0500009999999999968367526 0.231999999999999984012788 9.99999999999999855486438e-10 
0.31799999999999994937383 0.549999999999999933386619 0.119999999999999995559108 0.0500009999999999968367526 0.231999999999999984012788 9.99999999999999855486438e-10 
0.31799999999999994937383 0.549999999999999933386619 0.239999999999999991118216 0.0500004999999999963367081 0.231999999999999984012788 0 
0.31799999999999994937383 0.549999999999999933386619 0.119999999999999995559108 0.0500004999999999963367081 0.231999999999999984012788 0 
0.31799999999999994937383 0.549999999999999933386619 0.239999999999999991118216 0.0500004999999999963367081 0.231999999999999984012788 9.99999999999999855486438e-10 
0.31799999999999994937383 0.549999999999999933386619 0.119999999999999995559108 0.0500004999999999963367081 0.231999999999999984012788 9.99999999999999855486438e-10 

0.31799999999999994937383 0.549999999999999933386619 0.239999999999999991118216 0.0500009999999999968367526 0.231999999999999984012788 0 
0.31799999999999994937383 0.549999999999999933386619 0.119999999999999995559108 0.0500009999999999968367526 0.231999999999999984012788 0 
0.31799999999999994937383 0.549999999999999933386619 0.239999999999999991118216 0.0500009999999999968367526 0.231999999999999984012788 9.99999999999999855486438e-10 
0.31799999999999994937383 0.549999999999999933386619 0.119999999999999995559108 0.0500009999999999968367526 0.231999999999999984012788 9.99999999999999855486438e-10 
0.31799999999999994937383 0.549999999999999933386619 0.239999999999999991118216 0.0500004999999999963367081 0.231999999999999984012788 0 
0.31799999999999994937383 0.549999999999999933386619 0.119999999999999995559108 0.0500004999999999963367081 0.231999999999999984012788 0 
0.31799999999999994937383 0.549999999999999933386619 0.239999999999999991118216 0.0500004999999999963367081 0.231999999999999984012788 9.99999999999999855486438e-10 
0.31799999999999994937383 0.549999999999999933386619 0.119999999999999995559108 0.0500004999999999963367081 0.231999999999999984012788 9.99999999999999855486438e-10 
0.324999999999999955591079 0.549999999999999933386619 0.239999999999999991118216 0.0500009999999999968367526 0.22499999999999997779554 0 
0.324999999999999955591079 0.549999999999999933386619 0.119999999999999995559108 0.0500009999999999968367526 0.22499999999999997779554 0 
0.324999999999999955591079 0.549999999999999933386619 0.239999999999999991118216 0.0500009999999999968367526 0.22499999999999997779554 9.99999999999999855486438e-10 
0.324999999999999955591079 0.549999999999999933386619 0.119999999999999995559108 0.0500009999999999968367526 0.22499999999999997779554 9.99999999999999855486438e-10 
0.324999999999999955591079 0.549999999999999933386619 0.239999999999999991118216 0.0500004999999999963367081 0.22499999999999997779554 0 
0.324999999999999955591079 0.549999999999999933386619 0.119999999999999995559108 0.0500004999999999963367081 0.22499999999999997779554 0 
0.324999999999999955591079 0.549999999999999933386619 0.239999999999999991118216 0.0500004999999999963367081 0.22499999999999997779554 9.99999999999999855486438e-10 
0.324999999999999955591079 0.549999999999999933386619 0.119999999999999995559108 0.0500004999999999963367081 0.22499999999999997779554 9.99999999999999855486438e-10 

0.423999999999999988009591 0.549999999999999933386619 0.239999999999999991118216 0.0499999999999999958366637 0.125999999999999973132603 0 
0.423999999999999988009591 0.549999999999999933386619 0.119999999999999995559108 0.0499999999999999958366637 0.125999999999999973132603 0 
0.423999999999999988009591 0.549999999999999933386619 0.239999999999999991118216 0.0499999999999999958366637 0.125999999999999973132603 9.99999999999999855486438e-10 
0.423999999999999988009591 0.549999999999999933386619 0.119999999999999995559108 0.0499999999999999958366637 0.125999999999999973132603 9.99999999999999855486438e-10 
0.423999999999999988009591 0.549999999999999933386619 0.239999999999999991118216 0.0500004999999999963367081 0.125999999999999973132603 0 
0.423999999999999988009591 0.549999999999999933386619 0.119999999999999995559108 0.0500004999999999963367081 0.125999999999999973132603 0 
0.423999999999999988009591 0.549999999999999933386619 0.239999999999999991118216 0.0500004999999999963367081 0.125999999999999973132603 9.99999999999999855486438e-10 
0.423999999999999988009591 0.549999999999999933386619 0.119999999999999995559108 0.0500004999999999963367081 0.125999999999999973132603 9.99999999999999855486438e-10 
0.423999999999999988009591 0.536499999999999976907361 0.239999999999999991118216 0.0499999999999999958366637 0.11249999999999998889777 0 
0.423999999999999988009591 0.536499999999999976907361 0.119999999999999995559108 0.0499999999999999958366637 0.11249999999999998889777 0 
0.423999999999999988009591 0.536499999999999976907361 0.239999999999999991118216 0.0499999999999999958366637 0.11249999999999998889777 9.99999999999999855486438e-10 
0.423999999999999988009591 0.536499999999999976907361 0.119999999999999995559108 0.0499999999999999958366637 0.11249999999999998889777 9.99999999999999855486438e-10 
0.423999999999999988009591 0.536499999999999976907361 0.239999999999999991118216 0.0500004999999999963367081 0.11249999999999998889777 0 
0.423999999999999988009591 0.536499999999999976907361 0.119999999999999995559108 0.0500004999999999963367081 0.11249999999999998889777 0 
0.423999999999999988009591 0.536499999999999976907361 0.239999999999999991118216 0.0500004999999999963367081 0.11249999999999998889777 9.99999999999999855486438e-10 
0.423999999999999988009591 0.536499999999999976907361 0.119999999999999995559108 0.0500004999999999963367081 0.11249999999999998889777 9.99999999999999855486438e-10 

0.324999999999999955591079 0.549999999999999933386619 0.239999999999999991118216 0.0499999999999999958366637 0.22499999999999997779554 0 
0.324999999999999955591079 0.549999999999999933386619 0.119999999999999995559108 0.0499999999999999958366637 0.22499999999999997779554 0 
0.324999999999999955591079 0.549999999999999933386619 0.239999999999999991118216 0.0499999999999999958366637 0.22499999999999997779554 9.99999999999999855486438e-10 
0.324999999999999955591079 0.549999999999999933386619 0.119999999999999995559108 0.0499999999999999958366637 0.22499999999999997779554 9.99999999999999855486438e-10 
0.324999999999999955591079 0.549999999999999933386619 0.239999999999999991118216 0.0500004999999999963367081 0.22499999999999997779554 0 
0.324999999999999955591079 0.549999999999999933386619 0.119999999999999995559108 0.0500004999999999963367081 0.22499999999999997779554 0 
0.324999999999999955591079 0.549999999999999933386619 0.239999999999999991118216 0.0500004999999999963367081 0.22499999999999997779554 9.99999999999999855486438e-10 
0.324999999999999955591079 0.549999999999999933386619 0.119999999999999995559108 0.0500004999999999963367081 0.22499999999999997779554 9.99999999999999855486438e-10 
0.423999999999999988009591 0.549999999999999933386619 0.239999999999999991118216 0.0499999999999999958366637 0.125999999999999973132603 0 
0.423999999999999988009591 0.549999999999999933386619 0.119999999999999995559108 0.0499999999999999958366637 0.125999999999999973132603 0 
0.423999999999999988009591 0.549999999999999933386619 0.239999999999999991118216 0.0499999999999999958366637 0.125999999999999973132603 9.99999999999999855486438e-10 
0.423999999999999988009591 0.549999999999999933386619 0.119999999999999995559108 0.0499999999999999958366637 0.125999999999999973132603 9.99999999999999855486438e-10 
0.423999999999999988009591 0.549999999999999933386619 0.239999999999999991118216 0.0500004999999999963367081 0.125999999999999973132603 0 
0.423999999999999988009591 0.549999999999999933386619 0.119999999999999995559108 0.0500004999999999963367081 0.125999999999999973132603 0 
0.423999999999999988009591 0.549999999999999933386619 0.239999999999999991118216 0.0500004999999999963367081 0.125999999999999973132603 9.99999999999999855486438e-10 
0.423999999999999988009591 0.549999999999999933386619 0.119999999999999995559108 0.0500004999999999963367081 0.125999999999999973132603 9.99999999999999855486438e-10 

0.423999999999999988009591 0.549999999999999933386619 0.239999999999999991118216 0.0500009999999999968367526 0.125999999999999973132603 0 
0.423999999999999988009591 0.549999999999999933386619 0.119999999999999995559108 0.0500009999999999968367526 0.125999999999999973132603 0 
0.423999999999999988009591 0.549999999999999933386619 0.239999999999999991118216 0.0500009999999999968367526 0.125999999999999973132603 9.99999999999999855486438e-10 
0.423999999999999988009591 0.549999999999999933386619 0.119999999999999995559108 0.0500009999999999968367526 0.125999999999999973132603 9.99999999999999855486438e-10 
0.423999999999999988009591 0.549999999999999933386619 0.239999999999999991118216 0.0500004999999999963367081 0.125999999999999973132603 0 
0.423999999999999988009591 0.549999999999999933386619 0.119999999999999995559108 0.0500004999999999963367081 0.125999999999999973132603 0 
0.423999999999999988009591 0.549999999999999933386619 0.239999999999999991118216 0.0500004999999999963367081 0.125999999999999973132603 9.99999999999999855486438e-10 
0.423999999999999988009591 0.549999999999999933386619 0.119999999999999995559108 0.0500004999999999963367081 0.125999999999999973132603 9.99999999999999855486438e-10 
0.423999999999999988009591 0.536499999999999976907361 0.239999999999999991118216 0.0500009999999999968367526 0.11249999999999998889777 0 
0.423999999999999988009591 0.536499999999999976907361 0.119999999999999995559108 0.0500009999999999968367526 0.11249999999999998889777 0 
0.423999999999999988009591 0.536499999999999976907361 0.239999999999999991118216 0.0500009999999999968367526 0.11249999999999998889777 9.99999999999999855486438e-10 
0.423999999999999988009591 0.536499999999999976907361 0.119999999999999995559108 0.0500009999999999968367526 0.11249999999999998889777 9.99999999999999855486438e-10 
0.423999999999999988009591 0.536499999999999976907361 0.239999999999999991118216 0.0500004999999999963367081 0.11249999999999998889777 0 
0.423999999999999988009591 0.536499999999999976907361 0.119999999999999995559108 0.0500004999999999963367081 0.11249999999999998889777 0 
0.423999999999999988009591 0.536499999999999976907361 0.239999999999999991118216 0.0500004999999999963367081 0.11249999999999998889777 9.99999999999999855486438e-10 
0.423999999999999988009591 0.536499999999999976907361 0.119999999999999995559108 0.0500004999999999963367081 0.11249999999999998889777 9.99999999999999855486438e-10 

0.324999999999999955591079 0.549999999999999933386619 0.239999999999999991118216 0.0500009999999999968367526 0.22499999999999997779554 0 
0.324999999999999955591079 0.549999999999999933386619 0.119999999999999995559108 0.0500009999999999968367526 0.22499999999999997779554 0 
0.324999999999999955591079 0.549999999999999933386619 0.239999999999999991118216 0.0500009999999999968367526 0.22499999999999997779554 9.99999999999999855486438e-10 
0.324999999999999955591079 0.549999999999999933386619 0.119999999999999995559108 0.0500009999999999968367526 0.22499999999999997779554 9.99999999999999855486438e-10 
0.324999999999999955591079 0.549999999999999933386619 0.239999999999999991118216 0.0500004999999999963367081 0.22499999999999997779554 0 
0.324999999999999955591079 0.549999999999999933386619 0.119999999999999995559108 0.0500004999999999963367081 0.22499999999999997779554 0 
0.324999999999999955591079 0.549999999999999933386619 0.239999999999999991118216 0.0500004999999999963367081 0.22499999999999997779554 9.99999999999999855486438e-10 
0.324999999999999955591079 0.549999999999999933386619 0.119999999999999995559108 0.0500004999999999963367081 0.22499999999999997779554 9.99999999999999855486438e-10 
0.423999999999999988009591 0.549999999999999933386619 0.239999999999999991118216 0.0500009999999999968367526 0.125999999999999973132603 0 
0.423999999999999988009591 0.549999999999999933386619 0.119999999999999995559108 0.0500009999999999968367526 0.125999999999999973132603 0 
0.423999999999999988009591 0.549999999999999933386619 0.239999999999999991118216 0.0500009999999999968367526 0.125999999999999973132603 9.99999999999999855486438e-10 
0.423999999999999988009591 0.549999999999999933386619 0.119999999999999995559108 0.0500009999999999968367526 0.125999999999999973132603 9.99999999999999855486438e-10 
0.423999999999999988009591 0.549999999999999933386619 0.239999999999999991118216 0.0500004999999999963367081 0.125999999999999973132603 0 
0.423999999999999988009591 0.549999999999999933386619 0.119999999999999995559108 0.0500004999999999963367081 0.125999999999999973132603 0 
0.423999999999999988009591 0.549999999999999933386619 0.239999999999999991118216 0.0500004999999999963367081 0.125999999999999973132603 9.99999999999999855486438e-10 
0.423999999999999988009591 0.549999999999999933386619 0.119999999999999995559108 0.0500004999999999963367081 0.125999999999999973132603 9.99999999999999855486438e-10 

0.31799999999999994937383 0.549999999999999933386619 0.239999999999999991118216 0.0499999999999999958366637 0.231999999999999984012788 0 
0.31799999999999994937383 0.549999999999999933386619 0.119999999999999995559108 0.0499999999999999958366637 0.231999999999999984012788 0 
0.31799999999999994937383 0.549999999999999933386619 0.239999999999999991118216 0.0499999999999999958366637 0.231999999999999984012788 9.99999999999999855486438e-10 
0.31799999999999994937383 0.549999999999999933386619 0.119999999999999995559108 0.0499999999999999958366637 0.231999999999999984012788 9.99999999999999855486438e-10 
0.31799999999999994937383 0.549999999999999933386619 0.239999999999999991118216 0.0500004999999999963367081 0.231999999999999984012788 0 
0.31799999999999994937383 0.549999999999999933386619 0.119999999999999995559108 0.0500004999999999963367081 0.231999999999999984012788 0 
0.31799999999999994937383 0.549999999999999933386619 0.239999999999999991118216 0.0500004999999999963367081 0.231999999999999984012788 9.99999999999999855486438e-10 
0.31799999999999994937383 0.549999999999999933386619 0.119999999999999995559108 0.0500004999999999963367081 0.231999999999999984012788 9.99999999999999855486438e-10 
0.324999999999999955591079 0.549999999999999933386619 0.239999999999999991118216 0.0499999999999999958366637 0.22499999999999997779554 0 
0.324999999999999955591079 0.549999999999999933386619 0.119999999999999995559108 0.0499999999999999958366637 0.22499999999999997779554 0 
0.324999999999999955591079 0.549999999999999933386619 0.239999999999999991118216 0.0499999999999999958366637 0.22499999999999997779554 9.99999999999999855486438e-10 
0.324999999999999955591079 0.549999999999999933386619 0.119999999999999995559108 0.0499999999999999958366637 0.22499999999999997779554 9.99999999999999855486438e-10 
0.324999999999999955591079 0.549999999999999933386619 0.239999999999999991118216 0.0500004999999999963367081 0.22499999999999997779554 0 
0.324999999999999955591079 0.549999999999999933386619 0.119999999999999995559108 0.0500004999999999963367081 0.22499999999999997779554 0 
0.324999999999999955591079 0.549999999999999933386619 0.239999999999999991118216 0.0500004999999999963367081 0.22499999999999997779554 9.99999999999999855486438e-10 
0.324999999999999955591079 0.549999999999999933386619 0.119999999999999995559108 0.0500004999999999963367081 0.22499999999999997779554 9.99999999999999855486438e-10 

0.423999999999999988009591 0.549999999999999933386619 0.239999999999999991118216 0.0499999999999999958366637 0.125999999999999973132603 0 
0.423999999999999988009591 0.549999999999999933386619 0.119999999999999995559108 0.0499999999999999958366637 0.125999999999999973132603 0 
0.423999999999999988009591 0.549999999999999933386619 0.239999999999999991118216 0.0499999999999999958366637 0.125999999999999973132603 9.99999999999999855486438e-10 
0.423999999999999988009591 0.549999999999999933386619 0.119999999999999995559108 0.0499999999999999958366637 0.125999999999999973132603 9.99999999999999855486438e-10 
0.423999999999999988009591 0.549999999999999933386619 0.239999999999999991118216 0.0500004999999999963367081 0.125999999999999973132603 0 
0.423999999999999988009591 0.549999999999999933386619 0.119999999999999995559108 0.0500004999999999963367081 0.125999999999999973132603 0 
0.423999999999999988009591 0.549999999999999933386619 0.239999999999999991118216 0.0500004999999999963367081 0.125999999999999973132603 9.99999999999999855486438e-10 
0.423999999999999988009591 0.549999999999999933386619 0.119999999999999995559108 0.0500004999999999963367081 0.125999999999999973132603 9.99999999999999855486438e-10 
0.423999999999999988009591 0.524999999999999911182158 0.239999999999999991118216 0.0499999999999999958366637 0.100999999999999992561506 0 
0.423999999999999988009591 0.524999999999999911182158 0.119999999999999995559108 0.0499999999999999958366637 0.100999999999999992561506 0 
0.423999999999999988009591 0.524999999999999911182158 0.239999999999999991118216 0.0499999999999999958366637 0.100999999999999992561506 9.99999999999999855486438e-10 
0.423999999999999988009591 0.524999999999999911182158 0.119999999999999995559108 0.0499999999999999958366637 0.100999999999999992561506 9.99999999999999855486438e-10 
0.423999999999999988009591 0.524999999999999911182158 0.239999999999999991118216 0.0500004999999999963367081 0.100999999999999992561506 0 
0.423999999999999988009591 0.524999999999999911182158 0.119999999999999995559108 0.0500004999999999963367081 0.100999999999999992561506 0 
0.423999999999999988009591 0.524999999999999911182158 0.239999999999999991118216 0.0500004999999999963367081 0.100999999999999992561506 9.99999999999999855486438e-10 
0.423999999999999988009591 0.524999999999999911182158 0.119999999999999995559108 0.0500004999999999963367081 0.100999999999999992561506 9.99999999999999855486438e-10 

0.423999999999999988009591 0.549999999999999933386619 0.239999999999999991118216 0.0500009999999999968367526 0.125999999999999973132603 0 
0.423999999999999988009591 0.549999999999999933386619 0.119999999999999995559108 0.0500009999999999968367526 0.125999999999999973132603 0 
0.423999999999999988009591 0.549999999999999933386619 0.239999999999999991118216 0.0500009999999999968367526 0.125999999999999973132603 9.99999999999999855486438e-10 
0.423999999999999988009591 0.549999999999999933386619 0.119999999999999995559108 0.0500009999999999968367526 0.125999999999999973132603 9.99999999999999855486438e-10 
0.423999999999999988009591 0.549999999999999933386619 0.239999999999999991118216 0.0500004999999999963367081 0.125999999999999973132603 0 
0.423999999999999988009591 0.549999999999999933386619 0.119999999999999995559108 0.0500004999999999963367081 0.125999999999999973132603 0 
0.423999999999999988009591 0.549999999999999933386619 0.239999999999999991118216 0.0500004999999999963367081 0.125999999999999973132603 9.99999999999999855486438e-10 
0.423999999999999988009591 0.549999999999999933386619 0.119999999999999995559108 0.0500004999999999963367081 0.125999999999999973132603 9.99999999999999855486438e-10 
0.423999999999999988009591 0.524999999999999911182158 0.239999999999999991118216 0.0500009999999999968367526 0.100999999999999992561506 0 
0.423999999999999988009591 0.524999999999999911182158 0.119999999999999995559108 0.0500009999999999968367526 0.100999999999999992561506 0 
0.423999999999999988009591 0.524999999999999911182158 0.239999999999999991118216 0.0500009999999999968367526 0.100999999999999992561506 9.99999999999999855486438e-10 
0.423999999999999988009591 0.524999999999999911182158 0.119999999999999995559108 0.0500009999999999968367526 0.100999999999999992561506 9.99999999999999855486438e-10 
0.423999999999999988009591 0.524999999999999911182158 0.239999999999999991118216 0.0500004999999999963367081 0.100999999999999992561506 0 
0.423999999999999988009591 0.524999999999999911182158 0.119999999999999995559108 0.0500004999999999963367081 0.100999999999999992561506 0 
0.423999999999999988009591 0.524999999999999911182158 0.239999999999999991118216 0.0500004999999999963367081 0.100999999999999992561506 9.99999999999999855486438e-10 
0.423999999999999988009591 0.524999999999999911182158 0.119999999999999995559108 0.0500004999999999963367081 0.100999999999999992561506 9.99999999999999855486438e-10 

0.423999999999999988009591 0.524999999999999911182158 0.239999999999999991118216 0.0499999999999999958366637 0.100999999999999992561506 0 
0.423999999999999988009591 0.524999999999999911182158 0.119999999999999995559108 0.0499999999999999958366637 0.100999999999999992561506 0 
0.423999999999999988009591 0.524999999999999911182158 0.239999999999999991118216 0.0499999999999999958366637 0.100999999999999992561506 9.99999999999999855486438e-10 
0.423999999999999988009591 0.524999999999999911182158 0.119999999999999995559108 0.0499999999999999958366637 0.100999999999999992561506 9.99999999999999855486438e-10 
0.423999999999999988009591 0.524999999999999911182158 0.239999999999999991118216 0.0500004999999999963367081 0.100999999999999992561506 0 
0.423999999999999988009591 0.524999999999999911182158 0.119999999999999995559108 0.0500004999999999963367081 0.100999999999999992561506 0 
0.423999999999999988009591 0.524999999999999911182158 0.239999999999999991118216 0.0500004999999999963367081 0.100999999999999992561506 9.99999999999999855486438e-10 
0.423999999999999988009591 0.524999999999999911182158 0.119999999999999995559108 0.0500004999999999963367081 0.100999999999999992561506 9.99999999999999855486438e-10 
0.423999999999999988009591 0.536499999999999976907361 0.239999999999999991118216 0.0499999999999999958366637 0.11249999999999998889777 0 
0.423999999999999988009591 0.536499999999999976907361 0.119999999999999995559108 0.0499999999999999958366637 0.11249999999999998889777 0 
0.423999999999999988009591 0.536499999999999976907361 0.239999999999999991118216 0.0499999999999999958366637 0.11249999999999998889777 9.99999999999999855486438e-10 
0.423999999999999988009591 0.536499999999999976907361 0.119999999999999995559108 0.0499999999999999958366637 0.11249999999999998889777 9.99999999999999855486438e-10 
0.423999999999999988009591 0.536499999999999976907361 0.239999999999999991118216 0.0500004999999999963367081 0.11249999999999998889777 0 
0.423999999999999988009591 0.536499999999999976907361 0.119999999999999995559108 0.0500004999999999963367081 0.11249999999999998889777 0 
0.423999999999999988009591 0.536499999999999976907361 0.239999999999999991118216 0.0500004999999999963367081 0.11249999999999998889777 9.99999999999999855486438e-10 
0.423999999999999988009591 0.536499999999999976907361 0.119999999999999995559108 0.0500004999999999963367081 0.11249999999999998889777 9.99999999999999855486438e-10 

0.423999999999999988009591 0.524999999999999911182158 0.239999999999999991118216 0.0499999999999999958366637 0.100999999999999992561506 0 
0.423999999999999988009591 0.524999999999999911182158 0.119999999999999995559108 0.0499999999999999958366637 0.100999999999999992561506 0 
0.423999999999999988009591 0.524999999999999911182158 0.239999999999999991118216 0.0499999999999999958366637 0.100999999999999992561506 9.99999999999999855486438e-10 
0.423999999999999988009591 0.524999999999999911182158 0.119999999999999995559108 0.0499999999999999958366637 0.100999999999999992561506 9.99999999999999855486438e-10 
0.423999999999999988009591 0.524999999999999911182158 0.239999999999999991118216 0.0500004999999999963367081 0.100999999999999992561506 0 
0.423999999999999988009591 0.524999999999999911182158 0.119999999999999995559108 0.0500004999999999963367081 0.100999999999999992561506 0 
0.423999999999999988009591 0.524999999999999911182158 0.239999999999999991118216 0.0500004999999999963367081 0.100999999999999992561506 9.99999999999999855486438e-10 
0.423999999999999988009591 0.524999999999999911182158 0.119999999999999995559108 0.0500004999999999963367081 0.100999999999999992561506 9.99999999999999855486438e-10 
0.423999999999999988009591 0.449999999999999955591079 0.239999999999999991118216 0.0499999999999999958366637 0.0259999999999999988065102 0 
0.423999999999999988009591 0.449999999999999955591079 0.119999999999999995559108 0.0499999999999999958366637 0.0259999999999999988065102 0 
0.423999999999999988009591 0.449999999999999955591079 0.239999999999999991118216 0.0499999999999999958366637 0.0259999999999999988065102 9.99999999999999855486438e-10 
0.423999999999999988009591 0.449999999999999955591079 0.119999999999999995559108 0.0499999999999999958366637 0.0259999999999999988065102 9.99999999999999855486438e-10 
0.423999999999999988009591 0.449999999999999955591079 0.239999999999999991118216 0.0500004999999999963367081 0.0259999999999999988065102 0 
0.423999999999999988009591 0.449999999999999955591079 0.119999999999999995559108 0.0500004999999999963367081 0.0259999999999999988065102 0 
0.423999999999999988009591 0.449999999999999955591079 0.239999999999999991118216 0.0500004999999999963367081 0.0259999999999999988065102 9.99999999999999855486438e-10 
0.423999999999999988009591 0.449999999999999955591079 0.119999999999999995559108 0.0500004999999999963367081 0.0259999999999999988065102 9.99999999999999855486438e-10 

0.423999999999999988009591 0.524999999999999911182158 0.239999999999999991118216 0.0500009999999999968367526 0.100999999999999992561506 0 
0.423999999999999988009591 0.524999999999999911182158 0.119999999999999995559108 0.0500009999999999968367526 0.100999999999999992561506 0 
0.423999999999999988009591 0.524999999999999911182158 0.239999999999999991118216 0.0500009999999999968367526 0.100999999999999992561506 9.99999999999999855486438e-10 
0.423999999999999988009591 0.524999999999999911182158 0.119999999999999995559108 0.0500009999999999968367526 0.100999999999999992561506 9.99999999999999855486438e-10 
0.423999999999999988009591 0.524999999999999911182158 0.239999999999999991118216 0.0500004999999999963367081 0.100999999999999992561506 0 
0.423999999999999988009591 0.524999999999999911182158 0.119999999999999995559108 0.0500004999999999963367081 0.100999999999999992561506 0 
0.423999999999999988009591 0.524999999999999911182158 0.239999999999999991118216 0.0500004999999999963367081 0.100999999999999992561506 9.99999999999999855486438e-10 
0.423999999999999988009591 0.524999999999999911182158 0.119999999999999995559108 0.0500004999999999963367081 0.100999999999999992561506 9.99999999999999855486438e-10 
0.423999999999999988009591 0.536499999999999976907361 0.239999999999999991118216 0.0500009999999999968367526 0.11249999999999998889777 0 
0.423999999999999988009591 0.536499999999999976907361 0.119999999999999995559108 0.0500009999999999968367526 0.11249999999999998889777 0 
0.423999999999999988009591 0.536499999999999976907361 0.239999999999999991118216 0.0500009999999999968367526 0.11249999999999998889777 9.99999999999999855486438e-10 
0.423999999999999988009591 0.536499999999999976907361 0.119999999999999995559108 0.0500009999999999968367526 0.11249999999999998889777 9.99999999999999855486438e-10 
0.423999999999999988009591 0.536499999999999976907361 0.239999999999999991118216 0.0500004999999999963367081 0.11249999999999998889777 0 
0.423999999999999988009591 0.536499999999999976907361 0.119999999999999995559108 0.0500004999999999963367081 0.11249999999999998889777 0 
0.423999999999999988009591 0.536499999999999976907361 0.239999999999999991118216 0.0500004999999999963367081 0.11249999999999998889777 9.99999999999999855486438e-10 
0.423999999999999988009591 0.536499999999999976907361 0.119999999999999995559108 0.0500004999999999963367081 0.11249999999999998889777 9.99999999999999855486438e-10 

0.423999999999999988009591 0.524999999999999911182158 0.239999999999999991118216 0.0500009999999999968367526 0.100999999999999992561506 0 
0.423999999999999988009591 0.524999999999999911182158 0.119999999999999995559108 0.0500009999999999968367526 0.100999999999999992561506 0 
0.423999999999999988009591 0.524999999999999911182158 0.239999999999999991118216 0.0500009999999999968367526 0.100999999999999992561506 9.99999999999999855486438e-10 
0.423999999999999988009591 0.524999999999999911182158 0.119999999999999995559108 0.0500009999999999968367526 0.100999999999999992561506 9.99999999999999855486438e-10 
0.423999999999999988009591 0.524999999999999911182158 0.239999999999999991118216 0.0500004999999999963367081 0.100999999999999992561506 0 
0.423999999999999988009591 0.524999999999999911182158 0.119999999999999995559108 0.0500004999999999963367081 0.100999999999999992561506 0 
0.423999999999999988009591 0.524999999999999911182158 0.239999999999999991118216 0.0500004999999999963367081 0.100999999999999992561506 9.99999999999999855486438e-10 
0.423999999999999988009591 0.524999999999999911182158 0.119999999999999995559108 0.0500004999999999963367081 0.100999999999999992561506 9.99999999999999855486438e-10 
0.423999999999999988009591 0.449999999999999955591079 0.239999999999999991118216 0.0500009999999999968367526 0.0259999999999999988065102 0 
0.423999999999999988009591 0.449999999999999955591079 0.119999999999999995559108 0.0500009999999999968367526 0.0259999999999999988065102 0 
0.423999999999999988009591 0.449999999999999955591079 0.239999999999999991118216 0.0500009999999999968367526 0.0259999999999999988065102 9.99999999999999855486438e-10 
0.423999999999999988009591 0.449999999999999955591079 0.119999999999999995559108 0.0500009999999999968367526 0.0259999999999999988065102 9.99999999999999855486438e-10 
0.423999999999999988009591 0.449999999999999955591079 0.239999999999999991118216 0.0500004999999999963367081 0.0259999999999999988065102 0 
0.423999999999999988009591 0.449999999999999955591079 0.119999999999999995559108 0.0500004999999999963367081 0.0259999999999999988065102 0 
0.423999999999999988009591 0.449999999999999955591079 0.239999999999999991118216 0.0500004999999999963367081 0.0259999999999999988065102 9.99999999999999855486438e-10 
0.423999999999999988009591 0.449999999999999955591079 0.119999999999999995559108 0.0500004999999999963367081 0.0259999999999999988065102 9.99999999999999855486438e-10 

0.423999999999999988009591 0.524999999999999911182158 0.239999999999999991118216 0.0499999999999999958366637 0.100999999999999992561506 0 
0.423999999999999988009591 0.524999999999999911182158 0.119999999999999995559108 0.0499999999999999958366637 0.100999999999999992561506 0 
0.423999999999999988009591 0.524999999999999911182158 0.239999999999999991118216 0.0499999999999999958366637 0.100999999999999992561506 9.99999999999999855486438e-10 
0.423999999999999988009591 0.524999999999999911182158 0.119999999999999995559108 0.0499999999999999958366637 0.100999999999999992561506 9.99999999999999855486438e-10 
0.423999999999999988009591 0.524999999999999911182158 0.239999999999999991118216 0.0500004999999999963367081 0.100999999999999992561506 0 
0.423999999999999988009591 0.524999999999999911182158 0.119999999999999995559108 0.0500004999999999963367081 0.100999999999999992561506 0 
0.423999999999999988009591 0.524999999999999911182158 0.239999999999999991118216 0.0500004999999999963367081 0.100999999999999992561506 9.99999999999999855486438e-10 
0.423999999999999988009591 0.524999999999999911182158 0.119999999999999995559108 0.0500004999999999963367081 0.100999999999999992561506 9.99999999999999855486438e-10 
0.423999999999999988009591 0.449999999999999955591079 0.239999999999999991118216 0.0499999999999999958366637 0.0259999999999999988065102 0 
0.423999999999999988009591 0.449999999999999955591079 0.119999999999999995559108 0.0499999999999999958366637 0.0259999999999999988065102 0 
0.423999999999999988009591 0.449999999999999955591079 0.239999999999999991118216 0.0499999999999999958366637 0.0259999999999999988065102 9.99999999999999855486438e-10 
0.423999999999999988009591 0.449999999999999955591079 0.119999999999999995559108 0.0499999999999999958366637 0.0259999999999999988065102 9.99999999999999855486438e-10 
0.423999999999999988009591 0.449999999999999955591079 0.239999999999999991118216 0.0500004999999999963367081 0.0259999999999999988065102 0 
0.423999999999999988009591 0.449999999999999955591079 0.119999999999999995559108 0.0500004999999999963367081 0.0259999999999999988065102 0 
0.423999999999999988009591 0.449999999999999955591079 0.239999999999999991118216 0.0500004999999999963367081 0.0259999999999999988065102 9.99999999999999855486438e-10 
0.423999999999999988009591 0.449999999999999955591079 0.119999999999999995559108 0.0500004999999999963367081 0.0259999999999999988065102 9.99999999999999855486438e-10 

0.423999999999999988009591 0.524999999999999911182158 0.239999999999999991118216 0.0500009999999999968367526 0.100999999999999992561506 0 
0.423999999999999988009591 0.524999999999999911182158 0.119999999999999995559108 0.0500009999999999968367526 0.100999999999999992561506 0 
0.423999999999999988009591 0.524999999999999911182158 0.239999999999999991118216 0.0500009999999999968367526 0.100999999999999992561506 9.99999999999999855486438e-10 
0.423999999999999988009591 0.524999999999999911182158 0.119999999999999995559108 0.0500009999999999968367526 0.100999999999999992561506 9.99999999999999855486438e-10 
0.423999999999999988009591 0.524999999999999911182158 0.239999999999999991118216 0.0500004999999999963367081 0.100999999999999992561506 0 
0.423999999999999988009591 0.524999999999999911182158 0.119999999999999995559108 0.0500004999999999963367081 0.100999999999999992561506 0 
0.423999999999999988009591 0.524999999999999911182158 0.239999999999999991118216 0.0500004999999999963367081 0.100999999999999992561506 9.99999999999999855486438e-10 
0.423999999999999988009591 0.524999999999999911182158 0.119999999999999995559108 0.0500004999999999963367081 0.100999999999999992561506 9.99999999999999855486438e-10 
0.423999999999999988009591 0.449999999999999955591079 0.239999999999999991118216 0.0500009999999999968367526 0.0259999999999999988065102 0 
0.423999999999999988009591 0.449999999999999955591079 0.119999999999999995559108 0.0500009999999999968367526 0.0259999999999999988065102 0 
0.423999999999999988009591 0.449999999999999955591079 0.239999999999999991118216 0.0500009999999999968367526 0.0259999999999999988065102 9.99999999999999855486438e-10 
0.423999999999999988009591 0.449999999999999955591079 0.119999999999999995559108 0.0500009999999999968367526 0.0259999999999999988065102 9.99999999999999855486438e-10 
0.423999999999999988009591 0.449999999999999955591079 0.239999999999999991118216 0.0500004999999999963367081 0.0259999999999999988065102 0 
0.423999999999999988009591 0.449999999999999955591079 0.119999999999999995559108 0.0500004999999999963367081 0.0259999999999999988065102 0 
0.423999999999999988009591 0.449999999999999955591079 0.239999999999999991118216 0.0500004999999999963367081 0.0259999999999999988065102 9.99999999999999855486438e-10 
0.423999999999999988009591 0.449999999999999955591079 0.119999999999999995559108 0.0500004999999999963367081 0.0259999999999999988065102 9.99999999999999855486438e-10 

0.423999999999999988009591 0.449999999999999955591079 0.239999999999999991118216 0.0499999999999999958366637 0.0259999999999999988065102 0 
0.423999999999999988009591 0.449999999999999955591079 0.119999999999999995559108 0.0499999999999999958366637 0.0259999999999999988065102 0 
0.423999999999999988009591 0.449999999999999955591079 0.239999999999999991118216 0.0499999999999999958366637 0.0259999999999999988065102 9.99999999999999855486438e-10 
0.423999999999999988009591 0.449999999999999955591079 0.119999999999999995559108 0.0499999999999999958366637 0.0259999999999999988065102 9.99999999999999855486438e-10 
0.423999999999999988009591 0.449999999999999955591079 0.239999999999999991118216 0.0500004999999999963367081 0.0259999999999999988065102 0 
0.423999999999999988009591 0.449999999999999955591079 0.119999999999999995559108 0.0500004999999999963367081 0.0259999999999999988065102 0 
0.423999999999999988009591 0.449999999999999955591079 0.239999999999999991118216 0.0500004999999999963367081 0.0259999999999999988065102 9.99999999999999855486438e-10 
0.423999999999999988009591 0.449999999999999955591079 0.119999999999999995559108 0.0500004999999999963367081 0.0259999999999999988065102 9.99999999999999855486438e-10 
0.423999999999999988009591 0.4375 0.239999999999999991118216 0.0499999999999999958366637 0.0134999999999999998473443 0 
0.423999999999999988009591 0.4375 0.119999999999999995559108 0.0499999999999999958366637 0.0134999999999999998473443 0 
0.423999999999999988009591 0.4375 0.239999999999999991118216 0.0499999999999999958366637 0.0134999999999999998473443 9.99999999999999855486438e-10 
0.423999999999999988009591 0.4375 0.119999999999999995559108 0.0499999999999999958366637 0.0134999999999999998473443 9.99999999999999855486438e-10 
0.423999999999999988009591 0.4375 0.239999999999999991118216 0.0500004999999999963367081 0.0134999999999999998473443 0 
0.423999999999999988009591 0.4375 0.119999999999999995559108 0.0500004999999999963367081 0.0134999999999999998473443 0 
0.423999999999999988009591 0.4375 0.239999999999999991118216 0.0500004999999999963367081 0.0134999999999999998473443 9.99999999999999855486438e-10 
0.423999999999999988009591 0.4375 0.119999999999999995559108 0.0500004999999999963367081 0.0134999999999999998473443 9.99999999999999855486438e-10 

0.423999999999999988009591 0.4375 0.239999999999999991118216 0.0499999999999999958366637 0.0134999999999999998473443 0 
0.423999999999999988009591 0.4375 0.119999999999999995559108 0.0499999999999999958366637 0.0134999999999999998473443 0 
0.423999999999999988009591 0.4375 0.239999999999999991118216 0.0499999999999999958366637 0.0134999999999999998473443 9.99999999999999855486438e-10 
0.423999999999999988009591 0.4375 0.119999999999999995559108 0.0499999999999999958366637 0.0134999999999999998473443 9.99999999999999855486438e-10 
0.423999999999999988009591 0.4375 0.239999999999999991118216 0.0500004999999999963367081 0.0134999999999999998473443 0 
0.423999999999999988009591 0.4375 0.119999999999999995559108 0.0500004999999999963367081 0.0134999999999999998473443 0 
0.423999999999999988009591 0.4375 0.239999999999999991118216 0.0500004999999999963367081 0.0134999999999999998473443 9.99999999999999855486438e-10 
0.423999999999999988009591 0.4375 0.119999999999999995559108 0.0500004999999999963367081 0.0134999999999999998473443 9.99999999999999855486438e-10 
0.423999999999999988009591 0.423999999999999988009591 0.239999999999999991118216 0.0499999999999999958366637 0 0 
0.423999999999999988009591 0.423999999999999988009591 0.119999999999999995559108 0.0499999999999999958366637 0 0 
0.423999999999999988009591 0.423999999999999988009591 0.239999999999999991118216 0.0499999999999999958366637 0 9.99999999999999855486438e-10 
0.423999999999999988009591 0.423999999999999988009591 0.119999999999999995559108 0.0499999999999999958366637 0 9.99999999999999855486438e-10 
0.423999999999999988009591 0.423999999999999988009591 0.239999999999999991118216 0.0500004999999999963367081 0 0 
0.423999999999999988009591 0.423999999999999988009591 0.119999999999999995559108 0.0500004999999999963367081 0 0 
0.423999999999999988009591 0.423999999999999988009591 0.239999999999999991118216 0.0500004999999999963367081 0 9.99999999999999855486438e-10 
0.423999999999999988009591 0.423999999999999988009591 0.119999999999999995559108 0.0500004999999999963367081 0 9.99999999999999855486438e-10 

0.423999999999999988009591 0.449999999999999955591079 0.239999999999999991118216 0.0500009999999999968367526 0.0259999999999999988065102 0 
0.423999999999999988009591 0.449999999999999955591079 0.119999999999999995559108 0.0500009999999999968367526 0.0259999999999999988065102 0 
0.423999999999999988009591 0.449999999999999955591079 0.239999999999999991118216 0.0500009999999999968367526 0.0259999999999999988065102 9.99999999999999855486438e-10 
0.423999999999999988009591 0.449999999999999955591079 0.119999999999999995559108 0.0500009999999999968367526 0.0259999999999999988065102 9.99999999999999855486438e-10 
0.423999999999999988009591 0.449999999999999955591079 0.239999999999999991118216 0.0500004999999999963367081 0.0259999999999999988065102 0 
0.423999999999999988009591 0.449999999999999955591079 0.119999999999999995559108 0.0500004999999999963367081 0.0259999999999999988065102 0 
0.423999999999999988009591 0.449999999999999955591079 0.239999999999999991118216 0.0500004999999999963367081 0.0259999999999999988065102 9.99999999999999855486438e-10 
0.423999999999999988009591 0.449999999999999955591079 0.119999999999999995559108 0.0500004999999999963367081 0.0259999999999999988065102 9.99999999999999855486438e-10 
0.423999999999999988009591 0.4375 0.239999999999999991118216 0.0500009999999999968367526 0.0134999999999999998473443 0 
0.423999999999999988009591 0.4375 0.119999999999999995559108 0.0500009999999999968367526 0.0134999999999999998473443 0 
0.423999999999999988009591 0.4375 0.239999999999999991118216 0.0500009999999999968367526 0.0134999999999999998473443 9.99999999999999855486438e-10 
0.423999999999999988009591 0.4375 0.119999999999999995559108 0.0500009999999999968367526 0.0134999999999999998473443 9.99999999999999855486438e-10 
0.423999999999999988009591 0.4375 0.239999999999999991118216 0.0500004999999999963367081 0.0134999999999999998473443 0 
0.423999999999999988009591 0.4375 0.119999999999999995559108 0.0500004999999999963367081 0.0134999999999999998473443 0 
0.423999999999999988009591 0.4375 0.239999999999999991118216 0.0500004999999999963367081 0.0134999999999999998473443 9.99999999999999855486438e-10 
0.423999999999999988009591 0.4375 0.119999999999999995559108 0.0500004999999999963367081 0.0134999999999999998473443 9.99999999999999855486438e-10 

0.423999999999999988009591 0.4375 0.239999999999999991118216 0.0500009999999999968367526 0.0134999999999999998473443 0 
0.423999999999999988009591 0.4375 0.119999999999999995559108 0.0500009999999999968367526 0.0134999999999999998473443 0 
0.423999999999999988009591 0.4375 0.239999999999999991118216 0.0500009999999999968367526 0.0134999999999999998473443 9.99999999999999855486438e-10 
0.423999999999999988009591 0.4375 0.119999999999999995559108 0.0500009999999999968367526 0.0134999999999999998473443 9.99999999999999855486438e-10 
0.423999999999999988009591 0.4375 0.239999999999999991118216 0.0500004999999999963367081 0.0134999999999999998473443 0 
0.423999999999999988009591 0.4375 0.119999999999999995559108 0.0500004999999999963367081 0.0134999999999999998473443 0 
0.423999999999999988009591 0.4375 0.239999999999999991118216 0.0500004999999999963367081 0.0134999999999999998473443 9.99999999999999855486438e-10 
0.423999999999999988009591 0.4375 0.119999999999999995559108 0.0500004999999999963367081 0.0134999999999999998473443 9.99999999999999855486438e-10 
0.423999999999999988009591 0.423999999999999988009591 0.239999999999999991118216 0.0500009999999999968367526 0 0 
0.423999999999999988009591 0.423999999999999988009591 0.119999999999999995559108 0.0500009999999999968367526 0 0 
0.423999999999999988009591 0.423999999999999988009591 0.239999999999999991118216 0.0500009999999999968367526 0 9.99999999999999855486438e-10 
0.423999999999999988009591 0.423999999999999988009591 0.119999999999999995559108 0.0500009999999999968367526 0 9.99999999999999855486438e-10 
0.423999999999999988009591 0.423999999999999988009591 0.239999999999999991118216 0.0500004999999999963367081 0 0 
0.423999999999999988009591 0.423999999999999988009591 0.119999999999999995559108 0.0500004999999999963367081 0 0 
0.423999999999999988009591 0.423999999999999988009591 0.239999999999999991118216 0.0500004999999999963367081 0 9.99999999999999855486438e-10 
0.423999999999999988009591 0.423999999999999988009591 0.119999999999999995559108 0.0500004999999999963367081 0 9.99999999999999855486438e-10 

0.423999999999999988009591 0.449999999999999955591079 0.239999999999999991118216 0.0499999999999999958366637 0.0259999999999999988065102 0 
0.423999999999999988009591 0.449999999999999955591079 0.119999999999999995559108 0.0499999999999999958366637 0.0259999999999999988065102 0 
0.423999999999999988009591 0.449999999999999955591079 0.239999999999999991118216 0.0499999999999999958366637 0.0259999999999999988065102 9.99999999999999855486438e-10 
0.423999999999999988009591 0.449999999999999955591079 0.119999999999999995559108 0.0499999999999999958366637 0.0259999999999999988065102 9.99999999999999855486438e-10 
0.423999999999999988009591 0.449999999999999955591079 0.239999999999999991118216 0.0500004999999999963367081 0.0259999999999999988065102 0 
0.423999999999999988009591 0.449999999999999955591079 0.119999999999999995559108 0.0500004999999999963367081 0.0259999999999999988065102 0 
0.423999999999999988009591 0.449999999999999955591079 0.239999999999999991118216 0.0500004999999999963367081 0.0259999999999999988065102 9.99999999999999855486438e-10 
0.423999999999999988009591 0.449999999999999955591079 0.119999999999999995559108 0.0500004999999999963367081 0.0259999999999999988065102 9.99999999999999855486438e-10 
0.423999999999999988009591 0.4375 0.239999999999999991118216 0.0499999999999999958366637 0.0134999999999999998473443 0 
0.423999999999999988009591 0.4375 0.119999999999999995559108 0.0499999999999999958366637 0.0134999999999999998473443 0 
0.423999999999999988009591 0.4375 0.239999999999999991118216 0.0499999999999999958366637 0.0134999999999999998473443 9.99999999999999855486438e-10 
0.423999999999999988009591 0.4375 0.119999999999999995559108 0.0499999999999999958366637 0.0134999999999999998473443 9.99999999999999855486438e-10 
0.423999999999999988009591 0.4375 0.239999999999999991118216 0.0500004999999999963367081 0.0134999999999999998473443 0 
0.423999999999999988009591 0.4375 0.119999999999999995559108 0.0500004999999999963367081 0.0134999999999999998473443 0 
0.423999999999999988009591 0.4375 0.239999999999999991118216 0.0500004999999999963367081 0.0134999999999999998473443 9.99999999999999855486438e-10 
0.423999999999999988009591 0.4375 0.119999999999999995559108 0.0500004999999999963367081 0.0134999999999999998473443 9.99999999999999855486438e-10 

0.423999999999999988009591 0.4375 0.239999999999999991118216 0.0499999999999999958366637 0.0134999999999999998473443 0 
0.423999999999999988009591 0.4375 0.119999999999999995559108 0.0499999999999999958366637 0.0134999999999999998473443 0 
0.423999999999999988009591 0.4375 0.239999999999999991118216 0.0499999999999999958366637 0.0134999999999999998473443 9.99999999999999855486438e-10 
0.423999999999999988009591 0.4375 0.119999999999999995559108 0.0499999999999999958366637 0.0134999999999999998473443 9.99999999999999855486438e-10 
0.423999999999999988009591 0.4375 0.239999999999999991118216 0.0500004999999999963367081 0.0134999999999999998473443 0 
0.423999999999999988009591 0.4375 0.119999999999999995559108 0.0500004999999999963367081 0.0134999999999999998473443 0 
0.423999999999999988009591 0.4375 0.239999999999999991118216 0.0500004999999999963367081 0.0134999999999999998473443 9.99999999999999855486438e-10 
0.423999999999999988009591 0.4375 0.119999999999999995559108 0.0500004999999999963367081 0.0134999999999999998473443 9.99999999999999855486438e-10 
0.423999999999999988009591 0.34999999999999997779554 0.239999999999999991118216 0.0499999999999999958366637 -0.073999999999999996336264 0 
0.423999999999999988009591 0.34999999999999997779554 0.119999999999999995559108 0.0499999999999999958366637 -0.073999999999999996336264 0 
0.423999999999999988009591 0.34999999999999997779554 0.239999999999999991118216 0.0499999999999999958366637 -0.073999999999999996336264 9.99999999999999855486438e-10 
0.423999999999999988009591 0.34999999999999997779554 0.119999999999999995559108 0.0499999999999999958366637 -0.073999999999999996336264 9.99999999999999855486438e-10 
0.423999999999999988009591 0.34999999999999997779554 0.239999999999999991118216 0.0500004999999999963367081 -0.073999999999999996336264 0 
0.423999999999999988009591 0.34999999999999997779554 0.119999999999999995559108 0.0500004999999999963367081 -0.073999999999999996336264 0 
0.423999999999999988009591 0.34999999999999997779554 0.239999999999999991118216 0.0500004999999999963367081 -0.073999999999999996336264 9.99999999999999855486438e-10 
0.423999999999999988009591 0.34999999999999997779554 0.119999999999999995559108 0.0500004999999999963367081 -0.073999999999999996336264 9.99999999999999855486438e-10 

0.423999999999999988009591 0.449999999999999955591079 0.239999999999999991118216 0.0500009999999999968367526 0.0259999999999999988065102 0 
0.423999999999999988009591 0.449999999999999955591079 0.119999999999999995559108 0.0500009999999999968367526 0.0259999999999999988065102 0 
0.423999999999999988009591 0.449999999999999955591079 0.239999999999999991118216 0.0500009999999999968367526 0.0259999999999999988065102 9.99999999999999855486438e-10 
0.423999999999999988009591 0.449999999999999955591079 0.119999999999999995559108 0.0500009999999999968367526 0.0259999999999999988065102 9.99999999999999855486438e-10 
0.423999999999999988009591 0.449999999999999955591079 0.239999999999999991118216 0.0500004999999999963367081 0.0259999999999999988065102 0 
0.423999999999999988009591 0.449999999999999955591079 0.119999999999999995559108 0.0500004999999999963367081 0.0259999999999999988065102 0 
0.423999999999999988009591 0.449999999999999955591079 0.239999999999999991118216 0.0500004999999999963367081 0.0259999999999999988065102 9.99999999999999855486438e-10 
0.423999999999999988009591 0.449999999999999955591079 0.119999999999999995559108 0.0500004999999999963367081 0.0259999999999999988065102 9.99999999999999855486438e-10 
0.423999999999999988009591 0.4375 0.239999999999999991118216 0.0500009999999999968367526 0.0134999999999999998473443 0 
0.423999999999999988009591 0.4375 0.119999999999999995559108 0.0500009999999999968367526 0.0134999999999999998473443 0 
0.423999999999999988009591 0.4375 0.239999999999999991118216 0.0500009999999999968367526 0.0134999999999999998473443 9.99999999999999855486438e-10 
0.423999999999999988009591 0.4375 0.119999999999999995559108 0.0500009999999999968367526 0.0134999999999999998473443 9.99999999999999855486438e-10 
0.423999999999999988009591 0.4375 0.239999999999999991118216 0.0500004999999999963367081 0.0134999999999999998473443 0 
0.423999999999999988009591 0.4375 0.119999999999999995559108 0.0500004999999999963367081 0.0134999999999999998473443 0 
0.423999999999999988009591 0.4375 0.239999999999999991118216 0.0500004999999999963367081 0.0134999999999999998473443 9.99999999999999855486438e-10 
0.423999999999999988009591 0.4375 0.119999999999999995559108 0.0500004999999999963367081 0.0134999999999999998473443 9.99999999999999855486438e-10 

0.423999999999999988009591 0.4375 0.239999999999999991118216 0.0500009999999999968367526 0.0134999999999999998473443 0 
0.423999999999999988009591 0.4375 0.119999999999999995559108 0.0500009999999999968367526 0.0134999999999999998473443 0 
0.423999999999999988009591 0.4375 0.239999999999999991118216 0.0500009999999999968367526 0.0134999999999999998473443 9.99999999999999855486438e-10 
0.423999999999999988009591 0.4375 0.119999999999999995559108 0.0500009999999999968367526 0.0134999999999999998473443 9.99999999999999855486438e-10 
0.423999999999999988009591 0.4375 0.239999999999999991118216 0.0500004999999999963367081 0.0134999999999999998473443 0 
0.423999999999999988009591 0.4375 0.119999999999999995559108 0.0500004999999999963367081 0.0134999999999999998473443 0 
0.423999999999999988009591 0.4375 0.239999999999999991118216 0.0500004999999999963367081 0.0134999999999999998473443 9.99999999999999855486438e-10 
0.423999999999999988009591 0.4375 0.119999999999999995559108 0.0500004999999999963367081 0.0134999999999999998473443 9.99999999999999855486438e-10 
0.423999999999999988009591 0.34999999999999997779554 0.239999999999999991118216 0.0500009999999999968367526 -0.073999999999999996336264 0 
0.423999999999999988009591 0.34999999999999997779554 0.119999999999999995559108 0.0500009999999999968367526 -0.073999999999999996336264 0 
0.423999999999999988009591 0.34999999999999997779554 0.239999999999999991118216 0.0500009999999999968367526 -0.073999999999999996336264 9.99999999999999855486438e-10 
0.423999999999999988009591 0.34999999999999997779554 0.119999999999999995559108 0.0500009999999999968367526 -0.073999999999999996336264 9.99999999999999855486438e-10 
0.423999999999999988009591 0.34999999999999997779554 0.239999999999999991118216 0.0500004999999999963367081 -0.073999999999999996336264 0 
0.423999999999999988009591 0.34999999999999997779554 0.119999999999999995559108 0.0500004999999999963367081 -0.073999999999999996336264 0 
0.423999999999999988009591 0.34999999999999997779554 0.239999999999999991118216 0.0500004999999999963367081 -0.073999999999999996336264 9.99999999999999855486438e-10 
0.423999999999999988009591 0.34999999999999997779554 0.119999999999999995559108 0.0500004999999999963367081 -0.073999999999999996336264 9.99999999999999855486438e-10 

0.423999999999999988009591 0.34999999999999997779554 0.239999999999999991118216 0.0499999999999999958366637 -0.073999999999999996336264 0 
0.423999999999999988009591 0.34999999999999997779554 0.119999999999999995559108 0.0499999999999999958366637 -0.073999999999999996336264 0 
0.423999999999999988009591 0.34999999999999997779554 0.239999999999999991118216 0.0499999999999999958366637 -0.073999999999999996336264 9.99999999999999855486438e-10 
0.423999999999999988009591 0.34999999999999997779554 0.119999999999999995559108 0.0499999999999999958366637 -0.073999999999999996336264 9.99999999999999855486438e-10 
0.423999999999999988009591 0.34999999999999997779554 0.239999999999999991118216 0.0500004999999999963367081 -0.073999999999999996336264 0 
0.423999999999999988009591 0.34999999999999997779554 0.119999999999999995559108 0.0500004999999999963367081 -0.073999999999999996336264 0 
0.423999999999999988009591 0.34999999999999997779554 0.239999999999999991118216 0.0500004999999999963367081 -0.073999999999999996336264 9.99999999999999855486438e-10 
0.423999999999999988009591 0.34999999999999997779554 0.119999999999999995559108 0.0500004999999999963367081 -0.073999999999999996336264 9.99999999999999855486438e-10 
0.423999999999999988009591 0.423999999999999988009591 0.239999999999999991118216 0.0499999999999999958366637 0 0 
0.423999999999999988009591 0.423999999999999988009591 0.119999999999999995559108 0.0499999999999999958366637 0 0 
0.423999999999999988009591 0.423999999999999988009591 0.239999999999999991118216 0.0499999999999999958366637 0 9.99999999999999855486438e-10 
0.423999999999999988009591 0.423999999999999988009591 0.119999999999999995559108 0.0499999999999999958366637 0 9.99999999999999855486438e-10 
0.423999999999999988009591 0.423999999999999988009591 0.239999999999999991118216 0.0500004999999999963367081 0 0 
0.423999999999999988009591 0.423999999999999988009591 0.119999999999999995559108 0.0500004999999999963367081 0 0 
0.423999999999999988009591 0.423999999999999988009591 0.239999999999999991118216 0.0500004999999999963367081 0 9.99999999999999855486438e-10 
0.423999999999999988009591 0.423999999999999988009591 0.119999999999999995559108 0.0500004999999999963367081 0 9.99999999999999855486438e-10 

0.423999999999999988009591 0.34999999999999997779554 0.239999999999999991118216 0.0499999999999999958366637 -0.073999999999999996336264 0 
0.423999999999999988009591 0.34999999999999997779554 0.119999999999999995559108 0.0499999999999999958366637 -0.073999999999999996336264 0 
0.423999999999999988009591 0.34999999999999997779554 0.239999999999999991118216 0.0499999999999999958366637 -0.073999999999999996336264 9.99999999999999855486438e-10 
0.423999999999999988009591 0.34999999999999997779554 0.119999999999999995559108 0.0499999999999999958366637 -0.073999999999999996336264 9.99999999999999855486438e-10 
0.423999999999999988009591 0.34999999999999997779554 0.239999999999999991118216 0.0500004999999999963367081 -0.073999999999999996336264 0 
0.423999999999999988009591 0.34999999999999997779554 0.119999999999999995559108 0.0500004999999999963367081 -0.073999999999999996336264 0 
0.423999999999999988009591 0.34999999999999997779554 0.239999999999999991118216 0.0500004999999999963367081 -0.073999999999999996336264 9.99999999999999855486438e-10 
0.423999999999999988009591 0.34999999999999997779554 0.119999999999999995559108 0.0500004999999999963367081 -0.073999999999999996336264 9.99999999999999855486438e-10 
0.423999999999999988009591 0.337499999999999966693309 0.239999999999999991118216 0.0499999999999999958366637 -0.0864999999999999935607065 0 
0.423999999999999988009591 0.337499999999999966693309 0.119999999999999995559108 0.0499999999999999958366637 -0.0864999999999999935607065 0 
0.423999999999999988009591 0.337499999999999966693309 0.239999999999999991118216 0.0499999999999999958366637 -0.0864999999999999935607065 9.99999999999999855486438e-10 
0.423999999999999988009591 0.337499999999999966693309 0.119999999999999995559108 0.0499999999999999958366637 -0.0864999999999999935607065 9.99999999999999855486438e-10 
0.423999999999999988009591 0.337499999999999966693309 0.239999999999999991118216 0.0500004999999999963367081 -0.0864999999999999935607065 0 
0.423999999999999988009591 0.337499999999999966693309 0.119999999999999995559108 0.0500004999999999963367081 -0.0864999999999999935607065 0 
0.423999999999999988009591 0.337499999999999966693309 0.239999999999999991118216 0.0500004999999999963367081 -0.0864999999999999935607065 9.99999999999999855486438e-10 
0.423999999999999988009591 0.337499999999999966693309 0.119999999999999995559108 0.0500004999999999963367081 -0.0864999999999999935607065 9.99999999999999855486438e-10 

0.423999999999999988009591 0.34999999999999997779554 0.239999999999999991118216 0.0500009999999999968367526 -0.073999999999999996336264 0 
0.423999999999999988009591 0.34999999999999997779554 0.119999999999999995559108 0.0500009999999999968367526 -0.073999999999999996336264 0 
0.423999999999999988009591 0.34999999999999997779554 0.239999999999999991118216 0.0500009999999999968367526 -0.073999999999999996336264 9.99999999999999855486438e-10 
0.423999999999999988009591 0.34999999999999997779554 0.119999999999999995559108 0.0500009999999999968367526 -0.073999999999999996336264 9.99999999999999855486438e-10 
0.423999999999999988009591 0.34999999999999997779554 0.239999999999999991118216 0.0500004999999999963367081 -0.073999999999999996336264 0 
0.423999999999999988009591 0.34999999999999997779554 0.119999999999999995559108 0.0500004999999999963367081 -0.073999999999999996336264 0 
0.423999999999999988009591 0.34999999999999997779554 0.239999999999999991118216 0.0500004999999999963367081 -0.073999999999999996336264 9.99999999999999855486438e-10 
0.423999999999999988009591 0.34999999999999997779554 0.119999999999999995559108 0.0500004999999999963367081 -0.073999999999999996336264 9.99999999999999855486438e-10 
0.423999999999999988009591 0.423999999999999988009591 0.239999999999999991118216 0.0500009999999999968367526 0 0 
0.423999999999999988009591 0.423999999999999988009591 0.119999999999999995559108 0.0500009999999999968367526 0 0 
0.423999999999999988009591 0.423999999999999988009591 0.239999999999999991118216 0.0500009999999999968367526 0 9.99999999999999855486438e-10 
0.423999999999999988009591 0.423999999999999988009591 0.119999999999999995559108 0.0500009999999999968367526 0 9.99999999999999855486438e-10 
0.423999999999999988009591 0.423999999999999988009591 0.239999999999999991118216 0.0500004999999999963367081 0 0 
0.423999999999999988009591 0.423999999999999988009591 0.119999999999999995559108 0.0500004999999999963367081 0 0 
0.423999999999999988009591 0.423999999999999988009591 0.239999999999999991118216 0.0500004999999999963367081 0 9.99999999999999855486438e-10 
0.423999999999999988009591 0.423999999999999988009591 0.119999999999999995559108 0.0500004999999999963367081 0 9.99999999999999855486438e-10 

0.423999999999999988009591 0.34999999999999997779554 0.239999999999999991118216 0.0500009999999999968367526 -0.073999999999999996336264 0 
0.423999999999999988009591 0.34999999999999997779554 0.119999999999999995559108 0.0500009999999999968367526 -0.073999999999999996336264 0 
0.423999999999999988009591 0.34999999999999997779554 0.239999999999999991118216 0.0500009999999999968367526 -0.073999999999999996336264 9.99999999999999855486438e-10 
0.423999999999999988009591 0.34999999999999997779554 0.119999999999999995559108 0.0500009999999999968367526 -0.073999999999999996336264 9.99999999999999855486438e-10 
0.423999999999999988009591 0.34999999999999997779554 0.239999999999999991118216 0.0500004999999999963367081 -0.073999999999999996336264 0 
0.423999999999999988009591 0.34999999999999997779554 0.119999999999999995559108 0.0500004999999999963367081 -0.073999999999999996336264 0 
0.423999999999999988009591 0.34999999999999997779554 0.239999999999999991118216 0.0500004999999999963367081 -0.073999999999999996336264 9.99999999999999855486438e-10 
0.423999999999999988009591 0.34999999999999997779554 0.119999999999999995559108 0.0500004999999999963367081 -0.073999999999999996336264 9.99999999999999855486438e-10 
0.423999999999999988009591 0.337499999999999966693309 0.239999999999999991118216 0.0500009999999999968367526 -0.0864999999999999935607065 0 
0.423999999999999988009591 0.337499999999999966693309 0.119999999999999995559108 0.0500009999999999968367526 -0.0864999999999999935607065 0 
0.423999999999999988009591 0.337499999999999966693309 0.239999999999999991118216 0.0500009999999999968367526 -0.0864999999999999935607065 9.99999999999999855486438e-10 
0.423999999999999988009591 0.337499999999999966693309 0.119999999999999995559108 0.0500009999999999968367526 -0.0864999999999999935607065 9.99999999999999855486438e-10 
0.423999999999999988009591 0.337499999999999966693309 0.239999999999999991118216 0.0500004999999999963367081 -0.0864999999999999935607065 0 
0.423999999999999988009591 0.337499999999999966693309 0.119999999999999995559108 0.0500004999999999963367081 -0.0864999999999999935607065 0 
0.423999999999999988009591 0.337499999999999966693309 0.239999999999999991118216 0.0500004999999999963367081 -0.0864999999999999935607065 9.99999999999999855486438e-10 
0.423999999999999988009591 0.337499999999999966693309 0.119999999999999995559108 0.0500004999999999963367081 -0.0864999999999999935607065 9.99999999999999855486438e-10 

0.423999999999999988009591 0.34999999999999997779554 0.239999999999999991118216 0.0499999999999999958366637 -0.073999999999999996336264 0 
0.423999999999999988009591 0.34999999999999997779554 0.119999999999999995559108 0.0499999999999999958366637 -0.073999999999999996336264 0 
0.423999999999999988009591 0.34999999999999997779554 0.239999999999999991118216 0.0499999999999999958366637 -0.073999999999999996336264 9.99999999999999855486438e-10 
0.423999999999999988009591 0.34999999999999997779554 0.119999999999999995559108 0.0499999999999999958366637 -0.073999999999999996336264 9.99999999999999855486438e-10 
0.423999999999999988009591 0.34999999999999997779554 0.239999999999999991118216 0.0500004999999999963367081 -0.073999999999999996336264 0 
0.423999999999999988009591 0.34999999999999997779554 0.119999999999999995559108 0.0500004999999999963367081 -0.073999999999999996336264 0 
0.423999999999999988009591 0.34999999999999997779554 0.239999999999999991118216 0.0500004999999999963367081 -0.073999999999999996336264 9.99999999999999855486438e-10 
0.423999999999999988009591 0.34999999999999997779554 0.119999999999999995559108 0.0500004999999999963367081 -0.073999999999999996336264 9.99999999999999855486438e-10 
0.423999999999999988009591 0.337499999999999966693309 0.239999999999999991118216 0.0499999999999999958366637 -0.0864999999999999935607065 0 
0.423999999999999988009591 0.337499999999999966693309 0.119999999999999995559108 0.0499999999999999958366637 -0.0864999999999999935607065 0 
0.423999999999999988009591 0.337499999999999966693309 0.239999999999999991118216 0.0499999999999999958366637 -0.0864999999999999935607065 9.99999999999999855486438e-10 
0.423999999999999988009591 0.337499999999999966693309 0.119999999999999995559108 0.0499999999999999958366637 -0.0864999999999999935607065 9.99999999999999855486438e-10 
0.423999999999999988009591 0.337499999999999966693309 0.239999999999999991118216 0.0500004999999999963367081 -0.0864999999999999935607065 0 
0.423999999999999988009591 0.337499999999999966693309 0.119999999999999995559108 0.0500004999999999963367081 -0.0864999999999999935607065 0 
0.423999999999999988009591 0.337499999999999966693309 0.239999999999999991118216 0.0500004999999999963367081 -0.0864999999999999935607065 9.99999999999999855486438e-10 
0.423999999999999988009591 0.337499999999999966693309 0.119999999999999995559108 0.0500004999999999963367081 -0.0864999999999999935607065 9.99999999999999855486438e-10 

0.423999999999999988009591 0.34999999999999997779554 0.239999999999999991118216 0.0500009999999999968367526 -0.073999999999999996336264 0 
0.423999999999999988009591 0.34999999999999997779554 0.119999999999999995559108 0.0500009999999999968367526 -0.073999999999999996336264 0 
0.423999999999999988009591 0.34999999999999997779554 0.239999999999999991118216 0.0500009999999999968367526 -0.073999999999999996336264 9.99999999999999855486438e-10 
0.423999999999999988009591 0.34999999999999997779554 0.119999999999999995559108 0.0500009999999999968367526 -0.073999999999999996336264 9.99999999999999855486438e-10 
0.423999999999999988009591 0.34999999999999997779554 0.239999999999999991118216 0.0500004999999999963367081 -0.073999999999999996336264 0 
0.423999999999999988009591 0.34999999999999997779554 0.119999999999999995559108 0.0500004999999999963367081 -0.073999999999999996336264 0 
0.423999999999999988009591 0.34999999999999997779554 0.239999999999999991118216 0.0500004999999999963367081 -0.073999999999999996336264 9.99999999999999855486438e-10 
0.423999999999999988009591 0.34999999999999997779554 0.119999999999999995559108 0.0500004999999999963367081 -0.073999999999999996336264 9.99999999999999855486438e-10 
0.423999999999999988009591 0.337499999999999966693309 0.239999999999999991118216 0.0500009999999999968367526 -0.0864999999999999935607065 0 
0.423999999999999988009591 0.337499999999999966693309 0.119999999999999995559108 0.0500009999999999968367526 -0.0864999999999999935607065 0 
0.423999999999999988009591 0.337499999999999966693309 0.239999999999999991118216 0.0500009999999999968367526 -0.0864999999999999935607065 9.99999999999999855486438e-10 
0.423999999999999988009591 0.337499999999999966693309 0.119999999999999995559108 0.0500009999999999968367526 -0.0864999999999999935607065 9.99999999999999855486438e-10 
0.423999999999999988009591 0.337499999999999966693309 0.239999999999999991118216 0.0500004999999999963367081 -0.0864999999999999935607065 0 
0.423999999999999988009591 0.337499999999999966693309 0.119999999999999995559108 0.0500004999999999963367081 -0.0864999999999999935607065 0 
0.423999999999999988009591 0.337499999999999966693309 0.239999999999999991118216 0.0500004999999999963367081 -0.0864999999999999935607065 9.99999999999999855486438e-10 
0.423999999999999988009591 0.337499999999999966693309 0.119999999999999995559108 0.0500004999999999963367081 -0.0864999999999999935607065 9.99999999999999855486438e-10 

0.423999999999999988009591 0.337499999999999966693309 0.239999999999999991118216 0.0499999999999999958366637 -0.0864999999999999935607065 0 
0.423999999999999988009591 0.337499999999999966693309 0.119999999999999995559108 0.0499999999999999958366637 -0.0864999999999999935607065 0 
0.423999999999999988009591 0.337499999999999966693309 0.239999999999999991118216 0.0499999999999999958366637 -0.0864999999999999935607065 9.99999999999999855486438e-10 
0.423999999999999988009591 0.337499999999999966693309 0.119999999999999995559108 0.0499999999999999958366637 -0.0864999999999999935607065 9.99999999999999855486438e-10 
0.423999999999999988009591 0.337499999999999966693309 0.239999999999999991118216 0.0500004999999999963367081 -0.0864999999999999935607065 0 
0.423999999999999988009591 0.337499999999999966693309 0.119999999999999995559108 0.0500004999999999963367081 -0.0864999999999999935607065 0 
0.423999999999999988009591 0.337499999999999966693309 0.239999999999999991118216 0.0500004999999999963367081 -0.0864999999999999935607065 9.99999999999999855486438e-10 
0.423999999999999988009591 0.337499999999999966693309 0.119999999999999995559108 0.0500004999999999963367081 -0.0864999999999999935607065 9.99999999999999855486438e-10 
0.423999999999999988009591 0.311499999999999999111822 0.239999999999999991118216 0.0499999999999999958366637 -0.11249999999999998889777 0 
0.423999999999999988009591 0.311499999999999999111822 0.119999999999999995559108 0.0499999999999999958366637 -0.11249999999999998889777 0 
0.423999999999999988009591 0.311499999999999999111822 0.239999999999999991118216 0.0499999999999999958366637 -0.11249999999999998889777 9.99999999999999855486438e-10 
0.423999999999999988009591 0.311499999999999999111822 0.119999999999999995559108 0.0499999999999999958366637 -0.11249999999999998889777 9.99999999999999855486438e-10 
0.423999999999999988009591 0.311499999999999999111822 0.239999999999999991118216 0.0500004999999999963367081 -0.11249999999999998889777 0 
0.423999999999999988009591 0.311499999999999999111822 0.119999999999999995559108 0.0500004999999999963367081 -0.11249999999999998889777 0 
0.423999999999999988009591 0.311499999999999999111822 0.239999999999999991118216 0.0500004999999999963367081 -0.11249999999999998889777 9.99999999999999855486438e-10 
0.423999999999999988009591 0.311499999999999999111822 0.119999999999999995559108 0.0500004999999999963367081 -0.11249999999999998889777 9.99999999999999855486438e-10 

0.423999999999999988009591 0.337499999999999966693309 0.239999999999999991118216 0.0500009999999999968367526 -0.0864999999999999935607065 0 
0.423999999999999988009591 0.337499999999999966693309 0.119999999999999995559108 0.0500009999999999968367526 -0.0864999999999999935607065 0 
0.423999999999999988009591 0.337499999999999966693309 0.239999999999999991118216 0.0500009999999999968367526 -0.0864999999999999935607065 9.99999999999999855486438e-10 
0.423999999999999988009591 0.337499999999999966693309 0.119999999999999995559108 0.0500009999999999968367526 -0.0864999999999999935607065 9.99999999999999855486438e-10 
0.423999999999999988009591 0.337499999999999966693309 0.239999999999999991118216 0.0500004999999999963367081 -0.0864999999999999935607065 0 
0.423999999999999988009591 0.337499999999999966693309 0.119999999999999995559108 0.0500004999999999963367081 -0.0864999999999999935607065 0 
0.423999999999999988009591 0.337499999999999966693309 0.239999999999999991118216 0.0500004999999999963367081 -0.0864999999999999935607065 9.99999999999999855486438e-10 
0.423999999999999988009591 0.337499999999999966693309 0.119999999999999995559108 0.0500004999999999963367081 -0.0864999999999999935607065 9.99999999999999855486438e-10 
0.423999999999999988009591 0.311499999999999999111822 0.239999999999999991118216 0.0500009999999999968367526 -0.11249999999999998889777 0 
0.423999999999999988009591 0.311499999999999999111822 0.119999999999999995559108 0.0500009999999999968367526 -0.11249999999999998889777 0 
0.423999999999999988009591 0.311499999999999999111822 0.239999999999999991118216 0.0500009999999999968367526 -0.11249999999999998889777 9.99999999999999855486438e-10 
0.423999999999999988009591 0.311499999999999999111822 0.119999999999999995559108 0.0500009999999999968367526 -0.11249999999999998889777 9.99999999999999855486438e-10 
0.423999999999999988009591 0.311499999999999999111822 0.239999999999999991118216 0.0500004999999999963367081 -0.11249999999999998889777 0 
0.423999999999999988009591 0.311499999999999999111822 0.119999999999999995559108 0.0500004999999999963367081 -0.11249999999999998889777 0 
0.423999999999999988009591 0.311499999999999999111822 0.239999999999999991118216 0.0500004999999999963367081 -0.11249999999999998889777 9.99999999999999855486438e-10 
0.423999999999999988009591 0.311499999999999999111822 0.119999999999999995559108 0.0500004999999999963367081 -0.11249999999999998889777 9.99999999999999855486438e-10 

0.423999999999999988009591 0.337499999999999966693309 0.239999999999999991118216 0.0499999999999999958366637 -0.0864999999999999935607065 0 
0.423999999999999988009591 0.337499999999999966693309 0.119999999999999995559108 0.0499999999999999958366637 -0.0864999999999999935607065 0 
0.423999999999999988009591 0.337499999999999966693309 0.239999999999999991118216 0.0499999999999999958366637 -0.0864999999999999935607065 9.99999999999999855486438e-10 
0.423999999999999988009591 0.337499999999999966693309 0.119999999999999995559108 0.0499999999999999958366637 -0.0864999999999999935607065 9.99999999999999855486438e-10 
0.423999999999999988009591 0.337499999999999966693309 0.239999999999999991118216 0.0500004999999999963367081 -0.0864999999999999935607065 0 
0.423999999999999988009591 0.337499999999999966693309 0.119999999999999995559108 0.0500004999999999963367081 -0.0864999999999999935607065 0 
0.423999999999999988009591 0.337499999999999966693309 0.239999999999999991118216 0.0500004999999999963367081 -0.0864999999999999935607065 9.99999999999999855486438e-10 
0.423999999999999988009591 0.337499999999999966693309 0.119999999999999995559108 0.0500004999999999963367081 -0.0864999999999999935607065 9.99999999999999855486438e-10 
0.423999999999999988009591 0.262499999999999955591079 0.239999999999999991118216 0.0499999999999999958366637 -0.161499999999999976907361 0 
0.423999999999999988009591 0.262499999999999955591079 0.119999999999999995559108 0.0499999999999999958366637 -0.161499999999999976907361 0 
0.423999999999999988009591 0.262499999999999955591079 0.239999999999999991118216 0.0499999999999999958366637 -0.161499999999999976907361 9.99999999999999855486438e-10 
0.423999999999999988009591 0.262499999999999955591079 0.119999999999999995559108 0.0499999999999999958366637 -0.161499999999999976907361 9.99999999999999855486438e-10 
0.423999999999999988009591 0.262499999999999955591079 0.239999999999999991118216 0.0500004999999999963367081 -0.161499999999999976907361 0 
0.423999999999999988009591 0.262499999999999955591079 0.119999999999999995559108 0.0500004999999999963367081 -0.161499999999999976907361 0 
0.423999999999999988009591 0.262499999999999955591079 0.239999999999999991118216 0.0500004999999999963367081 -0.161499999999999976907361 9.99999999999999855486438e-10 
0.423999999999999988009591 0.262499999999999955591079 0.119999999999999995559108 0.0500004999999999963367081 -0.161499999999999976907361 9.99999999999999855486438e-10 

0.423999999999999988009591 0.262499999999999955591079 0.239999999999999991118216 0.0499999999999999958366637 -0.161499999999999976907361 0 
0.423999999999999988009591 0.262499999999999955591079 0.119999999999999995559108 0.0499999999999999958366637 -0.161499999999999976907361 0 
0.423999999999999988009591 0.262499999999999955591079 0.239999999999999991118216 0.0499999999999999958366637 -0.161499999999999976907361 9.99999999999999855486438e-10 
0.423999999999999988009591 0.262499999999999955591079 0.119999999999999995559108 0.0499999999999999958366637 -0.161499999999999976907361 9.99999999999999855486438e-10 
0.423999999999999988009591 0.262499999999999955591079 0.239999999999999991118216 0.0500004999999999963367081 -0.161499999999999976907361 0 
0.423999999999999988009591 0.262499999999999955591079 0.119999999999999995559108 0.0500004999999999963367081 -0.161499999999999976907361 0 
0.423999999999999988009591 0.262499999999999955591079 0.239999999999999991118216 0.0500004999999999963367081 -0.161499999999999976907361 9.99999999999999855486438e-10 
0.423999999999999988009591 0.262499999999999955591079 0.119999999999999995559108 0.0500004999999999963367081 -0.161499999999999976907361 9.99999999999999855486438e-10 
0.423999999999999988009591 0.22499999999999997779554 0.239999999999999991118216 0.0499999999999999958366637 -0.198999999999999982458476 0 
0.423999999999999988009591 0.22499999999999997779554 0.119999999999999995559108 0.0499999999999999958366637 -0.198999999999999982458476 0 
0.423999999999999988009591 0.22499999999999997779554 0.239999999999999991118216 0.0499999999999999958366637 -0.198999999999999982458476 9.99999999999999855486438e-10 
0.423999999999999988009591 0.22499999999999997779554 0.119999999999999995559108 0.0499999999999999958366637 -0.198999999999999982458476 9.99999999999999855486438e-10 
0.423999999999999988009591 0.22499999999999997779554 0.239999999999999991118216 0.0500004999999999963367081 -0.198999999999999982458476 0 
0.423999999999999988009591 0.22499999999999997779554 0.119999999999999995559108 0.0500004999999999963367081 -0.198999999999999982458476 0 
0.423999999999999988009591 0.22499999999999997779554 0.239999999999999991118216 0.0500004999999999963367081 -0.198999999999999982458476 9.99999999999999855486438e-10 
0.423999999999999988009591 0.22499999999999997779554 0.119999999999999995559108 0.0500004999999999963367081 -0.198999999999999982458476 9.99999999999999855486438e-10 

0.423999999999999988009591 0.337499999999999966693309 0.239999999999999991118216 0.0500009999999999968367526 -0.0864999999999999935607065 0 
0.423999999999999988009591 0.337499999999999966693309 0.119999999999999995559108 0.0500009999999999968367526 -0.0864999999999999935607065 0 
0.423999999999999988009591 0.337499999999999966693309 0.239999999999999991118216 0.0500009999999999968367526 -0.0864999999999999935607065 9.99999999999999855486438e-10 
0.423999999999999988009591 0.337499999999999966693309 0.119999999999999995559108 0.0500009999999999968367526 -0.0864999999999999935607065 9.99999999999999855486438e-10 
0.423999999999999988009591 0.337499999999999966693309 0.239999999999999991118216 0.0500004999999999963367081 -0.0864999999999999935607065 0 
0.423999999999999988009591 0.337499999999999966693309 0.119999999999999995559108 0.0500004999999999963367081 -0.0864999999999999935607065 0 
0.423999999999999988009591 0.337499999999999966693309 0.239999999999999991118216 0.0500004999999999963367081 -0.0864999999999999935607065 9.99999999999999855486438e-10 
0.423999999999999988009591 0.337499999999999966693309 0.119999999999999995559108 0.0500004999999999963367081 -0.0864999999999999935607065 9.99999999999999855486438e-10 
0.423999999999999988009591 0.262499999999999955591079 0.239999999999999991118216 0.0500009999999999968367526 -0.161499999999999976907361 0 
0.423999999999999988009591 0.262499999999999955591079 0.119999999999999995559108 0.0500009999999999968367526 -0.161499999999999976907361 0 
0.423999999999999988009591 0.262499999999999955591079 0.239999999999999991118216 0.0500009999999999968367526 -0.161499999999999976907361 9.99999999999999855486438e-10 
0.423999999999999988009591 0.262499999999999955591079 0.119999999999999995559108 0.0500009999999999968367526 -0.161499999999999976907361 9.99999999999999855486438e-10 
0.423999999999999988009591 0.262499999999999955591079 0.239999999999999991118216 0.0500004999999999963367081 -0.161499999999999976907361 0 
0.423999999999999988009591 0.262499999999999955591079 0.119999999999999995559108 0.0500004999999999963367081 -0.161499999999999976907361 0 
0.423999999999999988009591 0.262499999999999955591079 0.239999999999999991118216 0.0500004999999999963367081 -0.161499999999999976907361 9.99999999999999855486438e-10 
0.423999999999999988009591 0.262499999999999955591079 0.119999999999999995559108 0.0500004999999999963367081 -0.161499999999999976907361 9.99999999999999855486438e-10 

0.423999999999999988009591 0.262499999999999955591079 0.239999999999999991118216 0.0500009999999999968367526 -0.161499999999999976907361 0 
0.423999999999999988009591 0.262499999999999955591079 0.119999999999999995559108 0.0500009999999999968367526 -0.161499999999999976907361 0 
0.423999999999999988009591 0.262499999999999955591079 0.239999999999999991118216 0.0500009999999999968367526 -0.161499999999999976907361 9.99999999999999855486438e-10 
0.423999999999999988009591 0.262499999999999955591079 0.119999999999999995559108 0.0500009999999999968367526 -0.161499999999999976907361 9.99999999999999855486438e-10 
0.423999999999999988009591 0.262499999999999955591079 0.239999999999999991118216 0.0500004999999999963367081 -0.161499999999999976907361 0 
0.423999999999999988009591 0.262499999999999955591079 0.119999999999999995559108 0.0500004999999999963367081 -0.161499999999999976907361 0 
0.423999999999999988009591 0.262499999999999955591079 0.239999999999999991118216 0.0500004999999999963367081 -0.161499999999999976907361 9.99999999999999855486438e-10 
0.423999999999999988009591 0.262499999999999955591079 0.119999999999999995559108 0.0500004999999999963367081 -0.161499999999999976907361 9.99999999999999855486438e-10 
0.423999999999999988009591 0.22499999999999997779554 0.239999999999999991118216 0.0500009999999999968367526 -0.198999999999999982458476 0 
0.423999999999999988009591 0.22499999999999997779554 0.119999999999999995559108 0.0500009999999999968367526 -0.198999999999999982458476 0 
0.423999999999999988009591 0.22499999999999997779554 0.239999999999999991118216 0.0500009999999999968367526 -0.198999999999999982458476 9.99999999999999855486438e-10 
0.423999999999999988009591 0.22499999999999997779554 0.119999999999999995559108 0.0500009999999999968367526 -0.198999999999999982458476 9.99999999999999855486438e-10 
0.423999999999999988009591 0.22499999999999997779554 0.239999999999999991118216 0.0500004999999999963367081 -0.198999999999999982458476 0 
0.423999999999999988009591 0.22499999999999997779554 0.119999999999999995559108 0.0500004999999999963367081 -0.198999999999999982458476 0 
0.423999999999999988009591 0.22499999999999997779554 0.239999999999999991118216 0.0500004999999999963367081 -0.198999999999999982458476 9.99999999999999855486438e-10 
0.423999999999999988009591 0.22499999999999997779554 0.119999999999999995559108 0.0500004999999999963367081 -0.198999999999999982458476 9.99999999999999855486438e-10 

0.423999999999999988009591 0.262499999999999955591079 0.239999999999999991118216 0.0499999999999999958366637 -0.161499999999999976907361 0 
0.423999999999999988009591 0.262499999999999955591079 0.119999999999999995559108 0.0499999999999999958366637 -0.161499999999999976907361 0 
0.423999999999999988009591 0.262499999999999955591079 0.239999999999999991118216 0.0499999999999999958366637 -0.161499999999999976907361 9.99999999999999855486438e-10 
0.423999999999999988009591 0.262499999999999955591079 0.119999999999999995559108 0.0499999999999999958366637 -0.161499999999999976907361 9.99999999999999855486438e-10 
0.423999999999999988009591 0.262499999999999955591079 0.239999999999999991118216 0.0500004999999999963367081 -0.161499999999999976907361 0 
0.423999999999999988009591 0.262499999999999955591079 0.119999999999999995559108 0.0500004999999999963367081 -0.161499999999999976907361 0 
0.423999999999999988009591 0.262499999999999955591079 0.239999999999999991118216 0.0500004999999999963367081 -0.161499999999999976907361 9.99999999999999855486438e-10 
0.423999999999999988009591 0.262499999999999955591079 0.119999999999999995559108 0.0500004999999999963367081 -0.161499999999999976907361 9.99999999999999855486438e-10 
0.423999999999999988009591 0.311499999999999999111822 0.239999999999999991118216 0.0499999999999999958366637 -0.11249999999999998889777 0 
0.423999999999999988009591 0.311499999999999999111822 0.119999999999999995559108 0.0499999999999999958366637 -0.11249999999999998889777 0 
0.423999999999999988009591 0.311499999999999999111822 0.239999999999999991118216 0.0499999999999999958366637 -0.11249999999999998889777 9.99999999999999855486438e-10 
0.423999999999999988009591 0.311499999999999999111822 0.119999999999999995559108 0.0499999999999999958366637 -0.11249999999999998889777 9.99999999999999855486438e-10 
0.423999999999999988009591 0.311499999999999999111822 0.239999999999999991118216 0.0500004999999999963367081 -0.11249999999999998889777 0 
0.423999999999999988009591 0.311499999999999999111822 0.119999999999999995559108 0.0500004999999999963367081 -0.11249999999999998889777 0 
0.423999999999999988009591 0.311499999999999999111822 0.239999999999999991118216 0.0500004999999999963367081 -0.11249999999999998889777 9.99999999999999855486438e-10 
0.423999999999999988009591 0.311499999999999999111822 0.119999999999999995559108 0.0500004999999999963367081 -0.11249999999999998889777 9.99999999999999855486438e-10 

0.423999999999999988009591 0.262499999999999955591079 0.239999999999999991118216 0.0499999999999999958366637 -0.161499999999999976907361 0 
0.423999999999999988009591 0.262499999999999955591079 0.119999999999999995559108 0.0499999999999999958366637 -0.161499999999999976907361 0 
0.423999999999999988009591 0.262499999999999955591079 0.239999999999999991118216 0.0499999999999999958366637 -0.161499999999999976907361 9.99999999999999855486438e-10 
0.423999999999999988009591 0.262499999999999955591079 0.119999999999999995559108 0.0499999999999999958366637 -0.161499999999999976907361 9.99999999999999855486438e-10 
0.423999999999999988009591 0.262499999999999955591079 0.239999999999999991118216 0.0500004999999999963367081 -0.161499999999999976907361 0 
0.423999999999999988009591 0.262499999999999955591079 0.119999999999999995559108 0.0500004999999999963367081 -0.161499999999999976907361 0 
0.423999999999999988009591 0.262499999999999955591079 0.239999999999999991118216 0.0500004999999999963367081 -0.161499999999999976907361 9.99999999999999855486438e-10 
0.423999999999999988009591 0.262499999999999955591079 0.119999999999999995559108 0.0500004999999999963367081 -0.161499999999999976907361 9.99999999999999855486438e-10 
0.423999999999999988009591 0.22499999999999997779554 0.239999999999999991118216 0.0499999999999999958366637 -0.198999999999999982458476 0 
0.423999999999999988009591 0.22499999999999997779554 0.119999999999999995559108 0.0499999999999999958366637 -0.198999999999999982458476 0 
0.423999999999999988009591 0.22499999999999997779554 0.239999999999999991118216 0.0499999999999999958366637 -0.198999999999999982458476 9.99999999999999855486438e-10 
0.423999999999999988009591 0.22499999999999997779554 0.119999999999999995559108 0.0499999999999999958366637 -0.198999999999999982458476 9.99999999999999855486438e-10 
0.423999999999999988009591 0.22499999999999997779554 0.239999999999999991118216 0.0500004999999999963367081 -0.198999999999999982458476 0 
0.423999999999999988009591 0.22499999999999997779554 0.119999999999999995559108 0.0500004999999999963367081 -0.198999999999999982458476 0 
0.423999999999999988009591 0.22499999999999997779554 0.239999999999999991118216 0.0500004999999999963367081 -0.198999999999999982458476 9.99999999999999855486438e-10 
0.423999999999999988009591 0.22499999999999997779554 0.119999999999999995559108 0.0500004999999999963367081 -0.198999999999999982458476 9.99999999999999855486438e-10 

0.423999999999999988009591 0.262499999999999955591079 0.239999999999999991118216 0.0500009999999999968367526 -0.161499999999999976907361 0 
0.423999999999999988009591 0.262499999999999955591079 0.119999999999999995559108 0.0500009999999999968367526 -0.161499999999999976907361 0 
0.423999999999999988009591 0.262499999999999955591079 0.239999999999999991118216 0.0500009999999999968367526 -0.161499999999999976907361 9.99999999999999855486438e-10 
0.423999999999999988009591 0.262499999999999955591079 0.119999999999999995559108 0.0500009999999999968367526 -0.161499999999999976907361 9.99999999999999855486438e-10 
0.423999999999999988009591 0.262499999999999955591079 0.239999999999999991118216 0.0500004999999999963367081 -0.161499999999999976907361 0 
0.423999999999999988009591 0.262499999999999955591079 0.119999999999999995559108 0.0500004999999999963367081 -0.161499999999999976907361 0 
0.423999999999999988009591 0.262499999999999955591079 0.239999999999999991118216 0.0500004999999999963367081 -0.161499999999999976907361 9.99999999999999855486438e-10 
0.423999999999999988009591 0.262499999999999955591079 0.119999999999999995559108 0.0500004999999999963367081 -0.161499999999999976907361 9.99999999999999855486438e-10 
0.423999999999999988009591 0.311499999999999999111822 0.239999999999999991118216 0.0500009999999999968367526 -0.11249999999999998889777 0 
0.423999999999999988009591 0.311499999999999999111822 0.119999999999999995559108 0.0500009999999999968367526 -0.11249999999999998889777 0 
0.423999999999999988009591 0.311499999999999999111822 0.239999999999999991118216 0.0500009999999999968367526 -0.11249999999999998889777 9.99999999999999855486438e-10 
0.423999999999999988009591 0.311499999999999999111822 0.119999999999999995559108 0.0500009999999999968367526 -0.11249999999999998889777 9.99999999999999855486438e-10 
0.423999999999999988009591 0.311499999999999999111822 0.239999999999999991118216 0.0500004999999999963367081 -0.11249999999999998889777 0 
0.423999999999999988009591 0.311499999999999999111822 0.119999999999999995559108 0.0500004999999999963367081 -0.11249999999999998889777 0 
0.423999999999999988009591 0.311499999999999999111822 0.239999999999999991118216 0.0500004999999999963367081 -0.11249999999999998889777 9.99999999999999855486438e-10 
0.423999999999999988009591 0.311499999999999999111822 0.119999999999999995559108 0.0500004999999999963367081 -0.11249999999999998889777 9.99999999999999855486438e-10 

0.423999999999999988009591 0.262499999999999955591079 0.239999999999999991118216 0.0500009999999999968367526 -0.161499999999999976907361 0 
0.423999999999999988009591 0.262499999999999955591079 0.119999999999999995559108 0.0500009999999999968367526 -0.161499999999999976907361 0 
0.423999999999999988009591 0.262499999999999955591079 0.239999999999999991118216 0.0500009999999999968367526 -0.161499999999999976907361 9.99999999999999855486438e-10 
0.423999999999999988009591 0.262499999999999955591079 0.119999999999999995559108 0.0500009999999999968367526 -0.161499999999999976907361 9.99999999999999855486438e-10 
0.423999999999999988009591 0.262499999999999955591079 0.239999999999999991118216 0.0500004999999999963367081 -0.161499999999999976907361 0 
0.423999999999999988009591 0.262499999999999955591079 0.119999999999999995559108 0.0500004999999999963367081 -0.161499999999999976907361 0 
0.423999999999999988009591 0.262499999999999955591079 0.239999999999999991118216 0.0500004999999999963367081 -0.161499999999999976907361 9.99999999999999855486438e-10 
0.423999999999999988009591 0.262499999999999955591079 0.119999999999999995559108 0.0500004999999999963367081 -0.161499999999999976907361 9.99999999999999855486438e-10 
0.423999999999999988009591 0.22499999999999997779554 0.239999999999999991118216 0.0500009999999999968367526 -0.198999999999999982458476 0 
0.423999999999999988009591 0.22499999999999997779554 0.119999999999999995559108 0.0500009999999999968367526 -0.198999999999999982458476 0 
0.423999999999999988009591 0.22499999999999997779554 0.239999999999999991118216 0.0500009999999999968367526 -0.198999999999999982458476 9.99999999999999855486438e-10 
0.423999999999999988009591 0.22499999999999997779554 0.119999999999999995559108 0.0500009999999999968367526 -0.198999999999999982458476 9.99999999999999855486438e-10 
0.423999999999999988009591 0.22499999999999997779554 0.239999999999999991118216 0.0500004999999999963367081 -0.198999999999999982458476 0 
0.423999999999999988009591 0.22499999999999997779554 0.119999999999999995559108 0.0500004999999999963367081 -0.198999999999999982458476 0 
0.423999999999999988009591 0.22499999999999997779554 0.239999999999999991118216 0.0500004999999999963367081 -0.198999999999999982458476 9.99999999999999855486438e-10 
0.423999999999999988009591 0.22499999999999997779554 0.119999999999999995559108 0.0500004999999999963367081 -0.198999999999999982458476 9.99999999999999855486438e-10 

0.423999999999999988009591 0.22499999999999997779554 0.239999999999999991118216 0.0499999999999999958366637 -0.198999999999999982458476 0 
0.423999999999999988009591 0.22499999999999997779554 0.119999999999999995559108 0.0499999999999999958366637 -0.198999999999999982458476 0 
0.423999999999999988009591 0.22499999999999997779554 0.239999999999999991118216 0.0499999999999999958366637 -0.198999999999999982458476 9.99999999999999855486438e-10 
0.423999999999999988009591 0.22499999999999997779554 0.119999999999999995559108 0.0499999999999999958366637 -0.198999999999999982458476 9.99999999999999855486438e-10 
0.423999999999999988009591 0.22499999999999997779554 0.239999999999999991118216 0.0500004999999999963367081 -0.198999999999999982458476 0 
0.423999999999999988009591 0.22499999999999997779554 0.119999999999999995559108 0.0500004999999999963367081 -0.198999999999999982458476 0 
0.423999999999999988009591 0.22499999999999997779554 0.239999999999999991118216 0.0500004999999999963367081 -0.198999999999999982458476 9.99999999999999855486438e-10 
0.423999999999999988009591 0.22499999999999997779554 0.119999999999999995559108 0.0500004999999999963367081 -0.198999999999999982458476 9.99999999999999855486438e-10 
0.423999999999999988009591 0.198999999999999982458476 0.239999999999999991118216 0.0499999999999999958366637 -0.22499999999999997779554 0 
0.423999999999999988009591 0.198999999999999982458476 0.119999999999999995559108 0.0499999999999999958366637 -0.22499999999999997779554 0 
0.423999999999999988009591 0.198999999999999982458476 0.239999999999999991118216 0.0499999999999999958366637 -0.22499999999999997779554 9.99999999999999855486438e-10 
0.423999999999999988009591 0.198999999999999982458476 0.119999999999999995559108 0.0499999999999999958366637 -0.22499999999999997779554 9.99999999999999855486438e-10 
0.423999999999999988009591 0.198999999999999982458476 0.239999999999999991118216 0.0500004999999999963367081 -0.22499999999999997779554 0 
0.423999999999999988009591 0.198999999999999982458476 0.119999999999999995559108 0.0500004999999999963367081 -0.22499999999999997779554 0 
0.423999999999999988009591 0.198999999999999982458476 0.239999999999999991118216 0.0500004999999999963367081 -0.22499999999999997779554 9.99999999999999855486438e-10 
0.423999999999999988009591 0.198999999999999982458476 0.119999999999999995559108 0.0500004999999999963367081 -0.22499999999999997779554 9.99999999999999855486438e-10 

0.423999999999999988009591 0.22499999999999997779554 0.239999999999999991118216 0.0500009999999999968367526 -0.198999999999999982458476 0 
0.423999999999999988009591 0.22499999999999997779554 0.119999999999999995559108 0.0500009999999999968367526 -0.198999999999999982458476 0 
0.423999999999999988009591 0.22499999999999997779554 0.239999999999999991118216 0.0500009999999999968367526 -0.198999999999999982458476 9.99999999999999855486438e-10 
0.423999999999999988009591 0.22499999999999997779554 0.119999999999999995559108 0.0500009999999999968367526 -0.198999999999999982458476 9.99999999999999855486438e-10 
0.423999999999999988009591 0.22499999999999997779554 0.239999999999999991118216 0.0500004999999999963367081 -0.198999999999999982458476 0 
0.423999999999999988009591 0.22499999999999997779554 0.119999999999999995559108 0.0500004999999999963367081 -0.198999999999999982458476 0 
0.423999999999999988009591 0.22499999999999997779554 0.239999999999999991118216 0.0500004999999999963367081 -0.198999999999999982458476 9.99999999999999855486438e-10 
0.423999999999999988009591 0.22499999999999997779554 0.119999999999999995559108 0.0500004999999999963367081 -0.198999999999999982458476 9.99999999999999855486438e-10 
0.423999999999999988009591 0.198999999999999982458476 0.239999999999999991118216 0.0500009999999999968367526 -0.22499999999999997779554 0 
0.423999999999999988009591 0.198999999999999982458476 0.119999999999999995559108 0.0500009999999999968367526 -0.22499999999999997779554 0 
0.423999999999999988009591 0.198999999999999982458476 0.239999999999999991118216 0.0500009999999999968367526 -0.22499999999999997779554 9.99999999999999855486438e-10 
0.423999999999999988009591 0.198999999999999982458476 0.119999999999999995559108 0.0500009999999999968367526 -0.22499999999999997779554 9.99999999999999855486438e-10 
0.423999999999999988009591 0.198999999999999982458476 0.239999999999999991118216 0.0500004999999999963367081 -0.22499999999999997779554 0 
0.423999999999999988009591 0.198999999999999982458476 0.119999999999999995559108 0.0500004999999999963367081 -0.22499999999999997779554 0 
0.423999999999999988009591 0.198999999999999982458476 0.239999999999999991118216 0.0500004999999999963367081 -0.22499999999999997779554 9.99999999999999855486438e-10 
0.423999999999999988009591 0.198999999999999982458476 0.119999999999999995559108 0.0500004999999999963367081 -0.22499999999999997779554 9.99999999999999855486438e-10 

0.423999999999999988009591 0.22499999999999997779554 0.239999999999999991118216 0.0499999999999999958366637 -0.198999999999999982458476 0 
0.423999999999999988009591 0.22499999999999997779554 0.119999999999999995559108 0.0499999999999999958366637 -0.198999999999999982458476 0 
0.423999999999999988009591 0.22499999999999997779554 0.239999999999999991118216 0.0499999999999999958366637 -0.198999999999999982458476 9.99999999999999855486438e-10 
0.423999999999999988009591 0.22499999999999997779554 0.119999999999999995559108 0.0499999999999999958366637 -0.198999999999999982458476 9.99999999999999855486438e-10 
0.423999999999999988009591 0.22499999999999997779554 0.239999999999999991118216 0.0500004999999999963367081 -0.198999999999999982458476 0 
0.423999999999999988009591 0.22499999999999997779554 0.119999999999999995559108 0.0500004999999999963367081 -0.198999999999999982458476 0 
0.423999999999999988009591 0.22499999999999997779554 0.239999999999999991118216 0.0500004999999999963367081 -0.198999999999999982458476 9.99999999999999855486438e-10 
0.423999999999999988009591 0.22499999999999997779554 0.119999999999999995559108 0.0500004999999999963367081 -0.198999999999999982458476 9.99999999999999855486438e-10 
0.423999999999999988009591 0.17499999999999998889777 0.239999999999999991118216 0.0499999999999999958366637 -0.248999999999999999111822 0 
0.423999999999999988009591 0.17499999999999998889777 0.119999999999999995559108 0.0499999999999999958366637 -0.248999999999999999111822 0 
0.423999999999999988009591 0.17499999999999998889777 0.239999999999999991118216 0.0499999999999999958366637 -0.248999999999999999111822 9.99999999999999855486438e-10 
0.423999999999999988009591 0.17499999999999998889777 0.119999999999999995559108 0.0499999999999999958366637 -0.248999999999999999111822 9.99999999999999855486438e-10 
0.423999999999999988009591 0.17499999999999998889777 0.239999999999999991118216 0.0500004999999999963367081 -0.248999999999999999111822 0 
0.423999999999999988009591 0.17499999999999998889777 0.119999999999999995559108 0.0500004999999999963367081 -0.248999999999999999111822 0 
0.423999999999999988009591 0.17499999999999998889777 0.239999999999999991118216 0.0500004999999999963367081 -0.248999999999999999111822 9.99999999999999855486438e-10 
0.423999999999999988009591 0.17499999999999998889777 0.119999999999999995559108 0.0500004999999999963367081 -0.248999999999999999111822 9.99999999999999855486438e-10 

0.423999999999999988009591 0.22499999999999997779554 0.239999999999999991118216 0.0500009999999999968367526 -0.198999999999999982458476 0 
0.423999999999999988009591 0.22499999999999997779554 0.119999999999999995559108 0.0500009999999999968367526 -0.198999999999999982458476 0 
0.423999999999999988009591 0.22499999999999997779554 0.239999999999999991118216 0.0500009999999999968367526 -0.198999999999999982458476 9.99999999999999855486438e-10 
0.423999999999999988009591 0.22499999999999997779554 0.119999999999999995559108 0.0500009999999999968367526 -0.198999999999999982458476 9.99999999999999855486438e-10 
0.423999999999999988009591 0.22499999999999997779554 0.239999999999999991118216 0.0500004999999999963367081 -0.198999999999999982458476 0 
0.423999999999999988009591 0.22499999999999997779554 0.119999999999999995559108 0.0500004999999999963367081 -0.198999999999999982458476 0 
0.423999999999999988009591 0.22499999999999997779554 0.239999999999999991118216 0.0500004999999999963367081 -0.198999999999999982458476 9.99999999999999855486438e-10 
0.423999999999999988009591 0.22499999999999997779554 0.119999999999999995559108 0.0500004999999999963367081 -0.198999999999999982458476 9.99999999999999855486438e-10 
0.423999999999999988009591 0.17499999999999998889777 0.239999999999999991118216 0.0500009999999999968367526 -0.248999999999999999111822 0 
0.423999999999999988009591 0.17499999999999998889777 0.119999999999999995559108 0.0500009999999999968367526 -0.248999999999999999111822 0 
0.423999999999999988009591 0.17499999999999998889777 0.239999999999999991118216 0.0500009999999999968367526 -0.248999999999999999111822 9.99999999999999855486438e-10 
0.423999999999999988009591 0.17499999999999998889777 0.119999999999999995559108 0.0500009999999999968367526 -0.248999999999999999111822 9.99999999999999855486438e-10 
0.423999999999999988009591 0.17499999999999998889777 0.239999999999999991118216 0.0500004999999999963367081 -0.248999999999999999111822 0 
0.423999999999999988009591 0.17499999999999998889777 0.119999999999999995559108 0.0500004999999999963367081 -0.248999999999999999111822 0 
0.423999999999999988009591 0.17499999999999998889777 0.239999999999999991118216 0.0500004999999999963367081 -0.248999999999999999111822 9.99999999999999855486438e-10 
0.423999999999999988009591 0.17499999999999998889777 0.119999999999999995559108 0.0500004999999999963367081 -0.248999999999999999111822 9.99999999999999855486438e-10 

0.423999999999999988009591 0.17499999999999998889777 0.239999999999999991118216 0.0499999999999999958366637 -0.248999999999999999111822 0 
0.423999999999999988009591 0.17499999999999998889777 0.119999999999999995559108 0.0499999999999999958366637 -0.248999999999999999111822 0 
0.423999999999999988009591 0.17499999999999998889777 0.239999999999999991118216 0.0499999999999999958366637 -0.248999999999999999111822 9.99999999999999855486438e-10 
0.423999999999999988009591 0.17499999999999998889777 0.119999999999999995559108 0.0499999999999999958366637 -0.248999999999999999111822 9.99999999999999855486438e-10 
0.423999999999999988009591 0.17499999999999998889777 0.239999999999999991118216 0.0500004999999999963367081 -0.248999999999999999111822 0 
0.423999999999999988009591 0.17499999999999998889777 0.119999999999999995559108 0.0500004999999999963367081 -0.248999999999999999111822 0 
0.423999999999999988009591 0.17499999999999998889777 0.239999999999999991118216 0.0500004999999999963367081 -0.248999999999999999111822 9.99999999999999855486438e-10 
0.423999999999999988009591 0.17499999999999998889777 0.119999999999999995559108 0.0500004999999999963367081 -0.248999999999999999111822 9.99999999999999855486438e-10 
0.423999999999999988009591 0.198999999999999982458476 0.239999999999999991118216 0.0499999999999999958366637 -0.22499999999999997779554 0 
0.423999999999999988009591 0.198999999999999982458476 0.119999999999999995559108 0.0499999999999999958366637 -0.22499999999999997779554 0 
0.423999999999999988009591 0.198999999999999982458476 0.239999999999999991118216 0.0499999999999999958366637 -0.22499999999999997779554 9.99999999999999855486438e-10 
0.423999999999999988009591 0.198999999999999982458476 0.119999999999999995559108 0.0499999999999999958366637 -0.22499999999999997779554 9.99999999999999855486438e-10 
0.423999999999999988009591 0.198999999999999982458476 0.239999999999999991118216 0.0500004999999999963367081 -0.22499999999999997779554 0 
0.423999999999999988009591 0.198999999999999982458476 0.119999999999999995559108 0.0500004999999999963367081 -0.22499999999999997779554 0 
0.423999999999999988009591 0.198999999999999982458476 0.239999999999999991118216 0.0500004999999999963367081 -0.22499999999999997779554 9.99999999999999855486438e-10 
0.423999999999999988009591 0.198999999999999982458476 0.119999999999999995559108 0.0500004999999999963367081 -0.22499999999999997779554 9.99999999999999855486438e-10 

0.423999999999999988009591 0.17499999999999998889777 0.239999999999999991118216 0.0499999999999999958366637 -0.248999999999999999111822 0 
0.423999999999999988009591 0.17499999999999998889777 0.119999999999999995559108 0.0499999999999999958366637 -0.248999999999999999111822 0 
0.423999999999999988009591 0.17499999999999998889777 0.239999999999999991118216 0.0499999999999999958366637 -0.248999999999999999111822 9.99999999999999855486438e-10 
0.423999999999999988009591 0.17499999999999998889777 0.119999999999999995559108 0.0499999999999999958366637 -0.248999999999999999111822 9.99999999999999855486438e-10 
0.423999999999999988009591 0.17499999999999998889777 0.239999999999999991118216 0.0500004999999999963367081 -0.248999999999999999111822 0 
0.423999999999999988009591 0.17499999999999998889777 0.119999999999999995559108 0.0500004999999999963367081 -0.248999999999999999111822 0 
0.423999999999999988009591 0.17499999999999998889777 0.239999999999999991118216 0.0500004999999999963367081 -0.248999999999999999111822 9.99999999999999855486438e-10 
0.423999999999999988009591 0.17499999999999998889777 0.119999999999999995559108 0.0500004999999999963367081 -0.248999999999999999111822 9.99999999999999855486438e-10 
0.423999999999999988009591 0.11249999999999998889777 0.239999999999999991118216 0.0499999999999999958366637 -0.311499999999999999111822 0 
0.423999999999999988009591 0.11249999999999998889777 0.119999999999999995559108 0.0499999999999999958366637 -0.311499999999999999111822 0 
0.423999999999999988009591 0.11249999999999998889777 0.239999999999999991118216 0.0499999999999999958366637 -0.311499999999999999111822 9.99999999999999855486438e-10 
0.423999999999999988009591 0.11249999999999998889777 0.119999999999999995559108 0.0499999999999999958366637 -0.311499999999999999111822 9.99999999999999855486438e-10 
0.423999999999999988009591 0.11249999999999998889777 0.239999999999999991118216 0.0500004999999999963367081 -0.311499999999999999111822 0 
0.423999999999999988009591 0.11249999999999998889777 0.119999999999999995559108 0.0500004999999999963367081 -0.311499999999999999111822 0 
0.423999999999999988009591 0.11249999999999998889777 0.239999999999999991118216 0.0500004999999999963367081 -0.311499999999999999111822 9.99999999999999855486438e-10 
0.423999999999999988009591 0.11249999999999998889777 0.119999999999999995559108 0.0500004999999999963367081 -0.311499999999999999111822 9.99999999999999855486438e-10 

0.423999999999999988009591 0.17499999999999998889777 0.239999999999999991118216 0.0500009999999999968367526 -0.248999999999999999111822 0 
0.423999999999999988009591 0.17499999999999998889777 0.119999999999999995559108 0.0500009999999999968367526 -0.248999999999999999111822 0 
0.423999999999999988009591 0.17499999999999998889777 0.239999999999999991118216 0.0500009999999999968367526 -0.248999999999999999111822 9.99999999999999855486438e-10 
0.423999999999999988009591 0.17499999999999998889777 0.119999999999999995559108 0.0500009999999999968367526 -0.248999999999999999111822 9.99999999999999855486438e-10 
0.423999999999999988009591 0.17499999999999998889777 0.239999999999999991118216 0.0500004999999999963367081 -0.248999999999999999111822 0 
0.423999999999999988009591 0.17499999999999998889777 0.119999999999999995559108 0.0500004999999999963367081 -0.248999999999999999111822 0 
0.423999999999999988009591 0.17499999999999998889777 0.239999999999999991118216 0.0500004999999999963367081 -0.248999999999999999111822 9.99999999999999855486438e-10 
0.423999999999999988009591 0.17499999999999998889777 0.119999999999999995559108 0.0500004999999999963367081 -0.248999999999999999111822 9.99999999999999855486438e-10 
0.423999999999999988009591 0.198999999999999982458476 0.239999999999999991118216 0.0500009999999999968367526 -0.22499999999999997779554 0 
0.423999999999999988009591 0.198999999999999982458476 0.119999999999999995559108 0.0500009999999999968367526 -0.22499999999999997779554 0 
0.423999999999999988009591 0.198999999999999982458476 0.239999999999999991118216 0.0500009999999999968367526 -0.22499999999999997779554 9.99999999999999855486438e-10 
0.423999999999999988009591 0.198999999999999982458476 0.119999999999999995559108 0.0500009999999999968367526 -0.22499999999999997779554 9.99999999999999855486438e-10 
0.423999999999999988009591 0.198999999999999982458476 0.239999999999999991118216 0.0500004999999999963367081 -0.22499999999999997779554 0 
0.423999999999999988009591 0.198999999999999982458476 0.119999999999999995559108 0.0500004999999999963367081 -0.22499999999999997779554 0 
0.423999999999999988009591 0.198999999999999982458476 0.239999999999999991118216 0.0500004999999999963367081 -0.22499999999999997779554 9.99999999999999855486438e-10 
0.423999999999999988009591 0.198999999999999982458476 0.119999999999999995559108 0.0500004999999999963367081 -0.22499999999999997779554 9.99999999999999855486438e-10 

0.423999999999999988009591 0.17499999999999998889777 0.239999999999999991118216 0.0500009999999999968367526 -0.248999999999999999111822 0 
0.423999999999999988009591 0.17499999999999998889777 0.119999999999999995559108 0.0500009999999999968367526 -0.248999999999999999111822 0 
0.423999999999999988009591 0.17499999999999998889777 0.239999999999999991118216 0.0500009999999999968367526 -0.248999999999999999111822 9.99999999999999855486438e-10 
0.423999999999999988009591 0.17499999999999998889777 0.119999999999999995559108 0.0500009999999999968367526 -0.248999999999999999111822 9.99999999999999855486438e-10 
0.423999999999999988009591 0.17499999999999998889777 0.239999999999999991118216 0.0500004999999999963367081 -0.248999999999999999111822 0 
0.423999999999999988009591 0.17499999999999998889777 0.119999999999999995559108 0.0500004999999999963367081 -0.248999999999999999111822 0 
0.423999999999999988009591 0.17499999999999998889777 0.239999999999999991118216 0.0500004999999999963367081 -0.248999999999999999111822 9.99999999999999855486438e-10 
0.423999999999999988009591 0.17499999999999998889777 0.119999999999999995559108 0.0500004999999999963367081 -0.248999999999999999111822 9.99999999999999855486438e-10 
0.423999999999999988009591 0.11249999999999998889777 0.239999999999999991118216 0.0500009999999999968367526 -0.311499999999999999111822 0 
0.423999999999999988009591 0.11249999999999998889777 0.119999999999999995559108 0.0500009999999999968367526 -0.311499999999999999111822 0 
0.423999999999999988009591 0.11249999999999998889777 0.239999999999999991118216 0.0500009999999999968367526 -0.311499999999999999111822 9.99999999999999855486438e-10 
0.423999999999999988009591 0.11249999999999998889777 0.119999999999999995559108 0.0500009999999999968367526 -0.311499999999999999111822 9.99999999999999855486438e-10 
0.423999999999999988009591 0.11249999999999998889777 0.239999999999999991118216 0.0500004999999999963367081 -0.311499999999999999111822 0 
0.423999999999999988009591 0.11249999999999998889777 0.119999999999999995559108 0.0500004999999999963367081 -0.311499999999999999111822 0 
0.423999999999999988009591 0.11249999999999998889777 0.239999999999999991118216 0.0500004999999999963367081 -0.311499999999999999111822 9.99999999999999855486438e-10 
0.423999999999999988009591 0.11249999999999998889777 0.119999999999999995559108 0.0500004999999999963367081 -0.311499999999999999111822 9.99999999999999855486438e-10 

0.423999999999999988009591 0.17499999999999998889777 0.239999999999999991118216 0.0499999999999999958366637 -0.248999999999999999111822 0 
0.423999999999999988009591 0.17499999999999998889777 0.119999999999999995559108 0.0499999999999999958366637 -0.248999999999999999111822 0 
0.423999999999999988009591 0.17499999999999998889777 0.239999999999999991118216 0.0499999999999999958366637 -0.248999999999999999111822 9.99999999999999855486438e-10 
0.423999999999999988009591 0.17499999999999998889777 0.119999999999999995559108 0.0499999999999999958366637 -0.248999999999999999111822 9.99999999999999855486438e-10 
0.423999999999999988009591 0.17499999999999998889777 0.239999999999999991118216 0.0500004999999999963367081 -0.248999999999999999111822 0 
0.423999999999999988009591 0.17499999999999998889777 0.119999999999999995559108 0.0500004999999999963367081 -0.248999999999999999111822 0 
0.423999999999999988009591 0.17499999999999998889777 0.239999999999999991118216 0.0500004999999999963367081 -0.248999999999999999111822 9.99999999999999855486438e-10 
0.423999999999999988009591 0.17499999999999998889777 0.119999999999999995559108 0.0500004999999999963367081 -0.248999999999999999111822 9.99999999999999855486438e-10 
0.423999999999999988009591 0.11249999999999998889777 0.239999999999999991118216 0.0499999999999999958366637 -0.311499999999999999111822 0 
0.423999999999999988009591 0.11249999999999998889777 0.119999999999999995559108 0.0499999999999999958366637 -0.311499999999999999111822 0 
0.423999999999999988009591 0.11249999999999998889777 0.239999999999999991118216 0.0499999999999999958366637 -0.311499999999999999111822 9.99999999999999855486438e-10 
0.423999999999999988009591 0.11249999999999998889777 0.119999999999999995559108 0.0499999999999999958366637 -0.311499999999999999111822 9.99999999999999855486438e-10 
0.423999999999999988009591 0.11249999999999998889777 0.239999999999999991118216 0.0500004999999999963367081 -0.311499999999999999111822 0 
0.423999999999999988009591 0.11249999999999998889777 0.119999999999999995559108 0.0500004999999999963367081 -0.311499999999999999111822 0 
0.423999999999999988009591 0.11249999999999998889777 0.239999999999999991118216 0.0500004999999999963367081 -0.311499999999999999111822 9.99999999999999855486438e-10 
0.423999999999999988009591 0.11249999999999998889777 0.119999999999999995559108 0.0500004999999999963367081 -0.311499999999999999111822 9.99999999999999855486438e-10 

0.423999999999999988009591 0.17499999999999998889777 0.239999999999999991118216 0.0500009999999999968367526 -0.248999999999999999111822 0 
0.423999999999999988009591 0.17499999999999998889777 0.119999999999999995559108 0.0500009999999999968367526 -0.248999999999999999111822 0 
0.423999999999999988009591 0.17499999999999998889777 0.239999999999999991118216 0.0500009999999999968367526 -0.248999999999999999111822 9.99999999999999855486438e-10 
0.423999999999999988009591 0.17499999999999998889777 0.119999999999999995559108 0.0500009999999999968367526 -0.248999999999999999111822 9.99999999999999855486438e-10 
0.423999999999999988009591 0.17499999999999998889777 0.239999999999999991118216 0.0500004999999999963367081 -0.248999999999999999111822 0 
0.423999999999999988009591 0.17499999999999998889777 0.119999999999999995559108 0.0500004999999999963367081 -0.248999999999999999111822 0 
0.423999999999999988009591 0.17499999999999998889777 0.239999999999999991118216 0.0500004999999999963367081 -0.248999999999999999111822 9.99999999999999855486438e-10 
0.423999999999999988009591 0.17499999999999998889777 0.119999999999999995559108 0.0500004999999999963367081 -0.248999999999999999111822 9.99999999999999855486438e-10 
0.423999999999999988009591 0.11249999999999998889777 0.239999999999999991118216 0.0500009999999999968367526 -0.311499999999999999111822 0 
0.423999999999999988009591 0.11249999999999998889777 0.119999999999999995559108 0.0500009999999999968367526 -0.311499999999999999111822 0 
0.423999999999999988009591 0.11249999999999998889777 0.239999999999999991118216 0.0500009999999999968367526 -0.311499999999999999111822 9.99999999999999855486438e-10 
0.423999999999999988009591 0.11249999999999998889777 0.119999999999999995559108 0.0500009999999999968367526 -0.311499999999999999111822 9.99999999999999855486438e-10 
0.423999999999999988009591 0.11249999999999998889777 0.239999999999999991118216 0.0500004999999999963367081 -0.311499999999999999111822 0 
0.423999999999999988009591 0.11249999999999998889777 0.119999999999999995559108 0.0500004999999999963367081 -0.311499999999999999111822 0 
0.423999999999999988009591 0.11249999999999998889777 0.239999999999999991118216 0.0500004999999999963367081 -0.311499999999999999111822 9.99999999999999855486438e-10 
0.423999999999999988009591 0.11249999999999998889777 0.119999999999999995559108 0.0500004999999999963367081 -0.311499999999999999111822 9.99999999999999855486438e-10 

0.423999999999999988009591 0.11249999999999998889777 0.239999999999999991118216 0.0499999999999999958366637 -0.311499999999999999111822 0 
0.423999999999999988009591 0.11249999999999998889777 0.119999999999999995559108 0.0499999999999999958366637 -0.311499999999999999111822 0 
0.423999999999999988009591 0.11249999999999998889777 0.239999999999999991118216 0.0499999999999999958366637 -0.311499999999999999111822 9.99999999999999855486438e-10 
0.423999999999999988009591 0.11249999999999998889777 0.119999999999999995559108 0.0499999999999999958366637 -0.311499999999999999111822 9.99999999999999855486438e-10 
0.423999999999999988009591 0.11249999999999998889777 0.239999999999999991118216 0.0500004999999999963367081 -0.311499999999999999111822 0 
0.423999999999999988009591 0.11249999999999998889777 0.119999999999999995559108 0.0500004999999999963367081 -0.311499999999999999111822 0 
0.423999999999999988009591 0.11249999999999998889777 0.239999999999999991118216 0.0500004999999999963367081 -0.311499999999999999111822 9.99999999999999855486438e-10 
0.423999999999999988009591 0.11249999999999998889777 0.119999999999999995559108 0.0500004999999999963367081 -0.311499999999999999111822 9.99999999999999855486438e-10 
0.423999999999999988009591 0.0874999999999999944488849 0.239999999999999991118216 0.0499999999999999958366637 -0.336499999999999965805131 0 
0.423999999999999988009591 0.0874999999999999944488849 0.119999999999999995559108 0.0499999999999999958366637 -0.336499999999999965805131 0 
0.423999999999999988009591 0.0874999999999999944488849 0.239999999999999991118216 0.0499999999999999958366637 -0.336499999999999965805131 9.99999999999999855486438e-10 
0.423999999999999988009591 0.0874999999999999944488849 0.119999999999999995559108 0.0499999999999999958366637 -0.336499999999999965805131 9.99999999999999855486438e-10 
0.423999999999999988009591 0.0874999999999999944488849 0.239999999999999991118216 0.0500004999999999963367081 -0.336499999999999965805131 0 
0.423999999999999988009591 0.0874999999999999944488849 0.119999999999999995559108 0.0500004999999999963367081 -0.336499999999999965805131 0 
0.423999999999999988009591 0.0874999999999999944488849 0.239999999999999991118216 0.0500004999999999963367081 -0.336499999999999965805131 9.99999999999999855486438e-10 
0.423999999999999988009591 0.0874999999999999944488849 0.119999999999999995559108 0.0500004999999999963367081 -0.336499999999999965805131 9.99999999999999855486438e-10 

0.423999999999999988009591 0.0874999999999999944488849 0.239999999999999991118216 0.0499999999999999958366637 -0.336499999999999965805131 0 
0.423999999999999988009591 0.0874999999999999944488849 0.119999999999999995559108 0.0499999999999999958366637 -0.336499999999999965805131 0 
0.423999999999999988009591 0.0874999999999999944488849 0.239999999999999991118216 0.0499999999999999958366637 -0.336499999999999965805131 9.99999999999999855486438e-10 
0.423999999999999988009591 0.0874999999999999944488849 0.119999999999999995559108 0.0499999999999999958366637 -0.336499999999999965805131 9.99999999999999855486438e-10 
0.423999999999999988009591 0.0874999999999999944488849 0.239999999999999991118216 0.0500004999999999963367081 -0.336499999999999965805131 0 
0.423999999999999988009591 0.0874999999999999944488849 0.119999999999999995559108 0.0500004999999999963367081 -0.336499999999999965805131 0 
0.423999999999999988009591 0.0874999999999999944488849 0.239999999999999991118216 0.0500004999999999963367081 -0.336499999999999965805131 9.99999999999999855486438e-10 
0.423999999999999988009591 0.0874999999999999944488849 0.119999999999999995559108 0.0500004999999999963367081 -0.336499999999999965805131 9.99999999999999855486438e-10 
0.423999999999999988009591 0.0864999999999999935607065 0.239999999999999991118216 0.0499999999999999958366637 -0.337499999999999966693309 0 
0.423999999999999988009591 0.0864999999999999935607065 0.119999999999999995559108 0.0499999999999999958366637 -0.337499999999999966693309 0 
0.423999999999999988009591 0.0864999999999999935607065 0.239999999999999991118216 0.0499999999999999958366637 -0.337499999999999966693309 9.99999999999999855486438e-10 
0.423999999999999988009591 0.0864999999999999935607065 0.119999999999999995559108 0.0499999999999999958366637 -0.337499999999999966693309 9.99999999999999855486438e-10 
0.423999999999999988009591 0.0864999999999999935607065 0.239999999999999991118216 0.0500004999999999963367081 -0.337499999999999966693309 0 
0.423999999999999988009591 0.0864999999999999935607065 0.119999999999999995559108 0.0500004999999999963367081 -0.337499999999999966693309 0 
0.423999999999999988009591 0.0864999999999999935607065 0.239999999999999991118216 0.0500004999999999963367081 -0.337499999999999966693309 9.99999999999999855486438e-10 
0.423999999999999988009591 0.0864999999999999935607065 0.119999999999999995559108 0.0500004999999999963367081 -0.337499999999999966693309 9.99999999999999855486438e-10 

0.423999999999999988009591 0.11249999999999998889777 0.239999999999999991118216 0.0500009999999999968367526 -0.311499999999999999111822 0 
0.423999999999999988009591 0.11249999999999998889777 0.119999999999999995559108 0.0500009999999999968367526 -0.311499999999999999111822 0 
0.423999999999999988009591 0.11249999999999998889777 0.239999999999999991118216 0.0500009999999999968367526 -0.311499999999999999111822 9.99999999999999855486438e-10 
0.423999999999999988009591 0.11249999999999998889777 0.119999999999999995559108 0.0500009999999999968367526 -0.311499999999999999111822 9.99999999999999855486438e-10 
0.423999999999999988009591 0.11249999999999998889777 0.239999999999999991118216 0.0500004999999999963367081 -0.311499999999999999111822 0 
0.423999999999999988009591 0.11249999999999998889777 0.119999999999999995559108 0.0500004999999999963367081 -0.311499999999999999111822 0 
0.423999999999999988009591 0.11249999999999998889777 0.239999999999999991118216 0.0500004999999999963367081 -0.311499999999999999111822 9.99999999999999855486438e-10 
0.423999999999999988009591 0.11249999999999998889777 0.119999999999999995559108 0.0500004999999999963367081 -0.311499999999999999111822 9.99999999999999855486438e-10 
0.423999999999999988009591 0.0874999999999999944488849 0.239999999999999991118216 0.0500009999999999968367526 -0.336499999999999965805131 0 
0.423999999999999988009591 0.0874999999999999944488849 0.119999999999999995559108 0.0500009999999999968367526 -0.336499999999999965805131 0 
0.423999999999999988009591 0.0874999999999999944488849 0.239999999999999991118216 0.0500009999999999968367526 -0.336499999999999965805131 9.99999999999999855486438e-10 
0.423999999999999988009591 0.0874999999999999944488849 0.119999999999999995559108 0.0500009999999999968367526 -0.336499999999999965805131 9.99999999999999855486438e-10 
0.423999999999999988009591 0.0874999999999999944488849 0.239999999999999991118216 0.0500004999999999963367081 -0.336499999999999965805131 0 
0.423999999999999988009591 0.0874999999999999944488849 0.119999999999999995559108 0.0500004999999999963367081 -0.336499999999999965805131 0 
0.423999999999999988009591 0.0874999999999999944488849 0.239999999999999991118216 0.0500004999999999963367081 -0.336499999999999965805131 9.99999999999999855486438e-10 
0.423999999999999988009591 0.0874999999999999944488849 0.119999999999999995559108 0.0500004999999999963367081 -0.336499999999999965805131 9.99999999999999855486438e-10 

0.423999999999999988009591 0.0874999999999999944488849 0.239999999999999991118216 0.0500009999999999968367526 -0.336499999999999965805131 0 
0.423999999999999988009591 0.0874999999999999944488849 0.119999999999999995559108 0.0500009999999999968367526 -0.336499999999999965805131 0 
0.423999999999999988009591 0.0874999999999999944488849 0.239999999999999991118216 0.0500009999999999968367526 -0.336499999999999965805131 9.99999999999999855486438e-10 
0.423999999999999988009591 0.0874999999999999944488849 0.119999999999999995559108 0.0500009999999999968367526 -0.336499999999999965805131 9.99999999999999855486438e-10 
0.423999999999999988009591 0.0874999999999999944488849 0.239999999999999991118216 0.0500004999999999963367081 -0.336499999999999965805131 0 
0.423999999999999988009591 0.0874999999999999944488849 0.119999999999999995559108 0.0500004999999999963367081 -0.336499999999999965805131 0 
0.423999999999999988009591 0.0874999999999999944488849 0.239999999999999991118216 0.0500004999999999963367081 -0.336499999999999965805131 9.99999999999999855486438e-10 
0.423999999999999988009591 0.0874999999999999944488849 0.119999999999999995559108 0.0500004999999999963367081 -0.336499999999999965805131 9.99999999999999855486438e-10 
0.423999999999999988009591 0.0864999999999999935607065 0.239999999999999991118216 0.0500009999999999968367526 -0.337499999999999966693309 0 
0.423999999999999988009591 0.0864999999999999935607065 0.119999999999999995559108 0.0500009999999999968367526 -0.337499999999999966693309 0 
0.423999999999999988009591 0.0864999999999999935607065 0.239999999999999991118216 0.0500009999999999968367526 -0.337499999999999966693309 9.99999999999999855486438e-10 
0.423999999999999988009591 0.0864999999999999935607065 0.119999999999999995559108 0.0500009999999999968367526 -0.337499999999999966693309 9.99999999999999855486438e-10 
0.423999999999999988009591 0.0864999999999999935607065 0.239999999999999991118216 0.0500004999999999963367081 -0.337499999999999966693309 0 
0.423999999999999988009591 0.0864999999999999935607065 0.119999999999999995559108 0.0500004999999999963367081 -0.337499999999999966693309 0 
0.423999999999999988009591 0.0864999999999999935607065 0.239999999999999991118216 0.0500004999999999963367081 -0.337499999999999966693309 9.99999999999999855486438e-10 
0.423999999999999988009591 0.0864999999999999935607065 0.119999999999999995559108 0.0500004999999999963367081 -0.337499999999999966693309 9.99999999999999855486438e-10 

0.423999999999999988009591 0.11249999999999998889777 0.239999999999999991118216 0.0499999999999999958366637 -0.311499999999999999111822 0 
0.423999999999999988009591 0.11249999999999998889777 0.119999999999999995559108 0.0499999999999999958366637 -0.311499999999999999111822 0 
0.423999999999999988009591 0.11249999999999998889777 0.239999999999999991118216 0.0499999999999999958366637 -0.311499999999999999111822 9.99999999999999855486438e-10 
0.423999999999999988009591 0.11249999999999998889777 0.119999999999999995559108 0.0499999999999999958366637 -0.311499999999999999111822 9.99999999999999855486438e-10 
0.423999999999999988009591 0.11249999999999998889777 0.239999999999999991118216 0.0500004999999999963367081 -0.311499999999999999111822 0 
0.423999999999999988009591 0.11249999999999998889777 0.119999999999999995559108 0.0500004999999999963367081 -0.311499999999999999111822 0 
0.423999999999999988009591 0.11249999999999998889777 0.239999999999999991118216 0.0500004999999999963367081 -0.311499999999999999111822 9.99999999999999855486438e-10 
0.423999999999999988009591 0.11249999999999998889777 0.119999999999999995559108 0.0500004999999999963367081 -0.311499999999999999111822 9.99999999999999855486438e-10 
0.423999999999999988009591 0.0874999999999999944488849 0.239999999999999991118216 0.0499999999999999958366637 -0.336499999999999965805131 0 
0.423999999999999988009591 0.0874999999999999944488849 0.119999999999999995559108 0.0499999999999999958366637 -0.336499999999999965805131 0 
0.423999999999999988009591 0.0874999999999999944488849 0.239999999999999991118216 0.0499999999999999958366637 -0.336499999999999965805131 9.99999999999999855486438e-10 
0.423999999999999988009591 0.0874999999999999944488849 0.119999999999999995559108 0.0499999999999999958366637 -0.336499999999999965805131 9.99999999999999855486438e-10 
0.423999999999999988009591 0.0874999999999999944488849 0.239999999999999991118216 0.0500004999999999963367081 -0.336499999999999965805131 0 
0.423999999999999988009591 0.0874999999999999944488849 0.119999999999999995559108 0.0500004999999999963367081 -0.336499999999999965805131 0 
0.423999999999999988009591 0.0874999999999999944488849 0.239999999999999991118216 0.0500004999999999963367081 -0.336499999999999965805131 9.99999999999999855486438e-10 
0.423999999999999988009591 0.0874999999999999944488849 0.119999999999999995559108 0.0500004999999999963367081 -0.336499999999999965805131 9.99999999999999855486438e-10 

0.423999999999999988009591 0.0874999999999999944488849 0.239999999999999991118216 0.0499999999999999958366637 -0.336499999999999965805131 0 
0.423999999999999988009591 0.0874999999999999944488849 0.119999999999999995559108 0.0499999999999999958366637 -0.336499999999999965805131 0 
0.423999999999999988009591 0.0874999999999999944488849 0.239999999999999991118216 0.0499999999999999958366637 -0.336499999999999965805131 9.99999999999999855486438e-10 
0.423999999999999988009591 0.0874999999999999944488849 0.119999999999999995559108 0.0499999999999999958366637 -0.336499999999999965805131 9.99999999999999855486438e-10 
0.423999999999999988009591 0.0874999999999999944488849 0.239999999999999991118216 0.0500004999999999963367081 -0.336499999999999965805131 0 
0.423999999999999988009591 0.0874999999999999944488849 0.119999999999999995559108 0.0500004999999999963367081 -0.336499999999999965805131 0 
0.423999999999999988009591 0.0874999999999999944488849 0.239999999999999991118216 0.0500004999999999963367081 -0.336499999999999965805131 9.99999999999999855486438e-10 
0.423999999999999988009591 0.0874999999999999944488849 0.119999999999999995559108 0.0500004999999999963367081 -0.336499999999999965805131 9.99999999999999855486438e-10 
0.423999999999999988009591 0 0.239999999999999991118216 0.0499999999999999958366637 -0.423999999999999988009591 0 
0.423999999999999988009591 0 0.119999999999999995559108 0.0499999999999999958366637 -0.423999999999999988009591 0 
0.423999999999999988009591 0 0.239999999999999991118216 0.0499999999999999958366637 -0.423999999999999988009591 9.99999999999999855486438e-10 
0.423999999999999988009591 0 0.119999999999999995559108 0.0499999999999999958366637 -0.423999999999999988009591 9.99999999999999855486438e-10 
0.423999999999999988009591 0 0.239999999999999991118216 0.0500004999999999963367081 -0.423999999999999988009591 0 
0.423999999999999988009591 0 0.119999999999999995559108 0.0500004999999999963367081 -0.423999999999999988009591 0 
0.423999999999999988009591 0 0.239999999999999991118216 0.0500004999999999963367081 -0.423999999999999988009591 9.99999999999999855486438e-10 
0.423999999999999988009591 0 0.119999999999999995559108 0.0500004999999999963367081 -0.423999999999999988009591 9.99999999999999855486438e-10 

0.423999999999999988009591 0.11249999999999998889777 0.239999999999999991118216 0.0500009999999999968367526 -0.311499999999999999111822 0 
0.423999999999999988009591 0.11249999999999998889777 0.119999999999999995559108 0.0500009999999999968367526 -0.311499999999999999111822 0 
0.423999999999999988009591 0.11249999999999998889777 0.239999999999999991118216 0.0500009999999999968367526 -0.311499999999999999111822 9.99999999999999855486438e-10 
0.423999999999999988009591 0.11249999999999998889777 0.119999999999999995559108 0.0500009999999999968367526 -0.311499999999999999111822 9.99999999999999855486438e-10 
0.423999999999999988009591 0.11249999999999998889777 0.239999999999999991118216 0.0500004999999999963367081 -0.311499999999999999111822 0 
0.423999999999999988009591 0.11249999999999998889777 0.119999999999999995559108 0.0500004999999999963367081 -0.311499999999999999111822 0 
0.423999999999999988009591 0.11249999999999998889777 0.239999999999999991118216 0.0500004999999999963367081 -0.311499999999999999111822 9.99999999999999855486438e-10 
0.423999999999999988009591 0.11249999999999998889777 0.119999999999999995559108 0.0500004999999999963367081 -0.311499999999999999111822 9.99999999999999855486438e-10 
0.423999999999999988009591 0.0874999999999999944488849 0.239999999999999991118216 0.0500009999999999968367526 -0.336499999999999965805131 0 
0.423999999999999988009591 0.0874999999999999944488849 0.119999999999999995559108 0.0500009999999999968367526 -0.336499999999999965805131 0 
0.423999999999999988009591 0.0874999999999999944488849 0.239999999999999991118216 0.0500009999999999968367526 -0.336499999999999965805131 9.99999999999999855486438e-10 
0.423999999999999988009591 0.0874999999999999944488849 0.119999999999999995559108 0.0500009999999999968367526 -0.336499999999999965805131 9.99999999999999855486438e-10 
0.423999999999999988009591 0.0874999999999999944488849 0.239999999999999991118216 0.0500004999999999963367081 -0.336499999999999965805131 0 
0.423999999999999988009591 0.0874999999999999944488849 0.119999999999999995559108 0.0500004999999999963367081 -0.336499999999999965805131 0 
0.423999999999999988009591 0.0874999999999999944488849 0.239999999999999991118216 0.0500004999999999963367081 -0.336499999999999965805131 9.99999999999999855486438e-10 
0.423999999999999988009591 0.0874999999999999944488849 0.119999999999999995559108 0.0500004999999999963367081 -0.336499999999999965805131 9.99999999999999855486438e-10 

0.423999999999999988009591 0.0874999999999999944488849 0.239999999999999991118216 0.0500009999999999968367526 -0.336499999999999965805131 0 
0.423999999999999988009591 0.0874999999999999944488849 0.119999999999999995559108 0.0500009999999999968367526 -0.336499999999999965805131 0 
0.423999999999999988009591 0.0874999999999999944488849 0.239999999999999991118216 0.0500009999999999968367526 -0.336499999999999965805131 9.99999999999999855486438e-10 
0.423999999999999988009591 0.0874999999999999944488849 0.119999999999999995559108 0.0500009999999999968367526 -0.336499999999999965805131 9.99999999999999855486438e-10 
0.423999999999999988009591 0.0874999999999999944488849 0.239999999999999991118216 0.0500004999999999963367081 -0.336499999999999965805131 0 
0.423999999999999988009591 0.0874999999999999944488849 0.119999999999999995559108 0.0500004999999999963367081 -0.336499999999999965805131 0 
0.423999999999999988009591 0.0874999999999999944488849 0.239999999999999991118216 0.0500004999999999963367081 -0.336499999999999965805131 9.99999999999999855486438e-10 
0.423999999999999988009591 0.0874999999999999944488849 0.119999999999999995559108 0.0500004999999999963367081 -0.336499999999999965805131 9.99999999999999855486438e-10 
0.423999999999999988009591 0 0.239999999999999991118216 0.0500009999999999968367526 -0.423999999999999988009591 0 
0.423999999999999988009591 0 0.119999999999999995559108 0.0500009999999999968367526 -0.423999999999999988009591 0 
0.423999999999999988009591 0 0.239999999999999991118216 0.0500009999999999968367526 -0.423999999999999988009591 9.99999999999999855486438e-10 
0.423999999999999988009591 0 0.119999999999999995559108 0.0500009999999999968367526 -0.423999999999999988009591 9.99999999999999855486438e-10 
0.423999999999999988009591 0 0.239999999999999991118216 0.0500004999999999963367081 -0.423999999999999988009591 0 
0.423999999999999988009591 0 0.119999999999999995559108 0.0500004999999999963367081 -0.423999999999999988009591 0 
0.423999999999999988009591 0 0.239999999999999991118216 0.0500004999999999963367081 -0.423999999999999988009591 9.99999999999999855486438e-10 
0.423999999999999988009591 0 0.119999999999999995559108 0.0500004999999999963367081 -0.423999999999999988009591 9.99999999999999855486438e-10 

0.423999999999999988009591 0 0.239999999999999991118216 0.0499999999999999958366637 -0.423999999999999988009591 0 
0.423999999999999988009591 0 0.119999999999999995559108 0.0499999999999999958366637 -0.423999999999999988009591 0 
0.423999999999999988009591 0 0.239999999999999991118216 0.0499999999999999958366637 -0.423999999999999988009591 9.99999999999999855486438e-10 
0.423999999999999988009591 0 0.119999999999999995559108 0.0499999999999999958366637 -0.423999999999999988009591 9.99999999999999855486438e-10 
0.423999999999999988009591 0 0.239999999999999991118216 0.0500004999999999963367081 -0.423999999999999988009591 0 
0.423999999999999988009591 0 0.119999999999999995559108 0.0500004999999999963367081 -0.423999999999999988009591 0 
0.423999999999999988009591 0 0.239999999999999991118216 0.0500004999999999963367081 -0.423999999999999988009591 9.99999999999999855486438e-10 
0.423999999999999988009591 0 0.119999999999999995559108 0.0500004999999999963367081 -0.423999999999999988009591 9.99999999999999855486438e-10 

0.423999999999999988009591 0 0.239999999999999991118216 0.0500009999999999968367526 -0.423999999999999988009591 0 
0.423999999999999988009591 0 0.119999999999999995559108 0.0500009999999999968367526 -0.423999999999999988009591 0 
0.423999999999999988009591 0 0.239999999999999991118216 0.0500009999999999968367526 -0.423999999999999988009591 9.99999999999999855486438e-10 
0.423999999999999988009591 0 0.119999999999999995559108 0.0500009999999999968367526 -0.423999999999999988009591 9.99999999999999855486438e-10 
0.423999999999999988009591 0 0.239999999999999991118216 0.0500004999999999963367081 -0.423999999999999988009591 0 
0.423999999999999988009591 0 0.119999999999999995559108 0.0500004999999999963367081 -0.423999999999999988009591 0 
0.423999999999999988009591 0 0.239999999999999991118216 0.0500004999999999963367081 -0.423999999999999988009591 9.99999999999999855486438e-10 
0.423999999999999988009591 0 0.119999999999999995559108 0.0500004999999999963367081 -0.423999999999999988009591 9.99999999999999855486438e-10 

0.423999999999999988009591 0 0.239999999999999991118216 0.0499999999999999958366637 -0.423999999999999988009591 0 
0.423999999999999988009591 0 0.119999999999999995559108 0.0499999999999999958366637 -0.423999999999999988009591 0 
0.423999999999999988009591 0 0.239999999999999991118216 0.0499999999999999958366637 -0.423999999999999988009591 9.99999999999999855486438e-10 
0.423999999999999988009591 0 0.119999999999999995559108 0.0499999999999999958366637 -0.423999999999999988009591 9.99999999999999855486438e-10 
0.423999999999999988009591 0 0.239999999999999991118216 0.0500004999999999963367081 -0.423999999999999988009591 0 
0.423999999999999988009591 0 0.119999999999999995559108 0.0500004999999999963367081 -0.423999999999999988009591 0 
0.423999999999999988009591 0 0.239999999999999991118216 0.0500004999999999963367081 -0.423999999999999988009591 9.99999999999999855486438e-10 
0.423999999999999988009591 0 0.119999999999999995559108 0.0500004999999999963367081 -0.423999999999999988009591 9.99999999999999855486438e-10 
0.423999999999999988009591 0.0864999999999999935607065 0.239999999999999991118216 0.0499999999999999958366637 -0.337499999999999966693309 0 
0.423999999999999988009591 0.0864999999999999935607065 0.119999999999999995559108 0.0499999999999999958366637 -0.337499999999999966693309 0 
0.423999999999999988009591 0.0864999999999999935607065 0.239999999999999991118216 0.0499999999999999958366637 -0.337499999999999966693309 9.99999999999999855486438e-10 
0.423999999999999988009591 0.0864999999999999935607065 0.119999999999999995559108 0.0499999999999999958366637 -0.337499999999999966693309 9.99999999999999855486438e-10 
0.423999999999999988009591 0.0864999999999999935607065 0.239999999999999991118216 0.0500004999999999963367081 -0.337499999999999966693309 0 
0.423999999999999988009591 0.0864999999999999935607065 0.119999999999999995559108 0.0500004999999999963367081 -0.337499999999999966693309 0 
0.423999999999999988009591 0.0864999999999999935607065 0.239999999999999991118216 0.0500004999999999963367081 -0.337499999999999966693309 9.99999999999999855486438e-10 
0.423999999999999988009591 0.0864999999999999935607065 0.119999999999999995559108 0.0500004999999999963367081 -0.337499999999999966693309 9.99999999999999855486438e-10 

0.423999999999999988009591 0 0.239999999999999991118216 0.0500009999999999968367526 -0.423999999999999988009591 0 
0.423999999999999988009591 0 0.119999999999999995559108 0.0500009999999999968367526 -0.423999999999999988009591 0 
0.423999999999999988009591 0 0.239999999999999991118216 0.0500009999999999968367526 -0.423999999999999988009591 9.99999999999999855486438e-10 
0.423999999999999988009591 0 0.119999999999999995559108 0.0500009999999999968367526 -0.423999999999999988009591 9.99999999999999855486438e-10 
0.423999999999999988009591 0 0.239999999999999991118216 0.0500004999999999963367081 -0.423999999999999988009591 0 
0.423999999999999988009591 0 0.119999999999999995559108 0.0500004999999999963367081 -0.423999999999999988009591 0 
0.423999999999999988009591 0 0.239999999999999991118216 0.0500004999999999963367081 -0.423999999999999988009591 9.99999999999999855486438e-10 
0.423999999999999988009591 0 0.119999999999999995559108 0.0500004999999999963367081 -0.423999999999999988009591 9.99999999999999855486438e-10 
0.423999999999999988009591 0.0864999999999999935607065 0.239999999999999991118216 0.0500009999999999968367526 -0.337499999999999966693309 0 
0.423999999999999988009591 0.0864999999999999935607065 0.119999999999999995559108 0.0500009999999999968367526 -0.337499999999999966693309 0 
0.423999999999999988009591 0.0864999999999999935607065 0.239999999999999991118216 0.0500009999999999968367526 -0.337499999999999966693309 9.99999999999999855486438e-10 
0.423999999999999988009591 0.0864999999999999935607065 0.119999999999999995559108 0.0500009999999999968367526 -0.337499999999999966693309 9.99999999999999855486438e-10 
0.423999999999999988009591 0.0864999999999999935607065 0.239999999999999991118216 0.0500004999999999963367081 -0.337499999999999966693309 0 
0.423999999999999988009591 0.0864999999999999935607065 0.119999999999999995559108 0.0500004999999999963367081 -0.337499999999999966693309 0 
0.423999999999999988009591 0.0864999999999999935607065 0.239999999999999991118216 0.0500004999999999963367081 -0.337499999999999966693309 9.99999999999999855486438e-10 
0.423999999999999988009591 0.0864999999999999935607065 0.119999999999999995559108 0.0500004999999999963367081 -0.337499999999999966693309 9.99999999999999855486438e-10 

