300 48 
-3 48 

550 49.5968749999999971578291 
247 49.5968749999999971578291 

550 0 
529.376689350594801908301 0 

-3 0 

148.5 0 
300 0 
300 3 
148.5 3 
148.5 0 

72.75 0 
148.5 0 
148.5 3 
72.75 3 
72.75 0 

34.875 0 
72.75 0 
72.75 3 
34.875 3 
34.875 0 

15.9375 0 
34.875 0 
34.875 3 
15.9375 3 
15.9375 0 

6.46875 0 
15.9375 0 
15.9375 3 
6.46875 3 
6.46875 0 

4.1015625 0 
6.46875 0 
6.46875 3 
4.1015625 3 
4.1015625 0 

-0.6328125 0 
1.734375 0 
1.734375 3 
-0.6328125 3 
-0.6328125 0 

-3 3 
-3 0 
-0.6328125 0 
-0.6328125 3 
-3 3 

148.5 3 
300 3 
300 6 
148.5 6 
148.5 3 

72.75 3 
148.5 3 
148.5 6 
72.75 6 
72.75 3 

34.875 3 
72.75 3 
72.75 6 
34.875 6 
34.875 3 

15.9375 3 
34.875 3 
34.875 6 
15.9375 6 
15.9375 3 

11.203125 3 
15.9375 3 
15.9375 6 
11.203125 6 
11.203125 3 

4.1015625 3 
6.46875 3 
6.46875 6 
4.1015625 6 
4.1015625 3 

-0.6328125 3 
1.734375 3 
1.734375 6 
-0.6328125 6 
-0.6328125 3 

-3 6 
-3 3 
-0.6328125 3 
-0.6328125 6 
-3 6 

1.734375 6 
1.734375 3 
4.1015625 3 
4.1015625 6 
1.734375 6 

1.734375 3 
1.734375 0 
4.1015625 0 
4.1015625 3 
1.734375 3 

148.5 6 
300 6 
300 9 
148.5 9 
148.5 6 

72.75 6 
148.5 6 
148.5 9 
72.75 9 
72.75 6 

34.875 6 
72.75 6 
72.75 9 
34.875 9 
34.875 6 

15.9375 6 
34.875 6 
34.875 9 
15.9375 9 
15.9375 6 

13.5703125 6 
15.9375 6 
15.9375 9 
13.5703125 9 
13.5703125 6 

4.1015625 6 
6.46875 6 
6.46875 9 
4.1015625 9 
4.1015625 6 

-3 9 
-3 6 
1.734375 6 
1.734375 9 
-3 9 

1.734375 9 
1.734375 6 
4.1015625 6 
4.1015625 9 
1.734375 9 

8.8359375 3 
11.203125 3 
11.203125 6 
8.8359375 6 
8.8359375 3 

6.46875 6 
6.46875 3 
8.8359375 3 
8.8359375 6 
6.46875 6 

8.8359375 6 
11.203125 6 
11.203125 9 
8.8359375 9 
8.8359375 6 

6.46875 9 
6.46875 6 
8.8359375 6 
8.8359375 9 
6.46875 9 

148.5 9 
300 9 
300 12 
148.5 12 
148.5 9 

72.75 9 
148.5 9 
148.5 12 
72.75 12 
72.75 9 

34.875 9 
72.75 9 
72.75 12 
34.875 12 
34.875 9 

30.140625 9 
34.875 9 
34.875 12 
30.140625 12 
30.140625 9 

13.5703125 9 
15.9375 9 
15.9375 12 
13.5703125 12 
13.5703125 9 

-3 12 
-3 9 
6.46875 9 
6.46875 12 
-3 12 

8.8359375 9 
11.203125 9 
11.203125 12 
8.8359375 12 
8.8359375 9 

6.46875 12 
6.46875 9 
8.8359375 9 
8.8359375 12 
6.46875 12 

11.203125 9 
11.203125 6 
13.5703125 6 
13.5703125 9 
11.203125 9 

11.203125 12 
11.203125 9 
13.5703125 9 
13.5703125 12 
11.203125 12 

23.0390625 9 
25.40625 9 
25.40625 12 
23.0390625 12 
23.0390625 9 

18.3046875 9 
20.671875 9 
20.671875 12 
18.3046875 12 
18.3046875 9 

15.9375 12 
15.9375 9 
18.3046875 9 
18.3046875 12 
15.9375 12 

148.5 12 
300 12 
300 15 
148.5 15 
148.5 12 

72.75 12 
148.5 12 
148.5 15 
72.75 15 
72.75 12 

53.8125 12 
72.75 12 
72.75 15 
53.8125 15 
53.8125 12 

32.5078125 12 
34.875 12 
34.875 15 
32.5078125 15 
32.5078125 12 

13.5703125 12 
15.9375 12 
15.9375 15 
13.5703125 15 
13.5703125 12 

-3 15 
-3 12 
6.46875 12 
6.46875 15 
-3 15 

6.46875 15 
6.46875 12 
11.203125 12 
11.203125 15 
6.46875 15 

11.203125 15 
11.203125 12 
13.5703125 12 
13.5703125 15 
11.203125 15 

23.0390625 12 
25.40625 12 
25.40625 15 
23.0390625 15 
23.0390625 12 

18.3046875 12 
20.671875 12 
20.671875 15 
18.3046875 15 
18.3046875 12 

15.9375 15 
15.9375 12 
18.3046875 12 
18.3046875 15 
15.9375 15 

20.671875 12 
20.671875 9 
23.0390625 9 
23.0390625 12 
20.671875 12 

20.671875 15 
20.671875 12 
23.0390625 12 
23.0390625 15 
20.671875 15 

27.7734375 9 
30.140625 9 
30.140625 12 
27.7734375 12 
27.7734375 9 

25.40625 12 
25.40625 9 
27.7734375 9 
27.7734375 12 
25.40625 12 

27.7734375 12 
30.140625 12 
30.140625 15 
27.7734375 15 
27.7734375 12 

25.40625 15 
25.40625 12 
27.7734375 12 
27.7734375 15 
25.40625 15 

148.5 15 
300 15 
300 18 
148.5 18 
148.5 15 

72.75 15 
148.5 15 
148.5 18 
72.75 18 
72.75 15 

63.28125 15 
72.75 15 
72.75 18 
63.28125 18 
63.28125 15 

32.5078125 15 
34.875 15 
34.875 18 
32.5078125 18 
32.5078125 15 

-3 18 
-3 15 
15.9375 15 
15.9375 18 
-3 18 

15.9375 18 
15.9375 15 
25.40625 15 
25.40625 18 
15.9375 18 

27.7734375 15 
30.140625 15 
30.140625 18 
27.7734375 18 
27.7734375 15 

25.40625 18 
25.40625 15 
27.7734375 15 
27.7734375 18 
25.40625 18 

30.140625 15 
30.140625 12 
32.5078125 12 
32.5078125 15 
30.140625 15 

30.140625 18 
30.140625 15 
32.5078125 15 
32.5078125 18 
30.140625 18 

44.34375 12 
53.8125 12 
53.8125 15 
44.34375 15 
44.34375 12 

39.609375 12 
44.34375 12 
44.34375 15 
39.609375 15 
39.609375 12 

37.2421875 12 
39.609375 12 
39.609375 15 
37.2421875 15 
37.2421875 12 

34.875 15 
34.875 12 
37.2421875 12 
37.2421875 15 
34.875 15 

51.4453125 15 
53.8125 15 
53.8125 18 
51.4453125 18 
51.4453125 15 

41.9765625 15 
44.34375 15 
44.34375 18 
41.9765625 18 
41.9765625 15 

37.2421875 15 
39.609375 15 
39.609375 18 
37.2421875 18 
37.2421875 15 

34.875 18 
34.875 15 
37.2421875 15 
37.2421875 18 
34.875 18 

39.609375 18 
39.609375 15 
41.9765625 15 
41.9765625 18 
39.609375 18 

148.5 18 
300 18 
300 21 
148.5 21 
148.5 18 

72.75 18 
148.5 18 
148.5 21 
72.75 21 
72.75 18 

70.3828125 18 
72.75 18 
72.75 21 
70.3828125 21 
70.3828125 18 

-3 21 
-3 18 
34.875 18 
34.875 21 
-3 21 

51.4453125 18 
53.8125 18 
53.8125 21 
51.4453125 21 
51.4453125 18 

41.9765625 18 
44.34375 18 
44.34375 21 
41.9765625 21 
41.9765625 18 

37.2421875 18 
39.609375 18 
39.609375 21 
37.2421875 21 
37.2421875 18 

34.875 21 
34.875 18 
37.2421875 18 
37.2421875 21 
34.875 21 

39.609375 21 
39.609375 18 
41.9765625 18 
41.9765625 21 
39.609375 21 

46.7109375 15 
49.078125 15 
49.078125 18 
46.7109375 18 
46.7109375 15 

44.34375 18 
44.34375 15 
46.7109375 15 
46.7109375 18 
44.34375 18 

46.7109375 18 
49.078125 18 
49.078125 21 
46.7109375 21 
46.7109375 18 

44.34375 21 
44.34375 18 
46.7109375 18 
46.7109375 21 
44.34375 21 

49.078125 18 
49.078125 15 
51.4453125 15 
51.4453125 18 
49.078125 18 

49.078125 21 
49.078125 18 
51.4453125 18 
51.4453125 21 
49.078125 21 

58.546875 15 
63.28125 15 
63.28125 18 
58.546875 18 
58.546875 15 

56.1796875 15 
58.546875 15 
58.546875 18 
56.1796875 18 
56.1796875 15 

53.8125 18 
53.8125 15 
56.1796875 15 
56.1796875 18 
53.8125 18 

60.9140625 18 
63.28125 18 
63.28125 21 
60.9140625 21 
60.9140625 18 

56.1796875 18 
58.546875 18 
58.546875 21 
56.1796875 21 
56.1796875 18 

53.8125 21 
53.8125 18 
56.1796875 18 
56.1796875 21 
53.8125 21 

148.5 21 
300 21 
300 24 
148.5 24 
148.5 21 

110.625 21 
148.5 21 
148.5 24 
110.625 24 
110.625 21 

70.3828125 21 
72.75 21 
72.75 24 
70.3828125 24 
70.3828125 21 

-3 24 
-3 21 
34.875 21 
34.875 24 
-3 24 

34.875 24 
34.875 21 
53.8125 21 
53.8125 24 
34.875 24 

60.9140625 21 
63.28125 21 
63.28125 24 
60.9140625 24 
60.9140625 21 

56.1796875 21 
58.546875 21 
58.546875 24 
56.1796875 24 
56.1796875 21 

53.8125 24 
53.8125 21 
56.1796875 21 
56.1796875 24 
53.8125 24 

58.546875 21 
58.546875 18 
60.9140625 18 
60.9140625 21 
58.546875 21 

58.546875 24 
58.546875 21 
60.9140625 21 
60.9140625 24 
58.546875 24 

65.6484375 18 
68.015625 18 
68.015625 21 
65.6484375 21 
65.6484375 18 

63.28125 21 
63.28125 18 
65.6484375 18 
65.6484375 21 
63.28125 21 

65.6484375 21 
68.015625 21 
68.015625 24 
65.6484375 24 
65.6484375 21 

63.28125 24 
63.28125 21 
65.6484375 21 
65.6484375 24 
63.28125 24 

68.015625 21 
68.015625 18 
70.3828125 18 
70.3828125 21 
68.015625 21 

68.015625 24 
68.015625 21 
70.3828125 21 
70.3828125 24 
68.015625 24 

101.15625 21 
110.625 21 
110.625 24 
101.15625 24 
101.15625 21 

89.3203125 21 
91.6875 21 
91.6875 24 
89.3203125 24 
89.3203125 21 

79.8515625 21 
82.21875 21 
82.21875 24 
79.8515625 24 
79.8515625 21 

75.1171875 21 
77.484375 21 
77.484375 24 
75.1171875 24 
75.1171875 21 

72.75 24 
72.75 21 
75.1171875 21 
75.1171875 24 
72.75 24 

148.5 24 
300 24 
300 27 
148.5 27 
148.5 24 

129.5625 24 
148.5 24 
148.5 27 
129.5625 27 
129.5625 24 

70.3828125 24 
72.75 24 
72.75 27 
70.3828125 27 
70.3828125 24 

-3 27 
-3 24 
34.875 24 
34.875 27 
-3 27 

34.875 27 
34.875 24 
53.8125 24 
53.8125 27 
34.875 27 

53.8125 27 
53.8125 24 
63.28125 24 
63.28125 27 
53.8125 27 

63.28125 27 
63.28125 24 
68.015625 24 
68.015625 27 
63.28125 27 

68.015625 27 
68.015625 24 
70.3828125 24 
70.3828125 27 
68.015625 27 

108.2578125 24 
110.625 24 
110.625 27 
108.2578125 27 
108.2578125 24 

89.3203125 24 
91.6875 24 
91.6875 27 
89.3203125 27 
89.3203125 24 

79.8515625 24 
82.21875 24 
82.21875 27 
79.8515625 27 
79.8515625 24 

75.1171875 24 
77.484375 24 
77.484375 27 
75.1171875 27 
75.1171875 24 

72.75 27 
72.75 24 
75.1171875 24 
75.1171875 27 
72.75 27 

77.484375 24 
77.484375 21 
79.8515625 21 
79.8515625 24 
77.484375 24 

77.484375 27 
77.484375 24 
79.8515625 24 
79.8515625 27 
77.484375 27 

84.5859375 21 
86.953125 21 
86.953125 24 
84.5859375 24 
84.5859375 21 

82.21875 24 
82.21875 21 
84.5859375 21 
84.5859375 24 
82.21875 24 

84.5859375 24 
86.953125 24 
86.953125 27 
84.5859375 27 
84.5859375 24 

82.21875 27 
82.21875 24 
84.5859375 24 
84.5859375 27 
82.21875 27 

86.953125 24 
86.953125 21 
89.3203125 21 
89.3203125 24 
86.953125 24 

86.953125 27 
86.953125 24 
89.3203125 24 
89.3203125 27 
86.953125 27 

96.421875 21 
101.15625 21 
101.15625 24 
96.421875 24 
96.421875 21 

94.0546875 21 
96.421875 21 
96.421875 24 
94.0546875 24 
94.0546875 21 

91.6875 24 
91.6875 21 
94.0546875 21 
94.0546875 24 
91.6875 24 

98.7890625 24 
101.15625 24 
101.15625 27 
98.7890625 27 
98.7890625 24 

94.0546875 24 
96.421875 24 
96.421875 27 
94.0546875 27 
94.0546875 24 

91.6875 27 
91.6875 24 
94.0546875 24 
94.0546875 27 
91.6875 27 

148.5 27 
300 27 
300 30 
148.5 30 
148.5 27 

143.765625 27 
148.5 27 
148.5 30 
143.765625 30 
143.765625 27 

-3 30 
-3 27 
72.75 27 
72.75 30 
-3 30 

108.2578125 27 
110.625 27 
110.625 30 
108.2578125 30 
108.2578125 27 

72.75 30 
72.75 27 
91.6875 27 
91.6875 30 
72.75 30 

98.7890625 27 
101.15625 27 
101.15625 30 
98.7890625 30 
98.7890625 27 

94.0546875 27 
96.421875 27 
96.421875 30 
94.0546875 30 
94.0546875 27 

91.6875 30 
91.6875 27 
94.0546875 27 
94.0546875 30 
91.6875 30 

96.421875 27 
96.421875 24 
98.7890625 24 
98.7890625 27 
96.421875 27 

96.421875 30 
96.421875 27 
98.7890625 27 
98.7890625 30 
96.421875 30 

103.5234375 24 
105.890625 24 
105.890625 27 
103.5234375 27 
103.5234375 24 

101.15625 27 
101.15625 24 
103.5234375 24 
103.5234375 27 
101.15625 27 

103.5234375 27 
105.890625 27 
105.890625 30 
103.5234375 30 
103.5234375 27 

101.15625 30 
101.15625 27 
103.5234375 27 
103.5234375 30 
101.15625 30 

105.890625 27 
105.890625 24 
108.2578125 24 
108.2578125 27 
105.890625 27 

105.890625 30 
105.890625 27 
108.2578125 27 
108.2578125 30 
105.890625 30 

120.09375 24 
129.5625 24 
129.5625 27 
120.09375 27 
120.09375 24 

117.7265625 24 
120.09375 24 
120.09375 27 
117.7265625 27 
117.7265625 24 

112.9921875 24 
115.359375 24 
115.359375 27 
112.9921875 27 
112.9921875 24 

110.625 27 
110.625 24 
112.9921875 24 
112.9921875 27 
110.625 27 

127.1953125 27 
129.5625 27 
129.5625 30 
127.1953125 30 
127.1953125 27 

117.7265625 27 
120.09375 27 
120.09375 30 
117.7265625 30 
117.7265625 27 

112.9921875 27 
115.359375 27 
115.359375 30 
112.9921875 30 
112.9921875 27 

110.625 30 
110.625 27 
112.9921875 27 
112.9921875 30 
110.625 30 

115.359375 27 
115.359375 24 
117.7265625 24 
117.7265625 27 
115.359375 27 

115.359375 30 
115.359375 27 
117.7265625 27 
117.7265625 30 
115.359375 30 

224.25 30 
300 30 
300 33 
224.25 33 
224.25 30 

146.1328125 30 
148.5 30 
148.5 33 
146.1328125 33 
146.1328125 30 

-3 33 
-3 30 
72.75 30 
72.75 33 
-3 33 

72.75 33 
72.75 30 
110.625 30 
110.625 33 
72.75 33 

127.1953125 30 
129.5625 30 
129.5625 33 
127.1953125 33 
127.1953125 30 

117.7265625 30 
120.09375 30 
120.09375 33 
117.7265625 33 
117.7265625 30 

110.625 33 
110.625 30 
115.359375 30 
115.359375 33 
110.625 33 

115.359375 33 
115.359375 30 
117.7265625 30 
117.7265625 33 
115.359375 33 

122.4609375 27 
124.828125 27 
124.828125 30 
122.4609375 30 
122.4609375 27 

120.09375 30 
120.09375 27 
122.4609375 27 
122.4609375 30 
120.09375 30 

122.4609375 30 
124.828125 30 
124.828125 33 
122.4609375 33 
122.4609375 30 

120.09375 33 
120.09375 30 
122.4609375 30 
122.4609375 33 
120.09375 33 

124.828125 30 
124.828125 27 
127.1953125 27 
127.1953125 30 
124.828125 30 

124.828125 33 
124.828125 30 
127.1953125 30 
127.1953125 33 
124.828125 33 

136.6640625 27 
139.03125 27 
139.03125 30 
136.6640625 30 
136.6640625 27 

131.9296875 27 
134.296875 27 
134.296875 30 
131.9296875 30 
131.9296875 27 

129.5625 30 
129.5625 27 
131.9296875 27 
131.9296875 30 
129.5625 30 

136.6640625 30 
139.03125 30 
139.03125 33 
136.6640625 33 
136.6640625 30 

131.9296875 30 
134.296875 30 
134.296875 33 
131.9296875 33 
131.9296875 30 

129.5625 33 
129.5625 30 
131.9296875 30 
131.9296875 33 
129.5625 33 

134.296875 30 
134.296875 27 
136.6640625 27 
136.6640625 30 
134.296875 30 

134.296875 33 
134.296875 30 
136.6640625 30 
136.6640625 33 
134.296875 33 

141.3984375 30 
143.765625 30 
143.765625 33 
141.3984375 33 
141.3984375 30 

139.03125 33 
139.03125 30 
141.3984375 30 
141.3984375 33 
139.03125 33 

141.3984375 27 
143.765625 27 
143.765625 30 
141.3984375 30 
141.3984375 27 

139.03125 30 
139.03125 27 
141.3984375 27 
141.3984375 30 
139.03125 30 

143.765625 33 
143.765625 30 
146.1328125 30 
146.1328125 33 
143.765625 33 

224.25 33 
300 33 
300 36 
224.25 36 
224.25 33 

146.1328125 33 
148.5 33 
148.5 36 
146.1328125 36 
146.1328125 33 

-3 36 
-3 33 
72.75 33 
72.75 36 
-3 36 

72.75 36 
72.75 33 
110.625 33 
110.625 36 
72.75 36 

110.625 36 
110.625 33 
129.5625 33 
129.5625 36 
110.625 36 

129.5625 36 
129.5625 33 
139.03125 33 
139.03125 36 
129.5625 36 

141.3984375 33 
143.765625 33 
143.765625 36 
141.3984375 36 
141.3984375 33 

139.03125 36 
139.03125 33 
141.3984375 33 
141.3984375 36 
139.03125 36 

143.765625 36 
143.765625 33 
146.1328125 33 
146.1328125 36 
143.765625 36 

186.375 30 
224.25 30 
224.25 33 
186.375 33 
186.375 30 

176.90625 30 
186.375 30 
186.375 33 
176.90625 33 
176.90625 30 

165.0703125 30 
167.4375 30 
167.4375 33 
165.0703125 33 
165.0703125 30 

155.6015625 30 
157.96875 30 
157.96875 33 
155.6015625 33 
155.6015625 30 

150.8671875 30 
153.234375 30 
153.234375 33 
150.8671875 33 
150.8671875 30 

148.5 33 
148.5 30 
150.8671875 30 
150.8671875 33 
148.5 33 

205.3125 33 
224.25 33 
224.25 36 
205.3125 36 
205.3125 33 

184.0078125 33 
186.375 33 
186.375 36 
184.0078125 36 
184.0078125 33 

165.0703125 33 
167.4375 33 
167.4375 36 
165.0703125 36 
165.0703125 33 

155.6015625 33 
157.96875 33 
157.96875 36 
155.6015625 36 
155.6015625 33 

150.8671875 33 
153.234375 33 
153.234375 36 
150.8671875 36 
150.8671875 33 

148.5 36 
148.5 33 
150.8671875 33 
150.8671875 36 
148.5 36 

153.234375 33 
153.234375 30 
155.6015625 30 
155.6015625 33 
153.234375 33 

153.234375 36 
153.234375 33 
155.6015625 33 
155.6015625 36 
153.234375 36 

160.3359375 30 
162.703125 30 
162.703125 33 
160.3359375 33 
160.3359375 30 

157.96875 33 
157.96875 30 
160.3359375 30 
160.3359375 33 
157.96875 33 

160.3359375 33 
162.703125 33 
162.703125 36 
160.3359375 36 
160.3359375 33 

157.96875 36 
157.96875 33 
160.3359375 33 
160.3359375 36 
157.96875 36 

162.703125 33 
162.703125 30 
165.0703125 30 
165.0703125 33 
162.703125 33 

162.703125 36 
162.703125 33 
165.0703125 33 
165.0703125 36 
162.703125 36 

172.171875 30 
176.90625 30 
176.90625 33 
172.171875 33 
172.171875 30 

169.8046875 30 
172.171875 30 
172.171875 33 
169.8046875 33 
169.8046875 30 

167.4375 33 
167.4375 30 
169.8046875 30 
169.8046875 33 
167.4375 33 

174.5390625 33 
176.90625 33 
176.90625 36 
174.5390625 36 
174.5390625 33 

169.8046875 33 
172.171875 33 
172.171875 36 
169.8046875 36 
169.8046875 33 

167.4375 36 
167.4375 33 
169.8046875 33 
169.8046875 36 
167.4375 36 

262.125 36 
300 36 
300 39 
262.125 39 
262.125 36 

-3 39 
-3 36 
148.5 36 
148.5 39 
-3 39 

221.8828125 36 
224.25 36 
224.25 39 
221.8828125 39 
221.8828125 36 

184.0078125 36 
186.375 36 
186.375 39 
184.0078125 39 
184.0078125 36 

148.5 39 
148.5 36 
167.4375 36 
167.4375 39 
148.5 39 

174.5390625 36 
176.90625 36 
176.90625 39 
174.5390625 39 
174.5390625 36 

169.8046875 36 
172.171875 36 
172.171875 39 
169.8046875 39 
169.8046875 36 

167.4375 39 
167.4375 36 
169.8046875 36 
169.8046875 39 
167.4375 39 

172.171875 36 
172.171875 33 
174.5390625 33 
174.5390625 36 
172.171875 36 

172.171875 39 
172.171875 36 
174.5390625 36 
174.5390625 39 
172.171875 39 

179.2734375 33 
181.640625 33 
181.640625 36 
179.2734375 36 
179.2734375 33 

176.90625 36 
176.90625 33 
179.2734375 33 
179.2734375 36 
176.90625 36 

179.2734375 36 
181.640625 36 
181.640625 39 
179.2734375 39 
179.2734375 36 

176.90625 39 
176.90625 36 
179.2734375 36 
179.2734375 39 
176.90625 39 

181.640625 36 
181.640625 33 
184.0078125 33 
184.0078125 36 
181.640625 36 

181.640625 39 
181.640625 36 
184.0078125 36 
184.0078125 39 
181.640625 39 

200.578125 33 
205.3125 33 
205.3125 36 
200.578125 36 
200.578125 33 

193.4765625 33 
195.84375 33 
195.84375 36 
193.4765625 36 
193.4765625 33 

188.7421875 33 
191.109375 33 
191.109375 36 
188.7421875 36 
188.7421875 33 

186.375 36 
186.375 33 
188.7421875 33 
188.7421875 36 
186.375 36 

202.9453125 36 
205.3125 36 
205.3125 39 
202.9453125 39 
202.9453125 36 

193.4765625 36 
195.84375 36 
195.84375 39 
193.4765625 39 
193.4765625 36 

188.7421875 36 
191.109375 36 
191.109375 39 
188.7421875 39 
188.7421875 36 

186.375 39 
186.375 36 
188.7421875 36 
188.7421875 39 
186.375 39 

191.109375 36 
191.109375 33 
193.4765625 33 
193.4765625 36 
191.109375 36 

191.109375 39 
191.109375 36 
193.4765625 36 
193.4765625 39 
191.109375 39 

198.2109375 33 
200.578125 33 
200.578125 36 
198.2109375 36 
198.2109375 33 

195.84375 36 
195.84375 33 
198.2109375 33 
198.2109375 36 
195.84375 36 

198.2109375 36 
200.578125 36 
200.578125 39 
198.2109375 39 
198.2109375 36 

195.84375 39 
195.84375 36 
198.2109375 36 
198.2109375 39 
195.84375 39 

200.578125 39 
200.578125 36 
202.9453125 36 
202.9453125 39 
200.578125 39 

281.0625 39 
300 39 
300 42 
281.0625 42 
281.0625 39 

-3 42 
-3 39 
148.5 39 
148.5 42 
-3 42 

221.8828125 39 
224.25 39 
224.25 42 
221.8828125 42 
221.8828125 39 

148.5 42 
148.5 39 
186.375 39 
186.375 42 
148.5 42 

202.9453125 39 
205.3125 39 
205.3125 42 
202.9453125 42 
202.9453125 39 

186.375 42 
186.375 39 
195.84375 39 
195.84375 42 
186.375 42 

198.2109375 39 
200.578125 39 
200.578125 42 
198.2109375 42 
198.2109375 39 

195.84375 42 
195.84375 39 
198.2109375 39 
198.2109375 42 
195.84375 42 

200.578125 42 
200.578125 39 
202.9453125 39 
202.9453125 42 
200.578125 42 

212.4140625 36 
214.78125 36 
214.78125 39 
212.4140625 39 
212.4140625 36 

207.6796875 36 
210.046875 36 
210.046875 39 
207.6796875 39 
207.6796875 36 

205.3125 39 
205.3125 36 
207.6796875 36 
207.6796875 39 
205.3125 39 

212.4140625 39 
214.78125 39 
214.78125 42 
212.4140625 42 
212.4140625 39 

207.6796875 39 
210.046875 39 
210.046875 42 
207.6796875 42 
207.6796875 39 

205.3125 42 
205.3125 39 
207.6796875 39 
207.6796875 42 
205.3125 42 

210.046875 39 
210.046875 36 
212.4140625 36 
212.4140625 39 
210.046875 39 

210.046875 42 
210.046875 39 
212.4140625 39 
212.4140625 42 
210.046875 42 

217.1484375 36 
219.515625 36 
219.515625 39 
217.1484375 39 
217.1484375 36 

214.78125 39 
214.78125 36 
217.1484375 36 
217.1484375 39 
214.78125 39 

217.1484375 39 
219.515625 39 
219.515625 42 
217.1484375 42 
217.1484375 39 

214.78125 42 
214.78125 39 
217.1484375 39 
217.1484375 42 
214.78125 42 

219.515625 39 
219.515625 36 
221.8828125 36 
221.8828125 39 
219.515625 39 

219.515625 42 
219.515625 39 
221.8828125 39 
221.8828125 42 
219.515625 42 

243.1875 36 
262.125 36 
262.125 39 
243.1875 39 
243.1875 36 

238.453125 36 
243.1875 36 
243.1875 39 
238.453125 39 
238.453125 36 

231.3515625 36 
233.71875 36 
233.71875 39 
231.3515625 39 
231.3515625 36 

226.6171875 36 
228.984375 36 
228.984375 39 
226.6171875 39 
226.6171875 36 

224.25 39 
224.25 36 
226.6171875 36 
226.6171875 39 
224.25 39 

259.7578125 39 
262.125 39 
262.125 42 
259.7578125 42 
259.7578125 39 

240.8203125 39 
243.1875 39 
243.1875 42 
240.8203125 42 
240.8203125 39 

231.3515625 39 
233.71875 39 
233.71875 42 
231.3515625 42 
231.3515625 39 

226.6171875 39 
228.984375 39 
228.984375 42 
226.6171875 42 
226.6171875 39 

224.25 42 
224.25 39 
226.6171875 39 
226.6171875 42 
224.25 42 

228.984375 39 
228.984375 36 
231.3515625 36 
231.3515625 39 
228.984375 39 

228.984375 42 
228.984375 39 
231.3515625 39 
231.3515625 42 
228.984375 42 

236.0859375 36 
238.453125 36 
238.453125 39 
236.0859375 39 
236.0859375 36 

233.71875 39 
233.71875 36 
236.0859375 36 
236.0859375 39 
233.71875 39 

236.0859375 39 
238.453125 39 
238.453125 42 
236.0859375 42 
236.0859375 39 

233.71875 42 
233.71875 39 
236.0859375 39 
236.0859375 42 
233.71875 42 

297.6328125 42 
300 42 
300 45 
297.6328125 45 
297.6328125 42 

-3 45 
-3 42 
148.5 42 
148.5 45 
-3 45 

148.5 45 
148.5 42 
224.25 42 
224.25 45 
148.5 45 

259.7578125 42 
262.125 42 
262.125 45 
259.7578125 45 
259.7578125 42 

240.8203125 42 
243.1875 42 
243.1875 45 
240.8203125 45 
240.8203125 42 

224.25 45 
224.25 42 
233.71875 42 
233.71875 45 
224.25 45 

236.0859375 42 
238.453125 42 
238.453125 45 
236.0859375 45 
236.0859375 42 

233.71875 45 
233.71875 42 
236.0859375 42 
236.0859375 45 
233.71875 45 

238.453125 42 
238.453125 39 
240.8203125 39 
240.8203125 42 
238.453125 42 

238.453125 45 
238.453125 42 
240.8203125 42 
240.8203125 45 
238.453125 45 

250.2890625 39 
252.65625 39 
252.65625 42 
250.2890625 42 
250.2890625 39 

245.5546875 39 
247.921875 39 
247.921875 42 
245.5546875 42 
245.5546875 39 

243.1875 42 
243.1875 39 
245.5546875 39 
245.5546875 42 
243.1875 42 

250.2890625 42 
252.65625 42 
252.65625 45 
250.2890625 45 
250.2890625 42 

245.5546875 42 
247.921875 42 
247.921875 45 
245.5546875 45 
245.5546875 42 

243.1875 45 
243.1875 42 
245.5546875 42 
245.5546875 45 
243.1875 45 

247.921875 42 
247.921875 39 
250.2890625 39 
250.2890625 42 
247.921875 42 

247.921875 45 
247.921875 42 
250.2890625 42 
250.2890625 45 
247.921875 45 

247 0 

512.125 21.7435396634615365485388 
550 21.7435396634615365485388 
550 43.4870793269230730970776 
512.125 43.4870793269230730970776 
512.125 21.7435396634615365485388 

389.03125 38.0511944110576862954076 
398.5 38.0511944110576862954076 
398.5 43.4870793269230730970776 
389.03125 43.4870793269230730970776 
389.03125 38.0511944110576862954076 

320.3828125 40.7691368689903796962426 
322.75 40.7691368689903796962426 
322.75 43.4870793269230730970776 
320.3828125 43.4870793269230730970776 
320.3828125 40.7691368689903796962426 

282.5078125 40.7691368689903796962426 
284.875 40.7691368689903796962426 
284.875 43.4870793269230730970776 
282.5078125 43.4870793269230730970776 
282.5078125 40.7691368689903796962426 

247 21.7435396634615365485388 
247 0 
284.875 0 
284.875 21.7435396634615365485388 
247 21.7435396634615365485388 

263.5703125 40.7691368689903796962426 
265.9375 40.7691368689903796962426 
265.9375 43.4870793269230730970776 
263.5703125 43.4870793269230730970776 
263.5703125 40.7691368689903796962426 

247 32.615309495192306599165 
247 21.7435396634615365485388 
265.9375 21.7435396634615365485388 
265.9375 32.615309495192306599165 
247 32.615309495192306599165 

254.1015625 40.7691368689903796962426 
256.46875 40.7691368689903796962426 
256.46875 43.4870793269230730970776 
254.1015625 43.4870793269230730970776 
254.1015625 40.7691368689903796962426 

247 38.0511944110576862954076 
247 32.615309495192306599165 
256.46875 32.615309495192306599165 
256.46875 38.0511944110576862954076 
247 38.0511944110576862954076 

249.3671875 40.7691368689903796962426 
251.734375 40.7691368689903796962426 
251.734375 43.4870793269230730970776 
249.3671875 43.4870793269230730970776 
249.3671875 40.7691368689903796962426 

249.3671875 38.0511944110576862954076 
251.734375 38.0511944110576862954076 
251.734375 40.7691368689903796962426 
249.3671875 40.7691368689903796962426 
249.3671875 38.0511944110576862954076 

247 40.7691368689903796962426 
247 38.0511944110576862954076 
249.3671875 38.0511944110576862954076 
249.3671875 40.7691368689903796962426 
247 40.7691368689903796962426 

247 43.4870793269230730970776 
247 40.7691368689903796962426 
249.3671875 40.7691368689903796962426 
249.3671875 43.4870793269230730970776 
247 43.4870793269230730970776 

255.0234375 39 
257.390625 39 
257.390625 42 
255.0234375 42 
255.0234375 39 

252.65625 42 
252.65625 39 
255.0234375 39 
255.0234375 42 
252.65625 42 

254.1015625 38.0511944110576862954076 
256.46875 38.0511944110576862954076 
256.46875 40.7691368689903796962426 
254.1015625 40.7691368689903796962426 
254.1015625 38.0511944110576862954076 

251.734375 40.7691368689903796962426 
251.734375 38.0511944110576862954076 
254.1015625 38.0511944110576862954076 
254.1015625 40.7691368689903796962426 
251.734375 40.7691368689903796962426 

251.734375 43.4870793269230730970776 
251.734375 40.7691368689903796962426 
254.1015625 40.7691368689903796962426 
254.1015625 43.4870793269230730970776 
251.734375 43.4870793269230730970776 

255.0234375 42 
257.390625 42 
257.390625 45 
255.0234375 45 
255.0234375 42 

252.65625 45 
252.65625 42 
255.0234375 42 
255.0234375 45 
252.65625 45 

263.5703125 35.333251953125 
265.9375 35.333251953125 
265.9375 38.0511944110576862954076 
263.5703125 38.0511944110576862954076 
263.5703125 35.333251953125 

258.8359375 40.7691368689903796962426 
261.203125 40.7691368689903796962426 
261.203125 43.4870793269230730970776 
258.8359375 43.4870793269230730970776 
258.8359375 40.7691368689903796962426 

258.8359375 38.0511944110576862954076 
261.203125 38.0511944110576862954076 
261.203125 40.7691368689903796962426 
258.8359375 40.7691368689903796962426 
258.8359375 38.0511944110576862954076 

256.46875 43.4870793269230730970776 
256.46875 40.7691368689903796962426 
258.8359375 40.7691368689903796962426 
258.8359375 43.4870793269230730970776 
256.46875 43.4870793269230730970776 

257.390625 42 
257.390625 39 
259.7578125 39 
259.7578125 42 
257.390625 42 

257.390625 45 
257.390625 42 
259.7578125 42 
259.7578125 45 
257.390625 45 

271.59375 39 
281.0625 39 
281.0625 42 
271.59375 42 
271.59375 39 

269.2265625 39 
271.59375 39 
271.59375 42 
269.2265625 42 
269.2265625 39 

264.4921875 39 
266.859375 39 
266.859375 42 
264.4921875 42 
264.4921875 39 

262.125 42 
262.125 39 
264.4921875 39 
264.4921875 42 
262.125 42 

263.5703125 38.0511944110576862954076 
265.9375 38.0511944110576862954076 
265.9375 40.7691368689903796962426 
263.5703125 40.7691368689903796962426 
263.5703125 38.0511944110576862954076 

261.203125 43.4870793269230730970776 
261.203125 40.7691368689903796962426 
263.5703125 40.7691368689903796962426 
263.5703125 43.4870793269230730970776 
261.203125 43.4870793269230730970776 

278.6953125 42 
281.0625 42 
281.0625 45 
278.6953125 45 
278.6953125 42 

269.2265625 42 
271.59375 42 
271.59375 45 
269.2265625 45 
269.2265625 42 

264.4921875 42 
266.859375 42 
266.859375 45 
264.4921875 45 
264.4921875 42 

262.125 45 
262.125 42 
264.4921875 42 
264.4921875 45 
262.125 45 

265.9375 21.7435396634615365485388 
284.875 21.7435396634615365485388 
284.875 32.615309495192306599165 
265.9375 32.615309495192306599165 
265.9375 21.7435396634615365485388 

273.0390625 40.7691368689903796962426 
275.40625 40.7691368689903796962426 
275.40625 43.4870793269230730970776 
273.0390625 43.4870793269230730970776 
273.0390625 40.7691368689903796962426 

273.0390625 35.333251953125 
275.40625 35.333251953125 
275.40625 38.0511944110576862954076 
273.0390625 38.0511944110576862954076 
273.0390625 35.333251953125 

268.3046875 40.7691368689903796962426 
270.671875 40.7691368689903796962426 
270.671875 43.4870793269230730970776 
268.3046875 43.4870793269230730970776 
268.3046875 40.7691368689903796962426 

268.3046875 38.0511944110576862954076 
270.671875 38.0511944110576862954076 
270.671875 40.7691368689903796962426 
268.3046875 40.7691368689903796962426 
268.3046875 38.0511944110576862954076 

265.9375 43.4870793269230730970776 
265.9375 40.7691368689903796962426 
268.3046875 40.7691368689903796962426 
268.3046875 43.4870793269230730970776 
265.9375 43.4870793269230730970776 

266.859375 42 
266.859375 39 
269.2265625 39 
269.2265625 42 
266.859375 42 

266.859375 45 
266.859375 42 
269.2265625 42 
269.2265625 45 
266.859375 45 

398.5 43.4870793269230730970776 
550 43.4870793269230730970776 
550 46.5546875 
398.5 46.5546875 
398.5 43.4870793269230730970776 

360.625 43.4870793269230730970776 
398.5 43.4870793269230730970776 
398.5 46.5546875 
360.625 46.5546875 
360.625 43.4870793269230730970776 

320.3828125 45.0208834134615329958251 
322.75 45.0208834134615329958251 
322.75 46.5546875 
320.3828125 46.5546875 
320.3828125 45.0208834134615329958251 

282.5078125 45.0208834134615329958251 
284.875 45.0208834134615329958251 
284.875 46.5546875 
282.5078125 46.5546875 
282.5078125 45.0208834134615329958251 

263.5703125 45.0208834134615329958251 
265.9375 45.0208834134615329958251 
265.9375 46.5546875 
263.5703125 46.5546875 
263.5703125 45.0208834134615329958251 

254.1015625 45.0208834134615329958251 
256.46875 45.0208834134615329958251 
256.46875 46.5546875 
254.1015625 46.5546875 
254.1015625 45.0208834134615329958251 

247 46.5546875 
247 43.4870793269230730970776 
251.734375 43.4870793269230730970776 
251.734375 46.5546875 
247 46.5546875 

251.734375 46.5546875 
251.734375 45.0208834134615329958251 
254.1015625 45.0208834134615329958251 
254.1015625 46.5546875 
251.734375 46.5546875 

251.734375 45.0208834134615329958251 
251.734375 43.4870793269230730970776 
254.1015625 43.4870793269230730970776 
254.1015625 45.0208834134615329958251 
251.734375 45.0208834134615329958251 

254.1015625 43.4870793269230730970776 
256.46875 43.4870793269230730970776 
256.46875 45.0208834134615329958251 
254.1015625 45.0208834134615329958251 
254.1015625 43.4870793269230730970776 

258.8359375 45.0208834134615329958251 
261.203125 45.0208834134615329958251 
261.203125 46.5546875 
258.8359375 46.5546875 
258.8359375 45.0208834134615329958251 

256.46875 46.5546875 
256.46875 45.0208834134615329958251 
258.8359375 45.0208834134615329958251 
258.8359375 46.5546875 
256.46875 46.5546875 

256.46875 45.0208834134615329958251 
256.46875 43.4870793269230730970776 
258.8359375 43.4870793269230730970776 
258.8359375 45.0208834134615329958251 
256.46875 45.0208834134615329958251 

258.8359375 43.4870793269230730970776 
261.203125 43.4870793269230730970776 
261.203125 45.0208834134615329958251 
258.8359375 45.0208834134615329958251 
258.8359375 43.4870793269230730970776 

261.203125 46.5546875 
261.203125 45.0208834134615329958251 
263.5703125 45.0208834134615329958251 
263.5703125 46.5546875 
261.203125 46.5546875 

261.203125 45.0208834134615329958251 
261.203125 43.4870793269230730970776 
263.5703125 43.4870793269230730970776 
263.5703125 45.0208834134615329958251 
261.203125 45.0208834134615329958251 

263.5703125 43.4870793269230730970776 
265.9375 43.4870793269230730970776 
265.9375 45.0208834134615329958251 
263.5703125 45.0208834134615329958251 
263.5703125 43.4870793269230730970776 

273.0390625 45.0208834134615329958251 
275.40625 45.0208834134615329958251 
275.40625 46.5546875 
273.0390625 46.5546875 
273.0390625 45.0208834134615329958251 

268.3046875 45.0208834134615329958251 
270.671875 45.0208834134615329958251 
270.671875 46.5546875 
268.3046875 46.5546875 
268.3046875 45.0208834134615329958251 

265.9375 46.5546875 
265.9375 45.0208834134615329958251 
268.3046875 45.0208834134615329958251 
268.3046875 46.5546875 
265.9375 46.5546875 

265.9375 45.0208834134615329958251 
265.9375 43.4870793269230730970776 
268.3046875 43.4870793269230730970776 
268.3046875 45.0208834134615329958251 
265.9375 45.0208834134615329958251 

268.3046875 43.4870793269230730970776 
270.671875 43.4870793269230730970776 
270.671875 45.0208834134615329958251 
268.3046875 45.0208834134615329958251 
268.3046875 43.4870793269230730970776 

273.9609375 42 
276.328125 42 
276.328125 45 
273.9609375 45 
273.9609375 42 

271.59375 45 
271.59375 42 
273.9609375 42 
273.9609375 45 
271.59375 45 

273.0390625 38.0511944110576862954076 
275.40625 38.0511944110576862954076 
275.40625 40.7691368689903796962426 
273.0390625 40.7691368689903796962426 
273.0390625 38.0511944110576862954076 

270.671875 43.4870793269230730970776 
270.671875 40.7691368689903796962426 
273.0390625 40.7691368689903796962426 
273.0390625 43.4870793269230730970776 
270.671875 43.4870793269230730970776 

270.671875 46.5546875 
270.671875 45.0208834134615329958251 
273.0390625 45.0208834134615329958251 
273.0390625 46.5546875 
270.671875 46.5546875 

270.671875 45.0208834134615329958251 
270.671875 43.4870793269230730970776 
273.0390625 43.4870793269230730970776 
273.0390625 45.0208834134615329958251 
270.671875 45.0208834134615329958251 

297.6328125 45 
300 45 
300 48 
297.6328125 48 
297.6328125 45 

-3 48 
-3 45 
148.5 45 
148.5 48 
-3 48 

148.5 48 
148.5 45 
224.25 45 
224.25 48 
148.5 48 

224.25 48 
224.25 45 
262.125 45 
262.125 48 
224.25 48 

278.6953125 45 
281.0625 45 
281.0625 48 
278.6953125 48 
278.6953125 45 

269.2265625 45 
271.59375 45 
271.59375 48 
269.2265625 48 
269.2265625 45 

262.125 48 
262.125 45 
266.859375 45 
266.859375 48 
262.125 48 

266.859375 48 
266.859375 45 
269.2265625 45 
269.2265625 48 
266.859375 48 

273.9609375 45 
276.328125 45 
276.328125 48 
273.9609375 48 
273.9609375 45 

271.59375 48 
271.59375 45 
273.9609375 45 
273.9609375 48 
271.59375 48 

273.0390625 43.4870793269230730970776 
275.40625 43.4870793269230730970776 
275.40625 45.0208834134615329958251 
273.0390625 45.0208834134615329958251 
273.0390625 43.4870793269230730970776 

282.5078125 35.333251953125 
284.875 35.333251953125 
284.875 38.0511944110576862954076 
282.5078125 38.0511944110576862954076 
282.5078125 35.333251953125 

277.7734375 40.7691368689903796962426 
280.140625 40.7691368689903796962426 
280.140625 43.4870793269230730970776 
277.7734375 43.4870793269230730970776 
277.7734375 40.7691368689903796962426 

277.7734375 38.0511944110576862954076 
280.140625 38.0511944110576862954076 
280.140625 40.7691368689903796962426 
277.7734375 40.7691368689903796962426 
277.7734375 38.0511944110576862954076 

275.40625 43.4870793269230730970776 
275.40625 40.7691368689903796962426 
277.7734375 40.7691368689903796962426 
277.7734375 43.4870793269230730970776 
275.40625 43.4870793269230730970776 

276.328125 45 
276.328125 42 
278.6953125 42 
278.6953125 45 
276.328125 45 

277.7734375 45.0208834134615329958251 
280.140625 45.0208834134615329958251 
280.140625 46.5546875 
277.7734375 46.5546875 
277.7734375 45.0208834134615329958251 

275.40625 46.5546875 
275.40625 45.0208834134615329958251 
277.7734375 45.0208834134615329958251 
277.7734375 46.5546875 
275.40625 46.5546875 

275.40625 45.0208834134615329958251 
275.40625 43.4870793269230730970776 
277.7734375 43.4870793269230730970776 
277.7734375 45.0208834134615329958251 
275.40625 45.0208834134615329958251 

276.328125 48 
276.328125 45 
278.6953125 45 
278.6953125 48 
276.328125 48 

277.7734375 43.4870793269230730970776 
280.140625 43.4870793269230730970776 
280.140625 45.0208834134615329958251 
277.7734375 45.0208834134615329958251 
277.7734375 43.4870793269230730970776 

282.5078125 38.0511944110576862954076 
284.875 38.0511944110576862954076 
284.875 40.7691368689903796962426 
282.5078125 40.7691368689903796962426 
282.5078125 38.0511944110576862954076 

280.140625 43.4870793269230730970776 
280.140625 40.7691368689903796962426 
282.5078125 40.7691368689903796962426 
282.5078125 43.4870793269230730970776 
280.140625 43.4870793269230730970776 

288.1640625 42 
290.53125 42 
290.53125 45 
288.1640625 45 
288.1640625 42 

283.4296875 42 
285.796875 42 
285.796875 45 
283.4296875 45 
283.4296875 42 

281.0625 45 
281.0625 42 
283.4296875 42 
283.4296875 45 
281.0625 45 

280.140625 46.5546875 
280.140625 45.0208834134615329958251 
282.5078125 45.0208834134615329958251 
282.5078125 46.5546875 
280.140625 46.5546875 

280.140625 45.0208834134615329958251 
280.140625 43.4870793269230730970776 
282.5078125 43.4870793269230730970776 
282.5078125 45.0208834134615329958251 
280.140625 45.0208834134615329958251 

288.1640625 45 
290.53125 45 
290.53125 48 
288.1640625 48 
288.1640625 45 

283.4296875 45 
285.796875 45 
285.796875 48 
283.4296875 48 
283.4296875 45 

281.0625 48 
281.0625 45 
283.4296875 45 
283.4296875 48 
281.0625 48 

282.5078125 43.4870793269230730970776 
284.875 43.4870793269230730970776 
284.875 45.0208834134615329958251 
282.5078125 45.0208834134615329958251 
282.5078125 43.4870793269230730970776 

284.875 0 
322.75 0 
322.75 21.7435396634615365485388 
284.875 21.7435396634615365485388 
284.875 0 

301.4453125 40.7691368689903796962426 
303.8125 40.7691368689903796962426 
303.8125 43.4870793269230730970776 
301.4453125 43.4870793269230730970776 
301.4453125 40.7691368689903796962426 

301.4453125 29.89736703725961319833 
303.8125 29.89736703725961319833 
303.8125 32.615309495192306599165 
301.4453125 32.615309495192306599165 
301.4453125 29.89736703725961319833 

291.9765625 40.7691368689903796962426 
294.34375 40.7691368689903796962426 
294.34375 43.4870793269230730970776 
291.9765625 43.4870793269230730970776 
291.9765625 40.7691368689903796962426 

291.9765625 35.333251953125 
294.34375 35.333251953125 
294.34375 38.0511944110576862954076 
291.9765625 38.0511944110576862954076 
291.9765625 35.333251953125 

287.2421875 40.7691368689903796962426 
289.609375 40.7691368689903796962426 
289.609375 43.4870793269230730970776 
287.2421875 43.4870793269230730970776 
287.2421875 40.7691368689903796962426 

287.2421875 38.0511944110576862954076 
289.609375 38.0511944110576862954076 
289.609375 40.7691368689903796962426 
287.2421875 40.7691368689903796962426 
287.2421875 38.0511944110576862954076 

284.875 43.4870793269230730970776 
284.875 40.7691368689903796962426 
287.2421875 40.7691368689903796962426 
287.2421875 43.4870793269230730970776 
284.875 43.4870793269230730970776 

285.796875 45 
285.796875 42 
288.1640625 42 
288.1640625 45 
285.796875 45 

301.4453125 45.0208834134615329958251 
303.8125 45.0208834134615329958251 
303.8125 46.5546875 
301.4453125 46.5546875 
301.4453125 45.0208834134615329958251 

291.9765625 45.0208834134615329958251 
294.34375 45.0208834134615329958251 
294.34375 46.5546875 
291.9765625 46.5546875 
291.9765625 45.0208834134615329958251 

287.2421875 45.0208834134615329958251 
289.609375 45.0208834134615329958251 
289.609375 46.5546875 
287.2421875 46.5546875 
287.2421875 45.0208834134615329958251 

284.875 46.5546875 
284.875 45.0208834134615329958251 
287.2421875 45.0208834134615329958251 
287.2421875 46.5546875 
284.875 46.5546875 

284.875 45.0208834134615329958251 
284.875 43.4870793269230730970776 
287.2421875 43.4870793269230730970776 
287.2421875 45.0208834134615329958251 
284.875 45.0208834134615329958251 

285.796875 48 
285.796875 45 
288.1640625 45 
288.1640625 48 
285.796875 48 

287.2421875 43.4870793269230730970776 
289.609375 43.4870793269230730970776 
289.609375 45.0208834134615329958251 
287.2421875 45.0208834134615329958251 
287.2421875 43.4870793269230730970776 

292.8984375 42 
295.265625 42 
295.265625 45 
292.8984375 45 
292.8984375 42 

290.53125 45 
290.53125 42 
292.8984375 42 
292.8984375 45 
290.53125 45 

289.609375 46.5546875 
289.609375 45.0208834134615329958251 
291.9765625 45.0208834134615329958251 
291.9765625 46.5546875 
289.609375 46.5546875 

289.609375 45.0208834134615329958251 
289.609375 43.4870793269230730970776 
291.9765625 43.4870793269230730970776 
291.9765625 45.0208834134615329958251 
289.609375 45.0208834134615329958251 

292.8984375 45 
295.265625 45 
295.265625 48 
292.8984375 48 
292.8984375 45 

290.53125 48 
290.53125 45 
292.8984375 45 
292.8984375 48 
290.53125 48 

291.9765625 43.4870793269230730970776 
294.34375 43.4870793269230730970776 
294.34375 45.0208834134615329958251 
291.9765625 45.0208834134615329958251 
291.9765625 43.4870793269230730970776 

296.7109375 45.0208834134615329958251 
299.078125 45.0208834134615329958251 
299.078125 46.5546875 
296.7109375 46.5546875 
296.7109375 45.0208834134615329958251 

294.34375 46.5546875 
294.34375 45.0208834134615329958251 
296.7109375 45.0208834134615329958251 
296.7109375 46.5546875 
294.34375 46.5546875 

294.34375 45.0208834134615329958251 
294.34375 43.4870793269230730970776 
296.7109375 43.4870793269230730970776 
296.7109375 45.0208834134615329958251 
294.34375 45.0208834134615329958251 

295.265625 45 
295.265625 42 
297.6328125 42 
297.6328125 45 
295.265625 45 

295.265625 48 
295.265625 45 
297.6328125 45 
297.6328125 48 
295.265625 48 

296.7109375 43.4870793269230730970776 
299.078125 43.4870793269230730970776 
299.078125 45.0208834134615329958251 
296.7109375 45.0208834134615329958251 
296.7109375 43.4870793269230730970776 

299.078125 46.5546875 
299.078125 45.0208834134615329958251 
301.4453125 45.0208834134615329958251 
301.4453125 46.5546875 
299.078125 46.5546875 

299.078125 45.0208834134615329958251 
299.078125 43.4870793269230730970776 
301.4453125 43.4870793269230730970776 
301.4453125 45.0208834134615329958251 
299.078125 45.0208834134615329958251 

398.5 46.5546875 
550 46.5546875 
550 49.5968749999999971578291 
398.5 49.5968749999999971578291 
398.5 46.5546875 

322.75 46.5546875 
398.5 46.5546875 
398.5 49.5968749999999971578291 
322.75 49.5968749999999971578291 
322.75 46.5546875 

313.28125 46.5546875 
322.75 46.5546875 
322.75 49.5968749999999971578291 
313.28125 49.5968749999999971578291 
313.28125 46.5546875 

247 49.5968749999999971578291 
247 46.5546875 
284.875 46.5546875 
284.875 49.5968749999999971578291 
247 49.5968749999999971578291 

301.4453125 48.0757812499999985789145 
303.8125 48.0757812499999985789145 
303.8125 49.5968749999999971578291 
301.4453125 49.5968749999999971578291 
301.4453125 48.0757812499999985789145 

291.9765625 48.0757812499999985789145 
294.34375 48.0757812499999985789145 
294.34375 49.5968749999999971578291 
291.9765625 49.5968749999999971578291 
291.9765625 48.0757812499999985789145 

284.875 49.5968749999999971578291 
284.875 46.5546875 
289.609375 46.5546875 
289.609375 49.5968749999999971578291 
284.875 49.5968749999999971578291 

289.609375 49.5968749999999971578291 
289.609375 48.0757812499999985789145 
291.9765625 48.0757812499999985789145 
291.9765625 49.5968749999999971578291 
289.609375 49.5968749999999971578291 

289.609375 48.0757812499999985789145 
289.609375 46.5546875 
291.9765625 46.5546875 
291.9765625 48.0757812499999985789145 
289.609375 48.0757812499999985789145 

291.9765625 46.5546875 
294.34375 46.5546875 
294.34375 48.0757812499999985789145 
291.9765625 48.0757812499999985789145 
291.9765625 46.5546875 

296.7109375 48.0757812499999985789145 
299.078125 48.0757812499999985789145 
299.078125 49.5968749999999971578291 
296.7109375 49.5968749999999971578291 
296.7109375 48.0757812499999985789145 

294.34375 49.5968749999999971578291 
294.34375 48.0757812499999985789145 
296.7109375 48.0757812499999985789145 
296.7109375 49.5968749999999971578291 
294.34375 49.5968749999999971578291 

294.34375 48.0757812499999985789145 
294.34375 46.5546875 
296.7109375 46.5546875 
296.7109375 48.0757812499999985789145 
294.34375 48.0757812499999985789145 

296.7109375 46.5546875 
299.078125 46.5546875 
299.078125 48.0757812499999985789145 
296.7109375 48.0757812499999985789145 
296.7109375 46.5546875 

299.078125 49.5968749999999971578291 
299.078125 48.0757812499999985789145 
301.4453125 48.0757812499999985789145 
301.4453125 49.5968749999999971578291 
299.078125 49.5968749999999971578291 

299.078125 48.0757812499999985789145 
299.078125 46.5546875 
301.4453125 46.5546875 
301.4453125 48.0757812499999985789145 
299.078125 48.0757812499999985789145 

301.4453125 43.4870793269230730970776 
303.8125 43.4870793269230730970776 
303.8125 45.0208834134615329958251 
301.4453125 45.0208834134615329958251 
301.4453125 43.4870793269230730970776 

301.4453125 46.5546875 
303.8125 46.5546875 
303.8125 48.0757812499999985789145 
301.4453125 48.0757812499999985789145 
301.4453125 46.5546875 

310.9140625 45.0208834134615329958251 
313.28125 45.0208834134615329958251 
313.28125 46.5546875 
310.9140625 46.5546875 
310.9140625 45.0208834134615329958251 

306.1796875 45.0208834134615329958251 
308.546875 45.0208834134615329958251 
308.546875 46.5546875 
306.1796875 46.5546875 
306.1796875 45.0208834134615329958251 

303.8125 46.5546875 
303.8125 45.0208834134615329958251 
306.1796875 45.0208834134615329958251 
306.1796875 46.5546875 
303.8125 46.5546875 

303.8125 45.0208834134615329958251 
303.8125 43.4870793269230730970776 
306.1796875 43.4870793269230730970776 
306.1796875 45.0208834134615329958251 
303.8125 45.0208834134615329958251 

308.546875 46.5546875 
313.28125 46.5546875 
313.28125 49.5968749999999971578291 
308.546875 49.5968749999999971578291 
308.546875 46.5546875 

306.1796875 48.0757812499999985789145 
308.546875 48.0757812499999985789145 
308.546875 49.5968749999999971578291 
306.1796875 49.5968749999999971578291 
306.1796875 48.0757812499999985789145 

303.8125 49.5968749999999971578291 
303.8125 48.0757812499999985789145 
306.1796875 48.0757812499999985789145 
306.1796875 49.5968749999999971578291 
303.8125 49.5968749999999971578291 

303.8125 48.0757812499999985789145 
303.8125 46.5546875 
306.1796875 46.5546875 
306.1796875 48.0757812499999985789145 
303.8125 48.0757812499999985789145 

306.1796875 43.4870793269230730970776 
308.546875 43.4870793269230730970776 
308.546875 45.0208834134615329958251 
306.1796875 45.0208834134615329958251 
306.1796875 43.4870793269230730970776 

306.1796875 46.5546875 
308.546875 46.5546875 
308.546875 48.0757812499999985789145 
306.1796875 48.0757812499999985789145 
306.1796875 46.5546875 

291.9765625 38.0511944110576862954076 
294.34375 38.0511944110576862954076 
294.34375 40.7691368689903796962426 
291.9765625 40.7691368689903796962426 
291.9765625 38.0511944110576862954076 

289.609375 43.4870793269230730970776 
289.609375 40.7691368689903796962426 
291.9765625 40.7691368689903796962426 
291.9765625 43.4870793269230730970776 
289.609375 43.4870793269230730970776 

301.4453125 35.333251953125 
303.8125 35.333251953125 
303.8125 38.0511944110576862954076 
301.4453125 38.0511944110576862954076 
301.4453125 35.333251953125 

296.7109375 40.7691368689903796962426 
299.078125 40.7691368689903796962426 
299.078125 43.4870793269230730970776 
296.7109375 43.4870793269230730970776 
296.7109375 40.7691368689903796962426 

296.7109375 38.0511944110576862954076 
299.078125 38.0511944110576862954076 
299.078125 40.7691368689903796962426 
296.7109375 40.7691368689903796962426 
296.7109375 38.0511944110576862954076 

294.34375 43.4870793269230730970776 
294.34375 40.7691368689903796962426 
296.7109375 40.7691368689903796962426 
296.7109375 43.4870793269230730970776 
294.34375 43.4870793269230730970776 

301.4453125 38.0511944110576862954076 
303.8125 38.0511944110576862954076 
303.8125 40.7691368689903796962426 
301.4453125 40.7691368689903796962426 
301.4453125 38.0511944110576862954076 

299.078125 43.4870793269230730970776 
299.078125 40.7691368689903796962426 
301.4453125 40.7691368689903796962426 
301.4453125 43.4870793269230730970776 
299.078125 43.4870793269230730970776 

320.3828125 29.89736703725961319833 
322.75 29.89736703725961319833 
322.75 32.615309495192306599165 
320.3828125 32.615309495192306599165 
320.3828125 29.89736703725961319833 

310.9140625 40.7691368689903796962426 
313.28125 40.7691368689903796962426 
313.28125 43.4870793269230730970776 
310.9140625 43.4870793269230730970776 
310.9140625 40.7691368689903796962426 

310.9140625 35.333251953125 
313.28125 35.333251953125 
313.28125 38.0511944110576862954076 
310.9140625 38.0511944110576862954076 
310.9140625 35.333251953125 

306.1796875 40.7691368689903796962426 
308.546875 40.7691368689903796962426 
308.546875 43.4870793269230730970776 
306.1796875 43.4870793269230730970776 
306.1796875 40.7691368689903796962426 

306.1796875 38.0511944110576862954076 
308.546875 38.0511944110576862954076 
308.546875 40.7691368689903796962426 
306.1796875 40.7691368689903796962426 
306.1796875 38.0511944110576862954076 

303.8125 43.4870793269230730970776 
303.8125 40.7691368689903796962426 
306.1796875 40.7691368689903796962426 
306.1796875 43.4870793269230730970776 
303.8125 43.4870793269230730970776 

308.546875 46.5546875 
308.546875 45.0208834134615329958251 
310.9140625 45.0208834134615329958251 
310.9140625 46.5546875 
308.546875 46.5546875 

308.546875 45.0208834134615329958251 
308.546875 43.4870793269230730970776 
310.9140625 43.4870793269230730970776 
310.9140625 45.0208834134615329958251 
308.546875 45.0208834134615329958251 

310.9140625 38.0511944110576862954076 
313.28125 38.0511944110576862954076 
313.28125 40.7691368689903796962426 
310.9140625 40.7691368689903796962426 
310.9140625 38.0511944110576862954076 

308.546875 43.4870793269230730970776 
308.546875 40.7691368689903796962426 
310.9140625 40.7691368689903796962426 
310.9140625 43.4870793269230730970776 
308.546875 43.4870793269230730970776 

310.9140625 43.4870793269230730970776 
313.28125 43.4870793269230730970776 
313.28125 45.0208834134615329958251 
310.9140625 45.0208834134615329958251 
310.9140625 43.4870793269230730970776 

315.6484375 45.0208834134615329958251 
318.015625 45.0208834134615329958251 
318.015625 46.5546875 
315.6484375 46.5546875 
315.6484375 45.0208834134615329958251 

313.28125 46.5546875 
313.28125 45.0208834134615329958251 
315.6484375 45.0208834134615329958251 
315.6484375 46.5546875 
313.28125 46.5546875 

313.28125 45.0208834134615329958251 
313.28125 43.4870793269230730970776 
315.6484375 43.4870793269230730970776 
315.6484375 45.0208834134615329958251 
313.28125 45.0208834134615329958251 

320.3828125 35.333251953125 
322.75 35.333251953125 
322.75 38.0511944110576862954076 
320.3828125 38.0511944110576862954076 
320.3828125 35.333251953125 

315.6484375 40.7691368689903796962426 
318.015625 40.7691368689903796962426 
318.015625 43.4870793269230730970776 
315.6484375 43.4870793269230730970776 
315.6484375 40.7691368689903796962426 

315.6484375 38.0511944110576862954076 
318.015625 38.0511944110576862954076 
318.015625 40.7691368689903796962426 
315.6484375 40.7691368689903796962426 
315.6484375 38.0511944110576862954076 

313.28125 43.4870793269230730970776 
313.28125 40.7691368689903796962426 
315.6484375 40.7691368689903796962426 
315.6484375 43.4870793269230730970776 
313.28125 43.4870793269230730970776 

315.6484375 43.4870793269230730970776 
318.015625 43.4870793269230730970776 
318.015625 45.0208834134615329958251 
315.6484375 45.0208834134615329958251 
315.6484375 43.4870793269230730970776 

318.015625 46.5546875 
318.015625 45.0208834134615329958251 
320.3828125 45.0208834134615329958251 
320.3828125 46.5546875 
318.015625 46.5546875 

318.015625 45.0208834134615329958251 
318.015625 43.4870793269230730970776 
320.3828125 43.4870793269230730970776 
320.3828125 45.0208834134615329958251 
318.015625 45.0208834134615329958251 

320.3828125 38.0511944110576862954076 
322.75 38.0511944110576862954076 
322.75 40.7691368689903796962426 
320.3828125 40.7691368689903796962426 
320.3828125 38.0511944110576862954076 

318.015625 43.4870793269230730970776 
318.015625 40.7691368689903796962426 
320.3828125 40.7691368689903796962426 
320.3828125 43.4870793269230730970776 
318.015625 43.4870793269230730970776 

320.3828125 43.4870793269230730970776 
322.75 43.4870793269230730970776 
322.75 45.0208834134615329958251 
320.3828125 45.0208834134615329958251 
320.3828125 43.4870793269230730970776 

355.890625 40.7691368689903796962426 
360.625 40.7691368689903796962426 
360.625 43.4870793269230730970776 
355.890625 43.4870793269230730970776 
355.890625 40.7691368689903796962426 

358.2578125 19.0255972055288431477038 
360.625 19.0255972055288431477038 
360.625 21.7435396634615365485388 
358.2578125 21.7435396634615365485388 
358.2578125 19.0255972055288431477038 

339.3203125 40.7691368689903796962426 
341.6875 40.7691368689903796962426 
341.6875 43.4870793269230730970776 
339.3203125 43.4870793269230730970776 
339.3203125 40.7691368689903796962426 

339.3203125 29.89736703725961319833 
341.6875 29.89736703725961319833 
341.6875 32.615309495192306599165 
339.3203125 32.615309495192306599165 
339.3203125 29.89736703725961319833 

329.8515625 40.7691368689903796962426 
332.21875 40.7691368689903796962426 
332.21875 43.4870793269230730970776 
329.8515625 43.4870793269230730970776 
329.8515625 40.7691368689903796962426 

329.8515625 35.333251953125 
332.21875 35.333251953125 
332.21875 38.0511944110576862954076 
329.8515625 38.0511944110576862954076 
329.8515625 35.333251953125 

325.1171875 40.7691368689903796962426 
327.484375 40.7691368689903796962426 
327.484375 43.4870793269230730970776 
325.1171875 43.4870793269230730970776 
325.1171875 40.7691368689903796962426 

325.1171875 38.0511944110576862954076 
327.484375 38.0511944110576862954076 
327.484375 40.7691368689903796962426 
325.1171875 40.7691368689903796962426 
325.1171875 38.0511944110576862954076 

322.75 43.4870793269230730970776 
322.75 40.7691368689903796962426 
325.1171875 40.7691368689903796962426 
325.1171875 43.4870793269230730970776 
322.75 43.4870793269230730970776 

341.6875 43.4870793269230730970776 
360.625 43.4870793269230730970776 
360.625 46.5546875 
341.6875 46.5546875 
341.6875 43.4870793269230730970776 

336.953125 43.4870793269230730970776 
341.6875 43.4870793269230730970776 
341.6875 46.5546875 
336.953125 46.5546875 
336.953125 43.4870793269230730970776 

329.8515625 45.0208834134615329958251 
332.21875 45.0208834134615329958251 
332.21875 46.5546875 
329.8515625 46.5546875 
329.8515625 45.0208834134615329958251 

325.1171875 45.0208834134615329958251 
327.484375 45.0208834134615329958251 
327.484375 46.5546875 
325.1171875 46.5546875 
325.1171875 45.0208834134615329958251 

322.75 46.5546875 
322.75 45.0208834134615329958251 
325.1171875 45.0208834134615329958251 
325.1171875 46.5546875 
322.75 46.5546875 

322.75 45.0208834134615329958251 
322.75 43.4870793269230730970776 
325.1171875 43.4870793269230730970776 
325.1171875 45.0208834134615329958251 
322.75 45.0208834134615329958251 

325.1171875 43.4870793269230730970776 
327.484375 43.4870793269230730970776 
327.484375 45.0208834134615329958251 
325.1171875 45.0208834134615329958251 
325.1171875 43.4870793269230730970776 

329.8515625 38.0511944110576862954076 
332.21875 38.0511944110576862954076 
332.21875 40.7691368689903796962426 
329.8515625 40.7691368689903796962426 
329.8515625 38.0511944110576862954076 

327.484375 43.4870793269230730970776 
327.484375 40.7691368689903796962426 
329.8515625 40.7691368689903796962426 
329.8515625 43.4870793269230730970776 
327.484375 43.4870793269230730970776 

327.484375 46.5546875 
327.484375 45.0208834134615329958251 
329.8515625 45.0208834134615329958251 
329.8515625 46.5546875 
327.484375 46.5546875 

327.484375 45.0208834134615329958251 
327.484375 43.4870793269230730970776 
329.8515625 43.4870793269230730970776 
329.8515625 45.0208834134615329958251 
327.484375 45.0208834134615329958251 

329.8515625 43.4870793269230730970776 
332.21875 43.4870793269230730970776 
332.21875 45.0208834134615329958251 
329.8515625 45.0208834134615329958251 
329.8515625 43.4870793269230730970776 

339.3203125 35.333251953125 
341.6875 35.333251953125 
341.6875 38.0511944110576862954076 
339.3203125 38.0511944110576862954076 
339.3203125 35.333251953125 

334.5859375 40.7691368689903796962426 
336.953125 40.7691368689903796962426 
336.953125 43.4870793269230730970776 
334.5859375 43.4870793269230730970776 
334.5859375 40.7691368689903796962426 

334.5859375 38.0511944110576862954076 
336.953125 38.0511944110576862954076 
336.953125 40.7691368689903796962426 
334.5859375 40.7691368689903796962426 
334.5859375 38.0511944110576862954076 

332.21875 43.4870793269230730970776 
332.21875 40.7691368689903796962426 
334.5859375 40.7691368689903796962426 
334.5859375 43.4870793269230730970776 
332.21875 43.4870793269230730970776 

334.5859375 43.4870793269230730970776 
336.953125 43.4870793269230730970776 
336.953125 46.5546875 
334.5859375 46.5546875 
334.5859375 43.4870793269230730970776 

332.21875 46.5546875 
332.21875 45.0208834134615329958251 
334.5859375 45.0208834134615329958251 
334.5859375 46.5546875 
332.21875 46.5546875 

332.21875 45.0208834134615329958251 
332.21875 43.4870793269230730970776 
334.5859375 43.4870793269230730970776 
334.5859375 45.0208834134615329958251 
332.21875 45.0208834134615329958251 

256.46875 40.7691368689903796962426 
256.46875 38.0511944110576862954076 
258.8359375 38.0511944110576862954076 
258.8359375 40.7691368689903796962426 
256.46875 40.7691368689903796962426 

261.203125 40.7691368689903796962426 
261.203125 38.0511944110576862954076 
263.5703125 38.0511944110576862954076 
263.5703125 40.7691368689903796962426 
261.203125 40.7691368689903796962426 

265.9375 40.7691368689903796962426 
265.9375 38.0511944110576862954076 
268.3046875 38.0511944110576862954076 
268.3046875 40.7691368689903796962426 
265.9375 40.7691368689903796962426 

256.46875 38.0511944110576862954076 
256.46875 32.615309495192306599165 
261.203125 32.615309495192306599165 
261.203125 38.0511944110576862954076 
256.46875 38.0511944110576862954076 

261.203125 32.615309495192306599165 
265.9375 32.615309495192306599165 
265.9375 35.333251953125 
261.203125 35.333251953125 
261.203125 32.615309495192306599165 

261.203125 38.0511944110576862954076 
261.203125 35.333251953125 
263.5703125 35.333251953125 
263.5703125 38.0511944110576862954076 
261.203125 38.0511944110576862954076 

268.3046875 35.333251953125 
270.671875 35.333251953125 
270.671875 38.0511944110576862954076 
268.3046875 38.0511944110576862954076 
268.3046875 35.333251953125 

265.9375 35.333251953125 
265.9375 32.615309495192306599165 
270.671875 32.615309495192306599165 
270.671875 35.333251953125 
265.9375 35.333251953125 

265.9375 38.0511944110576862954076 
265.9375 35.333251953125 
268.3046875 35.333251953125 
268.3046875 38.0511944110576862954076 
265.9375 38.0511944110576862954076 

270.671875 40.7691368689903796962426 
270.671875 38.0511944110576862954076 
273.0390625 38.0511944110576862954076 
273.0390625 40.7691368689903796962426 
270.671875 40.7691368689903796962426 

270.671875 32.615309495192306599165 
275.40625 32.615309495192306599165 
275.40625 35.333251953125 
270.671875 35.333251953125 
270.671875 32.615309495192306599165 

270.671875 38.0511944110576862954076 
270.671875 35.333251953125 
273.0390625 35.333251953125 
273.0390625 38.0511944110576862954076 
270.671875 38.0511944110576862954076 

275.40625 40.7691368689903796962426 
275.40625 38.0511944110576862954076 
277.7734375 38.0511944110576862954076 
277.7734375 40.7691368689903796962426 
275.40625 40.7691368689903796962426 

277.7734375 35.333251953125 
280.140625 35.333251953125 
280.140625 38.0511944110576862954076 
277.7734375 38.0511944110576862954076 
277.7734375 35.333251953125 

275.40625 35.333251953125 
275.40625 32.615309495192306599165 
280.140625 32.615309495192306599165 
280.140625 35.333251953125 
275.40625 35.333251953125 

275.40625 38.0511944110576862954076 
275.40625 35.333251953125 
277.7734375 35.333251953125 
277.7734375 38.0511944110576862954076 
275.40625 38.0511944110576862954076 

280.140625 40.7691368689903796962426 
280.140625 38.0511944110576862954076 
282.5078125 38.0511944110576862954076 
282.5078125 40.7691368689903796962426 
280.140625 40.7691368689903796962426 

282.5078125 32.615309495192306599165 
284.875 32.615309495192306599165 
284.875 35.333251953125 
282.5078125 35.333251953125 
282.5078125 32.615309495192306599165 

280.140625 38.0511944110576862954076 
280.140625 35.333251953125 
282.5078125 35.333251953125 
282.5078125 38.0511944110576862954076 
280.140625 38.0511944110576862954076 

284.875 40.7691368689903796962426 
284.875 38.0511944110576862954076 
287.2421875 38.0511944110576862954076 
287.2421875 40.7691368689903796962426 
284.875 40.7691368689903796962426 

287.2421875 35.333251953125 
289.609375 35.333251953125 
289.609375 38.0511944110576862954076 
287.2421875 38.0511944110576862954076 
287.2421875 35.333251953125 

287.2421875 32.615309495192306599165 
289.609375 32.615309495192306599165 
289.609375 35.333251953125 
287.2421875 35.333251953125 
287.2421875 32.615309495192306599165 

284.875 38.0511944110576862954076 
284.875 35.333251953125 
287.2421875 35.333251953125 
287.2421875 38.0511944110576862954076 
284.875 38.0511944110576862954076 

280.140625 35.333251953125 
280.140625 32.615309495192306599165 
282.5078125 32.615309495192306599165 
282.5078125 35.333251953125 
280.140625 35.333251953125 

284.875 35.333251953125 
284.875 32.615309495192306599165 
287.2421875 32.615309495192306599165 
287.2421875 35.333251953125 
284.875 35.333251953125 

289.609375 40.7691368689903796962426 
289.609375 38.0511944110576862954076 
291.9765625 38.0511944110576862954076 
291.9765625 40.7691368689903796962426 
289.609375 40.7691368689903796962426 

291.9765625 32.615309495192306599165 
294.34375 32.615309495192306599165 
294.34375 35.333251953125 
291.9765625 35.333251953125 
291.9765625 32.615309495192306599165 

289.609375 38.0511944110576862954076 
289.609375 35.333251953125 
291.9765625 35.333251953125 
291.9765625 38.0511944110576862954076 
289.609375 38.0511944110576862954076 

294.34375 40.7691368689903796962426 
294.34375 38.0511944110576862954076 
296.7109375 38.0511944110576862954076 
296.7109375 40.7691368689903796962426 
294.34375 40.7691368689903796962426 

296.7109375 35.333251953125 
299.078125 35.333251953125 
299.078125 38.0511944110576862954076 
296.7109375 38.0511944110576862954076 
296.7109375 35.333251953125 

296.7109375 32.615309495192306599165 
299.078125 32.615309495192306599165 
299.078125 35.333251953125 
296.7109375 35.333251953125 
296.7109375 32.615309495192306599165 

294.34375 38.0511944110576862954076 
294.34375 35.333251953125 
296.7109375 35.333251953125 
296.7109375 38.0511944110576862954076 
294.34375 38.0511944110576862954076 

289.609375 35.333251953125 
289.609375 32.615309495192306599165 
291.9765625 32.615309495192306599165 
291.9765625 35.333251953125 
289.609375 35.333251953125 

294.34375 35.333251953125 
294.34375 32.615309495192306599165 
296.7109375 32.615309495192306599165 
296.7109375 35.333251953125 
294.34375 35.333251953125 

299.078125 40.7691368689903796962426 
299.078125 38.0511944110576862954076 
301.4453125 38.0511944110576862954076 
301.4453125 40.7691368689903796962426 
299.078125 40.7691368689903796962426 

301.4453125 32.615309495192306599165 
303.8125 32.615309495192306599165 
303.8125 35.333251953125 
301.4453125 35.333251953125 
301.4453125 32.615309495192306599165 

299.078125 38.0511944110576862954076 
299.078125 35.333251953125 
301.4453125 35.333251953125 
301.4453125 38.0511944110576862954076 
299.078125 38.0511944110576862954076 

303.8125 40.7691368689903796962426 
303.8125 38.0511944110576862954076 
306.1796875 38.0511944110576862954076 
306.1796875 40.7691368689903796962426 
303.8125 40.7691368689903796962426 

306.1796875 35.333251953125 
308.546875 35.333251953125 
308.546875 38.0511944110576862954076 
306.1796875 38.0511944110576862954076 
306.1796875 35.333251953125 

306.1796875 32.615309495192306599165 
308.546875 32.615309495192306599165 
308.546875 35.333251953125 
306.1796875 35.333251953125 
306.1796875 32.615309495192306599165 

303.8125 38.0511944110576862954076 
303.8125 35.333251953125 
306.1796875 35.333251953125 
306.1796875 38.0511944110576862954076 
303.8125 38.0511944110576862954076 

299.078125 35.333251953125 
299.078125 32.615309495192306599165 
301.4453125 32.615309495192306599165 
301.4453125 35.333251953125 
299.078125 35.333251953125 

303.8125 35.333251953125 
303.8125 32.615309495192306599165 
306.1796875 32.615309495192306599165 
306.1796875 35.333251953125 
303.8125 35.333251953125 

284.875 32.615309495192306599165 
284.875 21.7435396634615365485388 
294.34375 21.7435396634615365485388 
294.34375 32.615309495192306599165 
284.875 32.615309495192306599165 

294.34375 21.7435396634615365485388 
303.8125 21.7435396634615365485388 
303.8125 27.1794245793269197974951 
294.34375 27.1794245793269197974951 
294.34375 21.7435396634615365485388 

294.34375 32.615309495192306599165 
294.34375 27.1794245793269197974951 
299.078125 27.1794245793269197974951 
299.078125 32.615309495192306599165 
294.34375 32.615309495192306599165 

299.078125 27.1794245793269197974951 
303.8125 27.1794245793269197974951 
303.8125 29.89736703725961319833 
299.078125 29.89736703725961319833 
299.078125 27.1794245793269197974951 

299.078125 32.615309495192306599165 
299.078125 29.89736703725961319833 
301.4453125 29.89736703725961319833 
301.4453125 32.615309495192306599165 
299.078125 32.615309495192306599165 

310.9140625 29.89736703725961319833 
313.28125 29.89736703725961319833 
313.28125 32.615309495192306599165 
310.9140625 32.615309495192306599165 
310.9140625 29.89736703725961319833 

303.8125 27.1794245793269197974951 
303.8125 21.7435396634615365485388 
313.28125 21.7435396634615365485388 
313.28125 27.1794245793269197974951 
303.8125 27.1794245793269197974951 

306.1796875 29.89736703725961319833 
308.546875 29.89736703725961319833 
308.546875 32.615309495192306599165 
306.1796875 32.615309495192306599165 
306.1796875 29.89736703725961319833 

303.8125 29.89736703725961319833 
303.8125 27.1794245793269197974951 
308.546875 27.1794245793269197974951 
308.546875 29.89736703725961319833 
303.8125 29.89736703725961319833 

303.8125 32.615309495192306599165 
303.8125 29.89736703725961319833 
306.1796875 29.89736703725961319833 
306.1796875 32.615309495192306599165 
303.8125 32.615309495192306599165 

308.546875 40.7691368689903796962426 
308.546875 38.0511944110576862954076 
310.9140625 38.0511944110576862954076 
310.9140625 40.7691368689903796962426 
308.546875 40.7691368689903796962426 

310.9140625 32.615309495192306599165 
313.28125 32.615309495192306599165 
313.28125 35.333251953125 
310.9140625 35.333251953125 
310.9140625 32.615309495192306599165 

308.546875 38.0511944110576862954076 
308.546875 35.333251953125 
310.9140625 35.333251953125 
310.9140625 38.0511944110576862954076 
308.546875 38.0511944110576862954076 

313.28125 40.7691368689903796962426 
313.28125 38.0511944110576862954076 
315.6484375 38.0511944110576862954076 
315.6484375 40.7691368689903796962426 
313.28125 40.7691368689903796962426 

315.6484375 35.333251953125 
318.015625 35.333251953125 
318.015625 38.0511944110576862954076 
315.6484375 38.0511944110576862954076 
315.6484375 35.333251953125 

315.6484375 32.615309495192306599165 
318.015625 32.615309495192306599165 
318.015625 35.333251953125 
315.6484375 35.333251953125 
315.6484375 32.615309495192306599165 

313.28125 38.0511944110576862954076 
313.28125 35.333251953125 
315.6484375 35.333251953125 
315.6484375 38.0511944110576862954076 
313.28125 38.0511944110576862954076 

308.546875 35.333251953125 
308.546875 32.615309495192306599165 
310.9140625 32.615309495192306599165 
310.9140625 35.333251953125 
308.546875 35.333251953125 

308.546875 27.1794245793269197974951 
313.28125 27.1794245793269197974951 
313.28125 29.89736703725961319833 
308.546875 29.89736703725961319833 
308.546875 27.1794245793269197974951 

308.546875 32.615309495192306599165 
308.546875 29.89736703725961319833 
310.9140625 29.89736703725961319833 
310.9140625 32.615309495192306599165 
308.546875 32.615309495192306599165 

313.28125 35.333251953125 
313.28125 32.615309495192306599165 
315.6484375 32.615309495192306599165 
315.6484375 35.333251953125 
313.28125 35.333251953125 

313.28125 21.7435396634615365485388 
322.75 21.7435396634615365485388 
322.75 27.1794245793269197974951 
313.28125 27.1794245793269197974951 
313.28125 21.7435396634615365485388 

315.6484375 29.89736703725961319833 
318.015625 29.89736703725961319833 
318.015625 32.615309495192306599165 
315.6484375 32.615309495192306599165 
315.6484375 29.89736703725961319833 

315.6484375 27.1794245793269197974951 
318.015625 27.1794245793269197974951 
318.015625 29.89736703725961319833 
315.6484375 29.89736703725961319833 
315.6484375 27.1794245793269197974951 

313.28125 32.615309495192306599165 
313.28125 29.89736703725961319833 
315.6484375 29.89736703725961319833 
315.6484375 32.615309495192306599165 
313.28125 32.615309495192306599165 

318.015625 40.7691368689903796962426 
318.015625 38.0511944110576862954076 
320.3828125 38.0511944110576862954076 
320.3828125 40.7691368689903796962426 
318.015625 40.7691368689903796962426 

320.3828125 32.615309495192306599165 
322.75 32.615309495192306599165 
322.75 35.333251953125 
320.3828125 35.333251953125 
320.3828125 32.615309495192306599165 

318.015625 38.0511944110576862954076 
318.015625 35.333251953125 
320.3828125 35.333251953125 
320.3828125 38.0511944110576862954076 
318.015625 38.0511944110576862954076 

322.75 40.7691368689903796962426 
322.75 38.0511944110576862954076 
325.1171875 38.0511944110576862954076 
325.1171875 40.7691368689903796962426 
322.75 40.7691368689903796962426 

325.1171875 35.333251953125 
327.484375 35.333251953125 
327.484375 38.0511944110576862954076 
325.1171875 38.0511944110576862954076 
325.1171875 35.333251953125 

325.1171875 32.615309495192306599165 
327.484375 32.615309495192306599165 
327.484375 35.333251953125 
325.1171875 35.333251953125 
325.1171875 32.615309495192306599165 

322.75 38.0511944110576862954076 
322.75 35.333251953125 
325.1171875 35.333251953125 
325.1171875 38.0511944110576862954076 
322.75 38.0511944110576862954076 

318.015625 35.333251953125 
318.015625 32.615309495192306599165 
320.3828125 32.615309495192306599165 
320.3828125 35.333251953125 
318.015625 35.333251953125 

320.3828125 27.1794245793269197974951 
322.75 27.1794245793269197974951 
322.75 29.89736703725961319833 
320.3828125 29.89736703725961319833 
320.3828125 27.1794245793269197974951 

318.015625 32.615309495192306599165 
318.015625 29.89736703725961319833 
320.3828125 29.89736703725961319833 
320.3828125 32.615309495192306599165 
318.015625 32.615309495192306599165 

322.75 35.333251953125 
322.75 32.615309495192306599165 
325.1171875 32.615309495192306599165 
325.1171875 35.333251953125 
322.75 35.333251953125 

329.8515625 29.89736703725961319833 
332.21875 29.89736703725961319833 
332.21875 32.615309495192306599165 
329.8515625 32.615309495192306599165 
329.8515625 29.89736703725961319833 

329.8515625 24.4614821213942299493738 
332.21875 24.4614821213942299493738 
332.21875 27.1794245793269197974951 
329.8515625 27.1794245793269197974951 
329.8515625 24.4614821213942299493738 

325.1171875 29.89736703725961319833 
327.484375 29.89736703725961319833 
327.484375 32.615309495192306599165 
325.1171875 32.615309495192306599165 
325.1171875 29.89736703725961319833 

325.1171875 27.1794245793269197974951 
327.484375 27.1794245793269197974951 
327.484375 29.89736703725961319833 
325.1171875 29.89736703725961319833 
325.1171875 27.1794245793269197974951 

322.75 32.615309495192306599165 
322.75 29.89736703725961319833 
325.1171875 29.89736703725961319833 
325.1171875 32.615309495192306599165 
322.75 32.615309495192306599165 

313.28125 29.89736703725961319833 
313.28125 27.1794245793269197974951 
315.6484375 27.1794245793269197974951 
315.6484375 29.89736703725961319833 
313.28125 29.89736703725961319833 

318.015625 29.89736703725961319833 
318.015625 27.1794245793269197974951 
320.3828125 27.1794245793269197974951 
320.3828125 29.89736703725961319833 
318.015625 29.89736703725961319833 

322.75 29.89736703725961319833 
322.75 27.1794245793269197974951 
325.1171875 27.1794245793269197974951 
325.1171875 29.89736703725961319833 
322.75 29.89736703725961319833 

327.484375 40.7691368689903796962426 
327.484375 38.0511944110576862954076 
329.8515625 38.0511944110576862954076 
329.8515625 40.7691368689903796962426 
327.484375 40.7691368689903796962426 

329.8515625 32.615309495192306599165 
332.21875 32.615309495192306599165 
332.21875 35.333251953125 
329.8515625 35.333251953125 
329.8515625 32.615309495192306599165 

327.484375 38.0511944110576862954076 
327.484375 35.333251953125 
329.8515625 35.333251953125 
329.8515625 38.0511944110576862954076 
327.484375 38.0511944110576862954076 

332.21875 40.7691368689903796962426 
332.21875 38.0511944110576862954076 
334.5859375 38.0511944110576862954076 
334.5859375 40.7691368689903796962426 
332.21875 40.7691368689903796962426 

334.5859375 35.333251953125 
336.953125 35.333251953125 
336.953125 38.0511944110576862954076 
334.5859375 38.0511944110576862954076 
334.5859375 35.333251953125 

334.5859375 32.615309495192306599165 
336.953125 32.615309495192306599165 
336.953125 35.333251953125 
334.5859375 35.333251953125 
334.5859375 32.615309495192306599165 

332.21875 38.0511944110576862954076 
332.21875 35.333251953125 
334.5859375 35.333251953125 
334.5859375 38.0511944110576862954076 
332.21875 38.0511944110576862954076 

327.484375 35.333251953125 
327.484375 32.615309495192306599165 
329.8515625 32.615309495192306599165 
329.8515625 35.333251953125 
327.484375 35.333251953125 

329.8515625 27.1794245793269197974951 
332.21875 27.1794245793269197974951 
332.21875 29.89736703725961319833 
329.8515625 29.89736703725961319833 
329.8515625 27.1794245793269197974951 

327.484375 32.615309495192306599165 
327.484375 29.89736703725961319833 
329.8515625 29.89736703725961319833 
329.8515625 32.615309495192306599165 
327.484375 32.615309495192306599165 

332.21875 35.333251953125 
332.21875 32.615309495192306599165 
334.5859375 32.615309495192306599165 
334.5859375 35.333251953125 
332.21875 35.333251953125 

339.3203125 24.4614821213942299493738 
341.6875 24.4614821213942299493738 
341.6875 27.1794245793269197974951 
339.3203125 27.1794245793269197974951 
339.3203125 24.4614821213942299493738 

334.5859375 29.89736703725961319833 
336.953125 29.89736703725961319833 
336.953125 32.615309495192306599165 
334.5859375 32.615309495192306599165 
334.5859375 29.89736703725961319833 

334.5859375 27.1794245793269197974951 
336.953125 27.1794245793269197974951 
336.953125 29.89736703725961319833 
334.5859375 29.89736703725961319833 
334.5859375 27.1794245793269197974951 

332.21875 32.615309495192306599165 
332.21875 29.89736703725961319833 
334.5859375 29.89736703725961319833 
334.5859375 32.615309495192306599165 
332.21875 32.615309495192306599165 

327.484375 29.89736703725961319833 
327.484375 27.1794245793269197974951 
329.8515625 27.1794245793269197974951 
329.8515625 29.89736703725961319833 
327.484375 29.89736703725961319833 

339.3203125 38.0511944110576862954076 
341.6875 38.0511944110576862954076 
341.6875 40.7691368689903796962426 
339.3203125 40.7691368689903796962426 
339.3203125 38.0511944110576862954076 

336.953125 43.4870793269230730970776 
336.953125 40.7691368689903796962426 
339.3203125 40.7691368689903796962426 
339.3203125 43.4870793269230730970776 
336.953125 43.4870793269230730970776 

336.953125 40.7691368689903796962426 
336.953125 38.0511944110576862954076 
339.3203125 38.0511944110576862954076 
339.3203125 40.7691368689903796962426 
336.953125 40.7691368689903796962426 

339.3203125 32.615309495192306599165 
341.6875 32.615309495192306599165 
341.6875 35.333251953125 
339.3203125 35.333251953125 
339.3203125 32.615309495192306599165 

336.953125 38.0511944110576862954076 
336.953125 35.333251953125 
339.3203125 35.333251953125 
339.3203125 38.0511944110576862954076 
336.953125 38.0511944110576862954076 

358.2578125 29.89736703725961319833 
360.625 29.89736703725961319833 
360.625 32.615309495192306599165 
358.2578125 32.615309495192306599165 
358.2578125 29.89736703725961319833 

348.7890625 40.7691368689903796962426 
351.15625 40.7691368689903796962426 
351.15625 43.4870793269230730970776 
348.7890625 43.4870793269230730970776 
348.7890625 40.7691368689903796962426 

348.7890625 35.333251953125 
351.15625 35.333251953125 
351.15625 38.0511944110576862954076 
348.7890625 38.0511944110576862954076 
348.7890625 35.333251953125 

344.0546875 40.7691368689903796962426 
346.421875 40.7691368689903796962426 
346.421875 43.4870793269230730970776 
344.0546875 43.4870793269230730970776 
344.0546875 40.7691368689903796962426 

344.0546875 38.0511944110576862954076 
346.421875 38.0511944110576862954076 
346.421875 40.7691368689903796962426 
344.0546875 40.7691368689903796962426 
344.0546875 38.0511944110576862954076 

341.6875 43.4870793269230730970776 
341.6875 40.7691368689903796962426 
344.0546875 40.7691368689903796962426 
344.0546875 43.4870793269230730970776 
341.6875 43.4870793269230730970776 

341.6875 40.7691368689903796962426 
341.6875 38.0511944110576862954076 
344.0546875 38.0511944110576862954076 
344.0546875 40.7691368689903796962426 
341.6875 40.7691368689903796962426 

344.0546875 35.333251953125 
346.421875 35.333251953125 
346.421875 38.0511944110576862954076 
344.0546875 38.0511944110576862954076 
344.0546875 35.333251953125 

344.0546875 32.615309495192306599165 
346.421875 32.615309495192306599165 
346.421875 35.333251953125 
344.0546875 35.333251953125 
344.0546875 32.615309495192306599165 

341.6875 38.0511944110576862954076 
341.6875 35.333251953125 
344.0546875 35.333251953125 
344.0546875 38.0511944110576862954076 
341.6875 38.0511944110576862954076 

348.7890625 38.0511944110576862954076 
351.15625 38.0511944110576862954076 
351.15625 40.7691368689903796962426 
348.7890625 40.7691368689903796962426 
348.7890625 38.0511944110576862954076 

346.421875 43.4870793269230730970776 
346.421875 40.7691368689903796962426 
348.7890625 40.7691368689903796962426 
348.7890625 43.4870793269230730970776 
346.421875 43.4870793269230730970776 

346.421875 40.7691368689903796962426 
346.421875 38.0511944110576862954076 
348.7890625 38.0511944110576862954076 
348.7890625 40.7691368689903796962426 
346.421875 40.7691368689903796962426 

336.953125 35.333251953125 
336.953125 32.615309495192306599165 
339.3203125 32.615309495192306599165 
339.3203125 35.333251953125 
336.953125 35.333251953125 

339.3203125 27.1794245793269197974951 
341.6875 27.1794245793269197974951 
341.6875 29.89736703725961319833 
339.3203125 29.89736703725961319833 
339.3203125 27.1794245793269197974951 

336.953125 32.615309495192306599165 
336.953125 29.89736703725961319833 
339.3203125 29.89736703725961319833 
339.3203125 32.615309495192306599165 
336.953125 32.615309495192306599165 

341.6875 35.333251953125 
341.6875 32.615309495192306599165 
344.0546875 32.615309495192306599165 
344.0546875 35.333251953125 
341.6875 35.333251953125 

348.7890625 29.89736703725961319833 
351.15625 29.89736703725961319833 
351.15625 32.615309495192306599165 
348.7890625 32.615309495192306599165 
348.7890625 29.89736703725961319833 

348.7890625 24.4614821213942299493738 
351.15625 24.4614821213942299493738 
351.15625 27.1794245793269197974951 
348.7890625 27.1794245793269197974951 
348.7890625 24.4614821213942299493738 

344.0546875 29.89736703725961319833 
346.421875 29.89736703725961319833 
346.421875 32.615309495192306599165 
344.0546875 32.615309495192306599165 
344.0546875 29.89736703725961319833 

344.0546875 27.1794245793269197974951 
346.421875 27.1794245793269197974951 
346.421875 29.89736703725961319833 
344.0546875 29.89736703725961319833 
344.0546875 27.1794245793269197974951 

341.6875 32.615309495192306599165 
341.6875 29.89736703725961319833 
344.0546875 29.89736703725961319833 
344.0546875 32.615309495192306599165 
341.6875 32.615309495192306599165 

348.7890625 32.615309495192306599165 
351.15625 32.615309495192306599165 
351.15625 35.333251953125 
348.7890625 35.333251953125 
348.7890625 32.615309495192306599165 

346.421875 38.0511944110576862954076 
346.421875 35.333251953125 
348.7890625 35.333251953125 
348.7890625 38.0511944110576862954076 
346.421875 38.0511944110576862954076 

358.2578125 35.333251953125 
360.625 35.333251953125 
360.625 38.0511944110576862954076 
358.2578125 38.0511944110576862954076 
358.2578125 35.333251953125 

353.5234375 40.7691368689903796962426 
355.890625 40.7691368689903796962426 
355.890625 43.4870793269230730970776 
353.5234375 43.4870793269230730970776 
353.5234375 40.7691368689903796962426 

353.5234375 38.0511944110576862954076 
355.890625 38.0511944110576862954076 
355.890625 40.7691368689903796962426 
353.5234375 40.7691368689903796962426 
353.5234375 38.0511944110576862954076 

351.15625 43.4870793269230730970776 
351.15625 40.7691368689903796962426 
353.5234375 40.7691368689903796962426 
353.5234375 43.4870793269230730970776 
351.15625 43.4870793269230730970776 

351.15625 40.7691368689903796962426 
351.15625 38.0511944110576862954076 
353.5234375 38.0511944110576862954076 
353.5234375 40.7691368689903796962426 
351.15625 40.7691368689903796962426 

353.5234375 35.333251953125 
355.890625 35.333251953125 
355.890625 38.0511944110576862954076 
353.5234375 38.0511944110576862954076 
353.5234375 35.333251953125 

353.5234375 32.615309495192306599165 
355.890625 32.615309495192306599165 
355.890625 35.333251953125 
353.5234375 35.333251953125 
353.5234375 32.615309495192306599165 

351.15625 38.0511944110576862954076 
351.15625 35.333251953125 
353.5234375 35.333251953125 
353.5234375 38.0511944110576862954076 
351.15625 38.0511944110576862954076 

346.421875 35.333251953125 
346.421875 32.615309495192306599165 
348.7890625 32.615309495192306599165 
348.7890625 35.333251953125 
346.421875 35.333251953125 

332.21875 29.89736703725961319833 
332.21875 27.1794245793269197974951 
334.5859375 27.1794245793269197974951 
334.5859375 29.89736703725961319833 
332.21875 29.89736703725961319833 

322.75 27.1794245793269197974951 
322.75 21.7435396634615365485388 
327.484375 21.7435396634615365485388 
327.484375 27.1794245793269197974951 
322.75 27.1794245793269197974951 

327.484375 21.7435396634615365485388 
332.21875 21.7435396634615365485388 
332.21875 24.4614821213942299493738 
327.484375 24.4614821213942299493738 
327.484375 21.7435396634615365485388 

327.484375 27.1794245793269197974951 
327.484375 24.4614821213942299493738 
329.8515625 24.4614821213942299493738 
329.8515625 27.1794245793269197974951 
327.484375 27.1794245793269197974951 

334.5859375 24.4614821213942299493738 
336.953125 24.4614821213942299493738 
336.953125 27.1794245793269197974951 
334.5859375 27.1794245793269197974951 
334.5859375 24.4614821213942299493738 

332.21875 24.4614821213942299493738 
332.21875 21.7435396634615365485388 
336.953125 21.7435396634615365485388 
336.953125 24.4614821213942299493738 
332.21875 24.4614821213942299493738 

332.21875 27.1794245793269197974951 
332.21875 24.4614821213942299493738 
334.5859375 24.4614821213942299493738 
334.5859375 27.1794245793269197974951 
332.21875 27.1794245793269197974951 

336.953125 29.89736703725961319833 
336.953125 27.1794245793269197974951 
339.3203125 27.1794245793269197974951 
339.3203125 29.89736703725961319833 
336.953125 29.89736703725961319833 

339.3203125 21.7435396634615365485388 
341.6875 21.7435396634615365485388 
341.6875 24.4614821213942299493738 
339.3203125 24.4614821213942299493738 
339.3203125 21.7435396634615365485388 

336.953125 27.1794245793269197974951 
336.953125 24.4614821213942299493738 
339.3203125 24.4614821213942299493738 
339.3203125 27.1794245793269197974951 
336.953125 27.1794245793269197974951 

341.6875 29.89736703725961319833 
341.6875 27.1794245793269197974951 
344.0546875 27.1794245793269197974951 
344.0546875 29.89736703725961319833 
341.6875 29.89736703725961319833 

344.0546875 24.4614821213942299493738 
346.421875 24.4614821213942299493738 
346.421875 27.1794245793269197974951 
344.0546875 27.1794245793269197974951 
344.0546875 24.4614821213942299493738 

344.0546875 21.7435396634615365485388 
346.421875 21.7435396634615365485388 
346.421875 24.4614821213942299493738 
344.0546875 24.4614821213942299493738 
344.0546875 21.7435396634615365485388 

341.6875 27.1794245793269197974951 
341.6875 24.4614821213942299493738 
344.0546875 24.4614821213942299493738 
344.0546875 27.1794245793269197974951 
341.6875 27.1794245793269197974951 

336.953125 24.4614821213942299493738 
336.953125 21.7435396634615365485388 
339.3203125 21.7435396634615365485388 
339.3203125 24.4614821213942299493738 
336.953125 24.4614821213942299493738 

341.6875 24.4614821213942299493738 
341.6875 21.7435396634615365485388 
344.0546875 21.7435396634615365485388 
344.0546875 24.4614821213942299493738 
341.6875 24.4614821213942299493738 

348.7890625 27.1794245793269197974951 
351.15625 27.1794245793269197974951 
351.15625 29.89736703725961319833 
348.7890625 29.89736703725961319833 
348.7890625 27.1794245793269197974951 

346.421875 32.615309495192306599165 
346.421875 29.89736703725961319833 
348.7890625 29.89736703725961319833 
348.7890625 32.615309495192306599165 
346.421875 32.615309495192306599165 

351.15625 35.333251953125 
351.15625 32.615309495192306599165 
353.5234375 32.615309495192306599165 
353.5234375 35.333251953125 
351.15625 35.333251953125 

358.2578125 24.4614821213942299493738 
360.625 24.4614821213942299493738 
360.625 27.1794245793269197974951 
358.2578125 27.1794245793269197974951 
358.2578125 24.4614821213942299493738 

353.5234375 29.89736703725961319833 
355.890625 29.89736703725961319833 
355.890625 32.615309495192306599165 
353.5234375 32.615309495192306599165 
353.5234375 29.89736703725961319833 

353.5234375 27.1794245793269197974951 
355.890625 27.1794245793269197974951 
355.890625 29.89736703725961319833 
353.5234375 29.89736703725961319833 
353.5234375 27.1794245793269197974951 

351.15625 32.615309495192306599165 
351.15625 29.89736703725961319833 
353.5234375 29.89736703725961319833 
353.5234375 32.615309495192306599165 
351.15625 32.615309495192306599165 

346.421875 29.89736703725961319833 
346.421875 27.1794245793269197974951 
348.7890625 27.1794245793269197974951 
348.7890625 29.89736703725961319833 
346.421875 29.89736703725961319833 

348.7890625 21.7435396634615365485388 
351.15625 21.7435396634615365485388 
351.15625 24.4614821213942299493738 
348.7890625 24.4614821213942299493738 
348.7890625 21.7435396634615365485388 

346.421875 27.1794245793269197974951 
346.421875 24.4614821213942299493738 
348.7890625 24.4614821213942299493738 
348.7890625 27.1794245793269197974951 
346.421875 27.1794245793269197974951 

358.2578125 38.0511944110576862954076 
360.625 38.0511944110576862954076 
360.625 40.7691368689903796962426 
358.2578125 40.7691368689903796962426 
358.2578125 38.0511944110576862954076 

355.890625 40.7691368689903796962426 
355.890625 38.0511944110576862954076 
358.2578125 38.0511944110576862954076 
358.2578125 40.7691368689903796962426 
355.890625 40.7691368689903796962426 

358.2578125 32.615309495192306599165 
360.625 32.615309495192306599165 
360.625 35.333251953125 
358.2578125 35.333251953125 
358.2578125 32.615309495192306599165 

355.890625 38.0511944110576862954076 
355.890625 35.333251953125 
358.2578125 35.333251953125 
358.2578125 38.0511944110576862954076 
355.890625 38.0511944110576862954076 

396.1328125 19.0255972055288431477038 
398.5 19.0255972055288431477038 
398.5 21.7435396634615365485388 
396.1328125 21.7435396634615365485388 
396.1328125 19.0255972055288431477038 

374.828125 38.0511944110576862954076 
379.5625 38.0511944110576862954076 
379.5625 43.4870793269230730970776 
374.828125 43.4870793269230730970776 
374.828125 38.0511944110576862954076 

377.1953125 29.89736703725961319833 
379.5625 29.89736703725961319833 
379.5625 32.615309495192306599165 
377.1953125 32.615309495192306599165 
377.1953125 29.89736703725961319833 

365.359375 40.7691368689903796962426 
370.09375 40.7691368689903796962426 
370.09375 43.4870793269230730970776 
365.359375 43.4870793269230730970776 
365.359375 40.7691368689903796962426 

367.7265625 35.333251953125 
370.09375 35.333251953125 
370.09375 38.0511944110576862954076 
367.7265625 38.0511944110576862954076 
367.7265625 35.333251953125 

360.625 43.4870793269230730970776 
360.625 40.7691368689903796962426 
365.359375 40.7691368689903796962426 
365.359375 43.4870793269230730970776 
360.625 43.4870793269230730970776 

362.9921875 38.0511944110576862954076 
365.359375 38.0511944110576862954076 
365.359375 40.7691368689903796962426 
362.9921875 40.7691368689903796962426 
362.9921875 38.0511944110576862954076 

360.625 40.7691368689903796962426 
360.625 38.0511944110576862954076 
362.9921875 38.0511944110576862954076 
362.9921875 40.7691368689903796962426 
360.625 40.7691368689903796962426 

362.9921875 35.333251953125 
365.359375 35.333251953125 
365.359375 38.0511944110576862954076 
362.9921875 38.0511944110576862954076 
362.9921875 35.333251953125 

362.9921875 32.615309495192306599165 
365.359375 32.615309495192306599165 
365.359375 35.333251953125 
362.9921875 35.333251953125 
362.9921875 32.615309495192306599165 

360.625 38.0511944110576862954076 
360.625 35.333251953125 
362.9921875 35.333251953125 
362.9921875 38.0511944110576862954076 
360.625 38.0511944110576862954076 

355.890625 35.333251953125 
355.890625 32.615309495192306599165 
358.2578125 32.615309495192306599165 
358.2578125 35.333251953125 
355.890625 35.333251953125 

358.2578125 27.1794245793269197974951 
360.625 27.1794245793269197974951 
360.625 29.89736703725961319833 
358.2578125 29.89736703725961319833 
358.2578125 27.1794245793269197974951 

355.890625 32.615309495192306599165 
355.890625 29.89736703725961319833 
358.2578125 29.89736703725961319833 
358.2578125 32.615309495192306599165 
355.890625 32.615309495192306599165 

360.625 35.333251953125 
360.625 32.615309495192306599165 
362.9921875 32.615309495192306599165 
362.9921875 35.333251953125 
360.625 35.333251953125 

367.7265625 29.89736703725961319833 
370.09375 29.89736703725961319833 
370.09375 32.615309495192306599165 
367.7265625 32.615309495192306599165 
367.7265625 29.89736703725961319833 

367.7265625 24.4614821213942299493738 
370.09375 24.4614821213942299493738 
370.09375 27.1794245793269197974951 
367.7265625 27.1794245793269197974951 
367.7265625 24.4614821213942299493738 

362.9921875 29.89736703725961319833 
365.359375 29.89736703725961319833 
365.359375 32.615309495192306599165 
362.9921875 32.615309495192306599165 
362.9921875 29.89736703725961319833 

362.9921875 27.1794245793269197974951 
365.359375 27.1794245793269197974951 
365.359375 29.89736703725961319833 
362.9921875 29.89736703725961319833 
362.9921875 27.1794245793269197974951 

360.625 32.615309495192306599165 
360.625 29.89736703725961319833 
362.9921875 29.89736703725961319833 
362.9921875 32.615309495192306599165 
360.625 32.615309495192306599165 

367.7265625 38.0511944110576862954076 
370.09375 38.0511944110576862954076 
370.09375 40.7691368689903796962426 
367.7265625 40.7691368689903796962426 
367.7265625 38.0511944110576862954076 

365.359375 40.7691368689903796962426 
365.359375 38.0511944110576862954076 
367.7265625 38.0511944110576862954076 
367.7265625 40.7691368689903796962426 
365.359375 40.7691368689903796962426 

367.7265625 32.615309495192306599165 
370.09375 32.615309495192306599165 
370.09375 35.333251953125 
367.7265625 35.333251953125 
367.7265625 32.615309495192306599165 

365.359375 38.0511944110576862954076 
365.359375 35.333251953125 
367.7265625 35.333251953125 
367.7265625 38.0511944110576862954076 
365.359375 38.0511944110576862954076 

377.1953125 35.333251953125 
379.5625 35.333251953125 
379.5625 38.0511944110576862954076 
377.1953125 38.0511944110576862954076 
377.1953125 35.333251953125 

370.09375 43.4870793269230730970776 
370.09375 40.7691368689903796962426 
374.828125 40.7691368689903796962426 
374.828125 43.4870793269230730970776 
370.09375 43.4870793269230730970776 

372.4609375 38.0511944110576862954076 
374.828125 38.0511944110576862954076 
374.828125 40.7691368689903796962426 
372.4609375 40.7691368689903796962426 
372.4609375 38.0511944110576862954076 

370.09375 40.7691368689903796962426 
370.09375 38.0511944110576862954076 
372.4609375 38.0511944110576862954076 
372.4609375 40.7691368689903796962426 
370.09375 40.7691368689903796962426 

372.4609375 35.333251953125 
374.828125 35.333251953125 
374.828125 38.0511944110576862954076 
372.4609375 38.0511944110576862954076 
372.4609375 35.333251953125 

372.4609375 32.615309495192306599165 
374.828125 32.615309495192306599165 
374.828125 35.333251953125 
372.4609375 35.333251953125 
372.4609375 32.615309495192306599165 

370.09375 38.0511944110576862954076 
370.09375 35.333251953125 
372.4609375 35.333251953125 
372.4609375 38.0511944110576862954076 
370.09375 38.0511944110576862954076 

365.359375 35.333251953125 
365.359375 32.615309495192306599165 
367.7265625 32.615309495192306599165 
367.7265625 35.333251953125 
365.359375 35.333251953125 

351.15625 29.89736703725961319833 
351.15625 27.1794245793269197974951 
353.5234375 27.1794245793269197974951 
353.5234375 29.89736703725961319833 
351.15625 29.89736703725961319833 

353.5234375 24.4614821213942299493738 
355.890625 24.4614821213942299493738 
355.890625 27.1794245793269197974951 
353.5234375 27.1794245793269197974951 
353.5234375 24.4614821213942299493738 

353.5234375 21.7435396634615365485388 
355.890625 21.7435396634615365485388 
355.890625 24.4614821213942299493738 
353.5234375 24.4614821213942299493738 
353.5234375 21.7435396634615365485388 

351.15625 27.1794245793269197974951 
351.15625 24.4614821213942299493738 
353.5234375 24.4614821213942299493738 
353.5234375 27.1794245793269197974951 
351.15625 27.1794245793269197974951 

355.890625 29.89736703725961319833 
355.890625 27.1794245793269197974951 
358.2578125 27.1794245793269197974951 
358.2578125 29.89736703725961319833 
355.890625 29.89736703725961319833 

346.421875 24.4614821213942299493738 
346.421875 21.7435396634615365485388 
348.7890625 21.7435396634615365485388 
348.7890625 24.4614821213942299493738 
346.421875 24.4614821213942299493738 

351.15625 24.4614821213942299493738 
351.15625 21.7435396634615365485388 
353.5234375 21.7435396634615365485388 
353.5234375 24.4614821213942299493738 
351.15625 24.4614821213942299493738 

322.75 21.7435396634615365485388 
322.75 0 
341.6875 0 
341.6875 21.7435396634615365485388 
322.75 21.7435396634615365485388 

341.6875 0 
360.625 0 
360.625 10.8717698317307682742694 
341.6875 10.8717698317307682742694 
341.6875 0 

348.7890625 19.0255972055288431477038 
351.15625 19.0255972055288431477038 
351.15625 21.7435396634615365485388 
348.7890625 21.7435396634615365485388 
348.7890625 19.0255972055288431477038 

341.6875 16.3076547475961532995825 
341.6875 10.8717698317307682742694 
351.15625 10.8717698317307682742694 
351.15625 16.3076547475961532995825 
341.6875 16.3076547475961532995825 

341.6875 21.7435396634615365485388 
341.6875 16.3076547475961532995825 
346.421875 16.3076547475961532995825 
346.421875 21.7435396634615365485388 
341.6875 21.7435396634615365485388 

346.421875 16.3076547475961532995825 
351.15625 16.3076547475961532995825 
351.15625 19.0255972055288431477038 
346.421875 19.0255972055288431477038 
346.421875 16.3076547475961532995825 

346.421875 21.7435396634615365485388 
346.421875 19.0255972055288431477038 
348.7890625 19.0255972055288431477038 
348.7890625 21.7435396634615365485388 
346.421875 21.7435396634615365485388 

351.15625 10.8717698317307682742694 
360.625 10.8717698317307682742694 
360.625 16.3076547475961532995825 
351.15625 16.3076547475961532995825 
351.15625 10.8717698317307682742694 

353.5234375 19.0255972055288431477038 
355.890625 19.0255972055288431477038 
355.890625 21.7435396634615365485388 
353.5234375 21.7435396634615365485388 
353.5234375 19.0255972055288431477038 

351.15625 19.0255972055288431477038 
351.15625 16.3076547475961532995825 
355.890625 16.3076547475961532995825 
355.890625 19.0255972055288431477038 
351.15625 19.0255972055288431477038 

351.15625 21.7435396634615365485388 
351.15625 19.0255972055288431477038 
353.5234375 19.0255972055288431477038 
353.5234375 21.7435396634615365485388 
351.15625 21.7435396634615365485388 

358.2578125 21.7435396634615365485388 
360.625 21.7435396634615365485388 
360.625 24.4614821213942299493738 
358.2578125 24.4614821213942299493738 
358.2578125 21.7435396634615365485388 

355.890625 27.1794245793269197974951 
355.890625 24.4614821213942299493738 
358.2578125 24.4614821213942299493738 
358.2578125 27.1794245793269197974951 
355.890625 27.1794245793269197974951 

360.625 29.89736703725961319833 
360.625 27.1794245793269197974951 
362.9921875 27.1794245793269197974951 
362.9921875 29.89736703725961319833 
360.625 29.89736703725961319833 

362.9921875 24.4614821213942299493738 
365.359375 24.4614821213942299493738 
365.359375 27.1794245793269197974951 
362.9921875 27.1794245793269197974951 
362.9921875 24.4614821213942299493738 

362.9921875 21.7435396634615365485388 
365.359375 21.7435396634615365485388 
365.359375 24.4614821213942299493738 
362.9921875 24.4614821213942299493738 
362.9921875 21.7435396634615365485388 

360.625 27.1794245793269197974951 
360.625 24.4614821213942299493738 
362.9921875 24.4614821213942299493738 
362.9921875 27.1794245793269197974951 
360.625 27.1794245793269197974951 

355.890625 24.4614821213942299493738 
355.890625 21.7435396634615365485388 
358.2578125 21.7435396634615365485388 
358.2578125 24.4614821213942299493738 
355.890625 24.4614821213942299493738 

358.2578125 16.3076547475961532995825 
360.625 16.3076547475961532995825 
360.625 19.0255972055288431477038 
358.2578125 19.0255972055288431477038 
358.2578125 16.3076547475961532995825 

355.890625 21.7435396634615365485388 
355.890625 19.0255972055288431477038 
358.2578125 19.0255972055288431477038 
358.2578125 21.7435396634615365485388 
355.890625 21.7435396634615365485388 

360.625 24.4614821213942299493738 
360.625 21.7435396634615365485388 
362.9921875 21.7435396634615365485388 
362.9921875 24.4614821213942299493738 
360.625 24.4614821213942299493738 

377.1953125 19.0255972055288431477038 
379.5625 19.0255972055288431477038 
379.5625 21.7435396634615365485388 
377.1953125 21.7435396634615365485388 
377.1953125 19.0255972055288431477038 

360.625 10.8717698317307682742694 
360.625 0 
379.5625 0 
379.5625 10.8717698317307682742694 
360.625 10.8717698317307682742694 

367.7265625 19.0255972055288431477038 
370.09375 19.0255972055288431477038 
370.09375 21.7435396634615365485388 
367.7265625 21.7435396634615365485388 
367.7265625 19.0255972055288431477038 

367.7265625 13.5897122896634598987475 
370.09375 13.5897122896634598987475 
370.09375 16.3076547475961532995825 
367.7265625 16.3076547475961532995825 
367.7265625 13.5897122896634598987475 

362.9921875 19.0255972055288431477038 
365.359375 19.0255972055288431477038 
365.359375 21.7435396634615365485388 
362.9921875 21.7435396634615365485388 
362.9921875 19.0255972055288431477038 

362.9921875 16.3076547475961532995825 
365.359375 16.3076547475961532995825 
365.359375 19.0255972055288431477038 
362.9921875 19.0255972055288431477038 
362.9921875 16.3076547475961532995825 

360.625 21.7435396634615365485388 
360.625 19.0255972055288431477038 
362.9921875 19.0255972055288431477038 
362.9921875 21.7435396634615365485388 
360.625 21.7435396634615365485388 

355.890625 19.0255972055288431477038 
355.890625 16.3076547475961532995825 
358.2578125 16.3076547475961532995825 
358.2578125 19.0255972055288431477038 
355.890625 19.0255972055288431477038 

360.625 19.0255972055288431477038 
360.625 16.3076547475961532995825 
362.9921875 16.3076547475961532995825 
362.9921875 19.0255972055288431477038 
360.625 19.0255972055288431477038 

367.7265625 27.1794245793269197974951 
370.09375 27.1794245793269197974951 
370.09375 29.89736703725961319833 
367.7265625 29.89736703725961319833 
367.7265625 27.1794245793269197974951 

365.359375 32.615309495192306599165 
365.359375 29.89736703725961319833 
367.7265625 29.89736703725961319833 
367.7265625 32.615309495192306599165 
365.359375 32.615309495192306599165 

370.09375 35.333251953125 
370.09375 32.615309495192306599165 
372.4609375 32.615309495192306599165 
372.4609375 35.333251953125 
370.09375 35.333251953125 

377.1953125 24.4614821213942299493738 
379.5625 24.4614821213942299493738 
379.5625 27.1794245793269197974951 
377.1953125 27.1794245793269197974951 
377.1953125 24.4614821213942299493738 

372.4609375 29.89736703725961319833 
374.828125 29.89736703725961319833 
374.828125 32.615309495192306599165 
372.4609375 32.615309495192306599165 
372.4609375 29.89736703725961319833 

372.4609375 27.1794245793269197974951 
374.828125 27.1794245793269197974951 
374.828125 29.89736703725961319833 
372.4609375 29.89736703725961319833 
372.4609375 27.1794245793269197974951 

370.09375 32.615309495192306599165 
370.09375 29.89736703725961319833 
372.4609375 29.89736703725961319833 
372.4609375 32.615309495192306599165 
370.09375 32.615309495192306599165 

365.359375 29.89736703725961319833 
365.359375 27.1794245793269197974951 
367.7265625 27.1794245793269197974951 
367.7265625 29.89736703725961319833 
365.359375 29.89736703725961319833 

367.7265625 21.7435396634615365485388 
370.09375 21.7435396634615365485388 
370.09375 24.4614821213942299493738 
367.7265625 24.4614821213942299493738 
367.7265625 21.7435396634615365485388 

365.359375 27.1794245793269197974951 
365.359375 24.4614821213942299493738 
367.7265625 24.4614821213942299493738 
367.7265625 27.1794245793269197974951 
365.359375 27.1794245793269197974951 

377.1953125 32.615309495192306599165 
379.5625 32.615309495192306599165 
379.5625 35.333251953125 
377.1953125 35.333251953125 
377.1953125 32.615309495192306599165 

374.828125 38.0511944110576862954076 
374.828125 35.333251953125 
377.1953125 35.333251953125 
377.1953125 38.0511944110576862954076 
374.828125 38.0511944110576862954076 

374.828125 35.333251953125 
374.828125 32.615309495192306599165 
377.1953125 32.615309495192306599165 
377.1953125 35.333251953125 
374.828125 35.333251953125 

377.1953125 27.1794245793269197974951 
379.5625 27.1794245793269197974951 
379.5625 29.89736703725961319833 
377.1953125 29.89736703725961319833 
377.1953125 27.1794245793269197974951 

374.828125 32.615309495192306599165 
374.828125 29.89736703725961319833 
377.1953125 29.89736703725961319833 
377.1953125 32.615309495192306599165 
374.828125 32.615309495192306599165 

396.1328125 29.89736703725961319833 
398.5 29.89736703725961319833 
398.5 32.615309495192306599165 
396.1328125 32.615309495192306599165 
396.1328125 29.89736703725961319833 

379.5625 43.4870793269230730970776 
379.5625 38.0511944110576862954076 
389.03125 38.0511944110576862954076 
389.03125 43.4870793269230730970776 
379.5625 43.4870793269230730970776 

386.6640625 35.333251953125 
389.03125 35.333251953125 
389.03125 38.0511944110576862954076 
386.6640625 38.0511944110576862954076 
386.6640625 35.333251953125 

381.9296875 35.333251953125 
384.296875 35.333251953125 
384.296875 38.0511944110576862954076 
381.9296875 38.0511944110576862954076 
381.9296875 35.333251953125 

381.9296875 32.615309495192306599165 
384.296875 32.615309495192306599165 
384.296875 35.333251953125 
381.9296875 35.333251953125 
381.9296875 32.615309495192306599165 

379.5625 38.0511944110576862954076 
379.5625 35.333251953125 
381.9296875 35.333251953125 
381.9296875 38.0511944110576862954076 
379.5625 38.0511944110576862954076 

379.5625 35.333251953125 
379.5625 32.615309495192306599165 
381.9296875 32.615309495192306599165 
381.9296875 35.333251953125 
379.5625 35.333251953125 

386.6640625 29.89736703725961319833 
389.03125 29.89736703725961319833 
389.03125 32.615309495192306599165 
386.6640625 32.615309495192306599165 
386.6640625 29.89736703725961319833 

386.6640625 24.4614821213942299493738 
389.03125 24.4614821213942299493738 
389.03125 27.1794245793269197974951 
386.6640625 27.1794245793269197974951 
386.6640625 24.4614821213942299493738 

381.9296875 29.89736703725961319833 
384.296875 29.89736703725961319833 
384.296875 32.615309495192306599165 
381.9296875 32.615309495192306599165 
381.9296875 29.89736703725961319833 

381.9296875 27.1794245793269197974951 
384.296875 27.1794245793269197974951 
384.296875 29.89736703725961319833 
381.9296875 29.89736703725961319833 
381.9296875 27.1794245793269197974951 

379.5625 32.615309495192306599165 
379.5625 29.89736703725961319833 
381.9296875 29.89736703725961319833 
381.9296875 32.615309495192306599165 
379.5625 32.615309495192306599165 

386.6640625 32.615309495192306599165 
389.03125 32.615309495192306599165 
389.03125 35.333251953125 
386.6640625 35.333251953125 
386.6640625 32.615309495192306599165 

384.296875 38.0511944110576862954076 
384.296875 35.333251953125 
386.6640625 35.333251953125 
386.6640625 38.0511944110576862954076 
384.296875 38.0511944110576862954076 

384.296875 35.333251953125 
384.296875 32.615309495192306599165 
386.6640625 32.615309495192306599165 
386.6640625 35.333251953125 
384.296875 35.333251953125 

370.09375 29.89736703725961319833 
370.09375 27.1794245793269197974951 
372.4609375 27.1794245793269197974951 
372.4609375 29.89736703725961319833 
370.09375 29.89736703725961319833 

372.4609375 24.4614821213942299493738 
374.828125 24.4614821213942299493738 
374.828125 27.1794245793269197974951 
372.4609375 27.1794245793269197974951 
372.4609375 24.4614821213942299493738 

372.4609375 21.7435396634615365485388 
374.828125 21.7435396634615365485388 
374.828125 24.4614821213942299493738 
372.4609375 24.4614821213942299493738 
372.4609375 21.7435396634615365485388 

370.09375 27.1794245793269197974951 
370.09375 24.4614821213942299493738 
372.4609375 24.4614821213942299493738 
372.4609375 27.1794245793269197974951 
370.09375 27.1794245793269197974951 

374.828125 29.89736703725961319833 
374.828125 27.1794245793269197974951 
377.1953125 27.1794245793269197974951 
377.1953125 29.89736703725961319833 
374.828125 29.89736703725961319833 

365.359375 24.4614821213942299493738 
365.359375 21.7435396634615365485388 
367.7265625 21.7435396634615365485388 
367.7265625 24.4614821213942299493738 
365.359375 24.4614821213942299493738 

367.7265625 16.3076547475961532995825 
370.09375 16.3076547475961532995825 
370.09375 19.0255972055288431477038 
367.7265625 19.0255972055288431477038 
367.7265625 16.3076547475961532995825 

365.359375 21.7435396634615365485388 
365.359375 19.0255972055288431477038 
367.7265625 19.0255972055288431477038 
367.7265625 21.7435396634615365485388 
365.359375 21.7435396634615365485388 

370.09375 24.4614821213942299493738 
370.09375 21.7435396634615365485388 
372.4609375 21.7435396634615365485388 
372.4609375 24.4614821213942299493738 
370.09375 24.4614821213942299493738 

377.1953125 13.5897122896634598987475 
379.5625 13.5897122896634598987475 
379.5625 16.3076547475961532995825 
377.1953125 16.3076547475961532995825 
377.1953125 13.5897122896634598987475 

372.4609375 19.0255972055288431477038 
374.828125 19.0255972055288431477038 
374.828125 21.7435396634615365485388 
372.4609375 21.7435396634615365485388 
372.4609375 19.0255972055288431477038 

372.4609375 16.3076547475961532995825 
374.828125 16.3076547475961532995825 
374.828125 19.0255972055288431477038 
372.4609375 19.0255972055288431477038 
372.4609375 16.3076547475961532995825 

370.09375 21.7435396634615365485388 
370.09375 19.0255972055288431477038 
372.4609375 19.0255972055288431477038 
372.4609375 21.7435396634615365485388 
370.09375 21.7435396634615365485388 

377.1953125 21.7435396634615365485388 
379.5625 21.7435396634615365485388 
379.5625 24.4614821213942299493738 
377.1953125 24.4614821213942299493738 
377.1953125 21.7435396634615365485388 

374.828125 27.1794245793269197974951 
374.828125 24.4614821213942299493738 
377.1953125 24.4614821213942299493738 
377.1953125 27.1794245793269197974951 
374.828125 27.1794245793269197974951 

379.5625 29.89736703725961319833 
379.5625 27.1794245793269197974951 
381.9296875 27.1794245793269197974951 
381.9296875 29.89736703725961319833 
379.5625 29.89736703725961319833 

381.9296875 24.4614821213942299493738 
384.296875 24.4614821213942299493738 
384.296875 27.1794245793269197974951 
381.9296875 27.1794245793269197974951 
381.9296875 24.4614821213942299493738 

381.9296875 21.7435396634615365485388 
384.296875 21.7435396634615365485388 
384.296875 24.4614821213942299493738 
381.9296875 24.4614821213942299493738 
381.9296875 21.7435396634615365485388 

379.5625 27.1794245793269197974951 
379.5625 24.4614821213942299493738 
381.9296875 24.4614821213942299493738 
381.9296875 27.1794245793269197974951 
379.5625 27.1794245793269197974951 

374.828125 24.4614821213942299493738 
374.828125 21.7435396634615365485388 
377.1953125 21.7435396634615365485388 
377.1953125 24.4614821213942299493738 
374.828125 24.4614821213942299493738 

377.1953125 16.3076547475961532995825 
379.5625 16.3076547475961532995825 
379.5625 19.0255972055288431477038 
377.1953125 19.0255972055288431477038 
377.1953125 16.3076547475961532995825 

374.828125 21.7435396634615365485388 
374.828125 19.0255972055288431477038 
377.1953125 19.0255972055288431477038 
377.1953125 21.7435396634615365485388 
374.828125 21.7435396634615365485388 

379.5625 24.4614821213942299493738 
379.5625 21.7435396634615365485388 
381.9296875 21.7435396634615365485388 
381.9296875 24.4614821213942299493738 
379.5625 24.4614821213942299493738 

396.1328125 8.15382737379807664979126 
398.5 8.15382737379807664979126 
398.5 10.8717698317307682742694 
396.1328125 10.8717698317307682742694 
396.1328125 8.15382737379807664979126 

386.6640625 19.0255972055288431477038 
389.03125 19.0255972055288431477038 
389.03125 21.7435396634615365485388 
386.6640625 21.7435396634615365485388 
386.6640625 19.0255972055288431477038 

386.6640625 13.5897122896634598987475 
389.03125 13.5897122896634598987475 
389.03125 16.3076547475961532995825 
386.6640625 16.3076547475961532995825 
386.6640625 13.5897122896634598987475 

381.9296875 19.0255972055288431477038 
384.296875 19.0255972055288431477038 
384.296875 21.7435396634615365485388 
381.9296875 21.7435396634615365485388 
381.9296875 19.0255972055288431477038 

381.9296875 16.3076547475961532995825 
384.296875 16.3076547475961532995825 
384.296875 19.0255972055288431477038 
381.9296875 19.0255972055288431477038 
381.9296875 16.3076547475961532995825 

379.5625 21.7435396634615365485388 
379.5625 19.0255972055288431477038 
381.9296875 19.0255972055288431477038 
381.9296875 21.7435396634615365485388 
379.5625 21.7435396634615365485388 

386.6640625 27.1794245793269197974951 
389.03125 27.1794245793269197974951 
389.03125 29.89736703725961319833 
386.6640625 29.89736703725961319833 
386.6640625 27.1794245793269197974951 

384.296875 32.615309495192306599165 
384.296875 29.89736703725961319833 
386.6640625 29.89736703725961319833 
386.6640625 32.615309495192306599165 
384.296875 32.615309495192306599165 

393.765625 35.333251953125 
398.5 35.333251953125 
398.5 38.0511944110576862954076 
393.765625 38.0511944110576862954076 
393.765625 35.333251953125 

391.3984375 35.333251953125 
393.765625 35.333251953125 
393.765625 38.0511944110576862954076 
391.3984375 38.0511944110576862954076 
391.3984375 35.333251953125 

391.3984375 32.615309495192306599165 
393.765625 32.615309495192306599165 
393.765625 35.333251953125 
391.3984375 35.333251953125 
391.3984375 32.615309495192306599165 

389.03125 38.0511944110576862954076 
389.03125 35.333251953125 
391.3984375 35.333251953125 
391.3984375 38.0511944110576862954076 
389.03125 38.0511944110576862954076 

389.03125 35.333251953125 
389.03125 32.615309495192306599165 
391.3984375 32.615309495192306599165 
391.3984375 35.333251953125 
389.03125 35.333251953125 

396.1328125 24.4614821213942299493738 
398.5 24.4614821213942299493738 
398.5 27.1794245793269197974951 
396.1328125 27.1794245793269197974951 
396.1328125 24.4614821213942299493738 

391.3984375 29.89736703725961319833 
393.765625 29.89736703725961319833 
393.765625 32.615309495192306599165 
391.3984375 32.615309495192306599165 
391.3984375 29.89736703725961319833 

391.3984375 27.1794245793269197974951 
393.765625 27.1794245793269197974951 
393.765625 29.89736703725961319833 
391.3984375 29.89736703725961319833 
391.3984375 27.1794245793269197974951 

389.03125 32.615309495192306599165 
389.03125 29.89736703725961319833 
391.3984375 29.89736703725961319833 
391.3984375 32.615309495192306599165 
389.03125 32.615309495192306599165 

396.1328125 32.615309495192306599165 
398.5 32.615309495192306599165 
398.5 35.333251953125 
396.1328125 35.333251953125 
396.1328125 32.615309495192306599165 

393.765625 35.333251953125 
393.765625 32.615309495192306599165 
396.1328125 32.615309495192306599165 
396.1328125 35.333251953125 
393.765625 35.333251953125 

396.1328125 27.1794245793269197974951 
398.5 27.1794245793269197974951 
398.5 29.89736703725961319833 
396.1328125 29.89736703725961319833 
396.1328125 27.1794245793269197974951 

393.765625 32.615309495192306599165 
393.765625 29.89736703725961319833 
396.1328125 29.89736703725961319833 
396.1328125 32.615309495192306599165 
393.765625 32.615309495192306599165 

455.3125 32.615309495192306599165 
474.25 32.615309495192306599165 
474.25 43.4870793269230730970776 
455.3125 43.4870793269230730970776 
455.3125 32.615309495192306599165 

417.4375 32.615309495192306599165 
436.375 32.615309495192306599165 
436.375 43.4870793269230730970776 
417.4375 43.4870793269230730970776 
417.4375 32.615309495192306599165 

434.0078125 19.0255972055288431477038 
436.375 19.0255972055288431477038 
436.375 21.7435396634615365485388 
434.0078125 21.7435396634615365485388 
434.0078125 19.0255972055288431477038 

407.96875 38.0511944110576862954076 
417.4375 38.0511944110576862954076 
417.4375 43.4870793269230730970776 
407.96875 43.4870793269230730970776 
407.96875 38.0511944110576862954076 

415.0703125 29.89736703725961319833 
417.4375 29.89736703725961319833 
417.4375 32.615309495192306599165 
415.0703125 32.615309495192306599165 
415.0703125 29.89736703725961319833 

398.5 43.4870793269230730970776 
398.5 38.0511944110576862954076 
407.96875 38.0511944110576862954076 
407.96875 43.4870793269230730970776 
398.5 43.4870793269230730970776 

403.234375 35.333251953125 
407.96875 35.333251953125 
407.96875 38.0511944110576862954076 
403.234375 38.0511944110576862954076 
403.234375 35.333251953125 

398.5 38.0511944110576862954076 
398.5 35.333251953125 
403.234375 35.333251953125 
403.234375 38.0511944110576862954076 
398.5 38.0511944110576862954076 

400.8671875 32.615309495192306599165 
403.234375 32.615309495192306599165 
403.234375 35.333251953125 
400.8671875 35.333251953125 
400.8671875 32.615309495192306599165 

398.5 35.333251953125 
398.5 32.615309495192306599165 
400.8671875 32.615309495192306599165 
400.8671875 35.333251953125 
398.5 35.333251953125 

405.6015625 29.89736703725961319833 
407.96875 29.89736703725961319833 
407.96875 32.615309495192306599165 
405.6015625 32.615309495192306599165 
405.6015625 29.89736703725961319833 

405.6015625 24.4614821213942299493738 
407.96875 24.4614821213942299493738 
407.96875 27.1794245793269197974951 
405.6015625 27.1794245793269197974951 
405.6015625 24.4614821213942299493738 

400.8671875 29.89736703725961319833 
403.234375 29.89736703725961319833 
403.234375 32.615309495192306599165 
400.8671875 32.615309495192306599165 
400.8671875 29.89736703725961319833 

400.8671875 27.1794245793269197974951 
403.234375 27.1794245793269197974951 
403.234375 29.89736703725961319833 
400.8671875 29.89736703725961319833 
400.8671875 27.1794245793269197974951 

398.5 32.615309495192306599165 
398.5 29.89736703725961319833 
400.8671875 29.89736703725961319833 
400.8671875 32.615309495192306599165 
398.5 32.615309495192306599165 

384.296875 29.89736703725961319833 
384.296875 27.1794245793269197974951 
386.6640625 27.1794245793269197974951 
386.6640625 29.89736703725961319833 
384.296875 29.89736703725961319833 

386.6640625 21.7435396634615365485388 
389.03125 21.7435396634615365485388 
389.03125 24.4614821213942299493738 
386.6640625 24.4614821213942299493738 
386.6640625 21.7435396634615365485388 

384.296875 27.1794245793269197974951 
384.296875 24.4614821213942299493738 
386.6640625 24.4614821213942299493738 
386.6640625 27.1794245793269197974951 
384.296875 27.1794245793269197974951 

389.03125 29.89736703725961319833 
389.03125 27.1794245793269197974951 
391.3984375 27.1794245793269197974951 
391.3984375 29.89736703725961319833 
389.03125 29.89736703725961319833 

391.3984375 24.4614821213942299493738 
393.765625 24.4614821213942299493738 
393.765625 27.1794245793269197974951 
391.3984375 27.1794245793269197974951 
391.3984375 24.4614821213942299493738 

391.3984375 21.7435396634615365485388 
393.765625 21.7435396634615365485388 
393.765625 24.4614821213942299493738 
391.3984375 24.4614821213942299493738 
391.3984375 21.7435396634615365485388 

389.03125 27.1794245793269197974951 
389.03125 24.4614821213942299493738 
391.3984375 24.4614821213942299493738 
391.3984375 27.1794245793269197974951 
389.03125 27.1794245793269197974951 

393.765625 29.89736703725961319833 
393.765625 27.1794245793269197974951 
396.1328125 27.1794245793269197974951 
396.1328125 29.89736703725961319833 
393.765625 29.89736703725961319833 

384.296875 24.4614821213942299493738 
384.296875 21.7435396634615365485388 
386.6640625 21.7435396634615365485388 
386.6640625 24.4614821213942299493738 
384.296875 24.4614821213942299493738 

386.6640625 16.3076547475961532995825 
389.03125 16.3076547475961532995825 
389.03125 19.0255972055288431477038 
386.6640625 19.0255972055288431477038 
386.6640625 16.3076547475961532995825 

384.296875 21.7435396634615365485388 
384.296875 19.0255972055288431477038 
386.6640625 19.0255972055288431477038 
386.6640625 21.7435396634615365485388 
384.296875 21.7435396634615365485388 

389.03125 24.4614821213942299493738 
389.03125 21.7435396634615365485388 
391.3984375 21.7435396634615365485388 
391.3984375 24.4614821213942299493738 
389.03125 24.4614821213942299493738 

396.1328125 13.5897122896634598987475 
398.5 13.5897122896634598987475 
398.5 16.3076547475961532995825 
396.1328125 16.3076547475961532995825 
396.1328125 13.5897122896634598987475 

391.3984375 19.0255972055288431477038 
393.765625 19.0255972055288431477038 
393.765625 21.7435396634615365485388 
391.3984375 21.7435396634615365485388 
391.3984375 19.0255972055288431477038 

391.3984375 16.3076547475961532995825 
393.765625 16.3076547475961532995825 
393.765625 19.0255972055288431477038 
391.3984375 19.0255972055288431477038 
391.3984375 16.3076547475961532995825 

389.03125 21.7435396634615365485388 
389.03125 19.0255972055288431477038 
391.3984375 19.0255972055288431477038 
391.3984375 21.7435396634615365485388 
389.03125 21.7435396634615365485388 

396.1328125 21.7435396634615365485388 
398.5 21.7435396634615365485388 
398.5 24.4614821213942299493738 
396.1328125 24.4614821213942299493738 
396.1328125 21.7435396634615365485388 

393.765625 27.1794245793269197974951 
393.765625 24.4614821213942299493738 
396.1328125 24.4614821213942299493738 
396.1328125 27.1794245793269197974951 
393.765625 27.1794245793269197974951 

398.5 29.89736703725961319833 
398.5 27.1794245793269197974951 
400.8671875 27.1794245793269197974951 
400.8671875 29.89736703725961319833 
398.5 29.89736703725961319833 

400.8671875 24.4614821213942299493738 
403.234375 24.4614821213942299493738 
403.234375 27.1794245793269197974951 
400.8671875 27.1794245793269197974951 
400.8671875 24.4614821213942299493738 

400.8671875 21.7435396634615365485388 
403.234375 21.7435396634615365485388 
403.234375 24.4614821213942299493738 
400.8671875 24.4614821213942299493738 
400.8671875 21.7435396634615365485388 

398.5 27.1794245793269197974951 
398.5 24.4614821213942299493738 
400.8671875 24.4614821213942299493738 
400.8671875 27.1794245793269197974951 
398.5 27.1794245793269197974951 

393.765625 24.4614821213942299493738 
393.765625 21.7435396634615365485388 
396.1328125 21.7435396634615365485388 
396.1328125 24.4614821213942299493738 
393.765625 24.4614821213942299493738 

396.1328125 16.3076547475961532995825 
398.5 16.3076547475961532995825 
398.5 19.0255972055288431477038 
396.1328125 19.0255972055288431477038 
396.1328125 16.3076547475961532995825 

393.765625 21.7435396634615365485388 
393.765625 19.0255972055288431477038 
396.1328125 19.0255972055288431477038 
396.1328125 21.7435396634615365485388 
393.765625 21.7435396634615365485388 

398.5 24.4614821213942299493738 
398.5 21.7435396634615365485388 
400.8671875 21.7435396634615365485388 
400.8671875 24.4614821213942299493738 
398.5 24.4614821213942299493738 

415.0703125 19.0255972055288431477038 
417.4375 19.0255972055288431477038 
417.4375 21.7435396634615365485388 
415.0703125 21.7435396634615365485388 
415.0703125 19.0255972055288431477038 

415.0703125 8.15382737379807664979126 
417.4375 8.15382737379807664979126 
417.4375 10.8717698317307682742694 
415.0703125 10.8717698317307682742694 
415.0703125 8.15382737379807664979126 

405.6015625 19.0255972055288431477038 
407.96875 19.0255972055288431477038 
407.96875 21.7435396634615365485388 
405.6015625 21.7435396634615365485388 
405.6015625 19.0255972055288431477038 

405.6015625 13.5897122896634598987475 
407.96875 13.5897122896634598987475 
407.96875 16.3076547475961532995825 
405.6015625 16.3076547475961532995825 
405.6015625 13.5897122896634598987475 

400.8671875 19.0255972055288431477038 
403.234375 19.0255972055288431477038 
403.234375 21.7435396634615365485388 
400.8671875 21.7435396634615365485388 
400.8671875 19.0255972055288431477038 

400.8671875 16.3076547475961532995825 
403.234375 16.3076547475961532995825 
403.234375 19.0255972055288431477038 
400.8671875 19.0255972055288431477038 
400.8671875 16.3076547475961532995825 

398.5 21.7435396634615365485388 
398.5 19.0255972055288431477038 
400.8671875 19.0255972055288431477038 
400.8671875 21.7435396634615365485388 
398.5 21.7435396634615365485388 

405.6015625 32.615309495192306599165 
407.96875 32.615309495192306599165 
407.96875 35.333251953125 
405.6015625 35.333251953125 
405.6015625 32.615309495192306599165 

403.234375 35.333251953125 
403.234375 32.615309495192306599165 
405.6015625 32.615309495192306599165 
405.6015625 35.333251953125 
403.234375 35.333251953125 

405.6015625 27.1794245793269197974951 
407.96875 27.1794245793269197974951 
407.96875 29.89736703725961319833 
405.6015625 29.89736703725961319833 
405.6015625 27.1794245793269197974951 

403.234375 32.615309495192306599165 
403.234375 29.89736703725961319833 
405.6015625 29.89736703725961319833 
405.6015625 32.615309495192306599165 
403.234375 32.615309495192306599165 

415.0703125 24.4614821213942299493738 
417.4375 24.4614821213942299493738 
417.4375 27.1794245793269197974951 
415.0703125 27.1794245793269197974951 
415.0703125 24.4614821213942299493738 

410.3359375 29.89736703725961319833 
412.703125 29.89736703725961319833 
412.703125 32.615309495192306599165 
410.3359375 32.615309495192306599165 
410.3359375 29.89736703725961319833 

410.3359375 27.1794245793269197974951 
412.703125 27.1794245793269197974951 
412.703125 29.89736703725961319833 
410.3359375 29.89736703725961319833 
410.3359375 27.1794245793269197974951 

407.96875 32.615309495192306599165 
407.96875 29.89736703725961319833 
410.3359375 29.89736703725961319833 
410.3359375 32.615309495192306599165 
407.96875 32.615309495192306599165 

412.703125 32.615309495192306599165 
417.4375 32.615309495192306599165 
417.4375 38.0511944110576862954076 
412.703125 38.0511944110576862954076 
412.703125 32.615309495192306599165 

407.96875 38.0511944110576862954076 
407.96875 35.333251953125 
412.703125 35.333251953125 
412.703125 38.0511944110576862954076 
407.96875 38.0511944110576862954076 

410.3359375 32.615309495192306599165 
412.703125 32.615309495192306599165 
412.703125 35.333251953125 
410.3359375 35.333251953125 
410.3359375 32.615309495192306599165 

407.96875 35.333251953125 
407.96875 32.615309495192306599165 
410.3359375 32.615309495192306599165 
410.3359375 35.333251953125 
407.96875 35.333251953125 

403.234375 29.89736703725961319833 
403.234375 27.1794245793269197974951 
405.6015625 27.1794245793269197974951 
405.6015625 29.89736703725961319833 
403.234375 29.89736703725961319833 

405.6015625 21.7435396634615365485388 
407.96875 21.7435396634615365485388 
407.96875 24.4614821213942299493738 
405.6015625 24.4614821213942299493738 
405.6015625 21.7435396634615365485388 

403.234375 27.1794245793269197974951 
403.234375 24.4614821213942299493738 
405.6015625 24.4614821213942299493738 
405.6015625 27.1794245793269197974951 
403.234375 27.1794245793269197974951 

407.96875 29.89736703725961319833 
407.96875 27.1794245793269197974951 
410.3359375 27.1794245793269197974951 
410.3359375 29.89736703725961319833 
407.96875 29.89736703725961319833 

410.3359375 24.4614821213942299493738 
412.703125 24.4614821213942299493738 
412.703125 27.1794245793269197974951 
410.3359375 27.1794245793269197974951 
410.3359375 24.4614821213942299493738 

410.3359375 21.7435396634615365485388 
412.703125 21.7435396634615365485388 
412.703125 24.4614821213942299493738 
410.3359375 24.4614821213942299493738 
410.3359375 21.7435396634615365485388 

407.96875 27.1794245793269197974951 
407.96875 24.4614821213942299493738 
410.3359375 24.4614821213942299493738 
410.3359375 27.1794245793269197974951 
407.96875 27.1794245793269197974951 

415.0703125 27.1794245793269197974951 
417.4375 27.1794245793269197974951 
417.4375 29.89736703725961319833 
415.0703125 29.89736703725961319833 
415.0703125 27.1794245793269197974951 

412.703125 32.615309495192306599165 
412.703125 29.89736703725961319833 
415.0703125 29.89736703725961319833 
415.0703125 32.615309495192306599165 
412.703125 32.615309495192306599165 

412.703125 29.89736703725961319833 
412.703125 27.1794245793269197974951 
415.0703125 27.1794245793269197974951 
415.0703125 29.89736703725961319833 
412.703125 29.89736703725961319833 

403.234375 24.4614821213942299493738 
403.234375 21.7435396634615365485388 
405.6015625 21.7435396634615365485388 
405.6015625 24.4614821213942299493738 
403.234375 24.4614821213942299493738 

365.359375 19.0255972055288431477038 
365.359375 16.3076547475961532995825 
367.7265625 16.3076547475961532995825 
367.7265625 19.0255972055288431477038 
365.359375 19.0255972055288431477038 

370.09375 19.0255972055288431477038 
370.09375 16.3076547475961532995825 
372.4609375 16.3076547475961532995825 
372.4609375 19.0255972055288431477038 
370.09375 19.0255972055288431477038 

360.625 16.3076547475961532995825 
360.625 10.8717698317307682742694 
365.359375 10.8717698317307682742694 
365.359375 16.3076547475961532995825 
360.625 16.3076547475961532995825 

365.359375 10.8717698317307682742694 
370.09375 10.8717698317307682742694 
370.09375 13.5897122896634598987475 
365.359375 13.5897122896634598987475 
365.359375 10.8717698317307682742694 

365.359375 16.3076547475961532995825 
365.359375 13.5897122896634598987475 
367.7265625 13.5897122896634598987475 
367.7265625 16.3076547475961532995825 
365.359375 16.3076547475961532995825 

372.4609375 13.5897122896634598987475 
374.828125 13.5897122896634598987475 
374.828125 16.3076547475961532995825 
372.4609375 16.3076547475961532995825 
372.4609375 13.5897122896634598987475 

372.4609375 10.8717698317307682742694 
374.828125 10.8717698317307682742694 
374.828125 13.5897122896634598987475 
372.4609375 13.5897122896634598987475 
372.4609375 10.8717698317307682742694 

370.09375 16.3076547475961532995825 
370.09375 13.5897122896634598987475 
372.4609375 13.5897122896634598987475 
372.4609375 16.3076547475961532995825 
370.09375 16.3076547475961532995825 

374.828125 19.0255972055288431477038 
374.828125 16.3076547475961532995825 
377.1953125 16.3076547475961532995825 
377.1953125 19.0255972055288431477038 
374.828125 19.0255972055288431477038 

377.1953125 10.8717698317307682742694 
379.5625 10.8717698317307682742694 
379.5625 13.5897122896634598987475 
377.1953125 13.5897122896634598987475 
377.1953125 10.8717698317307682742694 

374.828125 16.3076547475961532995825 
374.828125 13.5897122896634598987475 
377.1953125 13.5897122896634598987475 
377.1953125 16.3076547475961532995825 
374.828125 16.3076547475961532995825 

379.5625 19.0255972055288431477038 
379.5625 16.3076547475961532995825 
381.9296875 16.3076547475961532995825 
381.9296875 19.0255972055288431477038 
379.5625 19.0255972055288431477038 

381.9296875 13.5897122896634598987475 
384.296875 13.5897122896634598987475 
384.296875 16.3076547475961532995825 
381.9296875 16.3076547475961532995825 
381.9296875 13.5897122896634598987475 

381.9296875 10.8717698317307682742694 
384.296875 10.8717698317307682742694 
384.296875 13.5897122896634598987475 
381.9296875 13.5897122896634598987475 
381.9296875 10.8717698317307682742694 

379.5625 16.3076547475961532995825 
379.5625 13.5897122896634598987475 
381.9296875 13.5897122896634598987475 
381.9296875 16.3076547475961532995825 
379.5625 16.3076547475961532995825 

370.09375 13.5897122896634598987475 
370.09375 10.8717698317307682742694 
372.4609375 10.8717698317307682742694 
372.4609375 13.5897122896634598987475 
370.09375 13.5897122896634598987475 

374.828125 13.5897122896634598987475 
374.828125 10.8717698317307682742694 
377.1953125 10.8717698317307682742694 
377.1953125 13.5897122896634598987475 
374.828125 13.5897122896634598987475 

379.5625 13.5897122896634598987475 
379.5625 10.8717698317307682742694 
381.9296875 10.8717698317307682742694 
381.9296875 13.5897122896634598987475 
379.5625 13.5897122896634598987475 

384.296875 19.0255972055288431477038 
384.296875 16.3076547475961532995825 
386.6640625 16.3076547475961532995825 
386.6640625 19.0255972055288431477038 
384.296875 19.0255972055288431477038 

386.6640625 10.8717698317307682742694 
389.03125 10.8717698317307682742694 
389.03125 13.5897122896634598987475 
386.6640625 13.5897122896634598987475 
386.6640625 10.8717698317307682742694 

384.296875 16.3076547475961532995825 
384.296875 13.5897122896634598987475 
386.6640625 13.5897122896634598987475 
386.6640625 16.3076547475961532995825 
384.296875 16.3076547475961532995825 

389.03125 19.0255972055288431477038 
389.03125 16.3076547475961532995825 
391.3984375 16.3076547475961532995825 
391.3984375 19.0255972055288431477038 
389.03125 19.0255972055288431477038 

391.3984375 13.5897122896634598987475 
393.765625 13.5897122896634598987475 
393.765625 16.3076547475961532995825 
391.3984375 16.3076547475961532995825 
391.3984375 13.5897122896634598987475 

391.3984375 10.8717698317307682742694 
393.765625 10.8717698317307682742694 
393.765625 13.5897122896634598987475 
391.3984375 13.5897122896634598987475 
391.3984375 10.8717698317307682742694 

389.03125 16.3076547475961532995825 
389.03125 13.5897122896634598987475 
391.3984375 13.5897122896634598987475 
391.3984375 16.3076547475961532995825 
389.03125 16.3076547475961532995825 

384.296875 13.5897122896634598987475 
384.296875 10.8717698317307682742694 
386.6640625 10.8717698317307682742694 
386.6640625 13.5897122896634598987475 
384.296875 13.5897122896634598987475 

386.6640625 8.15382737379807664979126 
389.03125 8.15382737379807664979126 
389.03125 10.8717698317307682742694 
386.6640625 10.8717698317307682742694 
386.6640625 8.15382737379807664979126 

386.6640625 2.71794245793269206856735 
389.03125 2.71794245793269206856735 
389.03125 5.4358849158653841371347 
386.6640625 5.4358849158653841371347 
386.6640625 2.71794245793269206856735 

381.9296875 8.15382737379807664979126 
384.296875 8.15382737379807664979126 
384.296875 10.8717698317307682742694 
381.9296875 10.8717698317307682742694 
381.9296875 8.15382737379807664979126 

381.9296875 5.4358849158653841371347 
384.296875 5.4358849158653841371347 
384.296875 8.15382737379807664979126 
381.9296875 8.15382737379807664979126 
381.9296875 5.4358849158653841371347 

379.5625 10.8717698317307682742694 
379.5625 8.15382737379807664979126 
381.9296875 8.15382737379807664979126 
381.9296875 10.8717698317307682742694 
379.5625 10.8717698317307682742694 

386.6640625 5.4358849158653841371347 
389.03125 5.4358849158653841371347 
389.03125 8.15382737379807664979126 
386.6640625 8.15382737379807664979126 
386.6640625 5.4358849158653841371347 

384.296875 10.8717698317307682742694 
384.296875 8.15382737379807664979126 
386.6640625 8.15382737379807664979126 
386.6640625 10.8717698317307682742694 
384.296875 10.8717698317307682742694 

389.03125 13.5897122896634598987475 
389.03125 10.8717698317307682742694 
391.3984375 10.8717698317307682742694 
391.3984375 13.5897122896634598987475 
389.03125 13.5897122896634598987475 

396.1328125 2.71794245793269206856735 
398.5 2.71794245793269206856735 
398.5 5.4358849158653841371347 
396.1328125 5.4358849158653841371347 
396.1328125 2.71794245793269206856735 

391.3984375 8.15382737379807664979126 
393.765625 8.15382737379807664979126 
393.765625 10.8717698317307682742694 
391.3984375 10.8717698317307682742694 
391.3984375 8.15382737379807664979126 

391.3984375 5.4358849158653841371347 
393.765625 5.4358849158653841371347 
393.765625 8.15382737379807664979126 
391.3984375 8.15382737379807664979126 
391.3984375 5.4358849158653841371347 

389.03125 10.8717698317307682742694 
389.03125 8.15382737379807664979126 
391.3984375 8.15382737379807664979126 
391.3984375 10.8717698317307682742694 
389.03125 10.8717698317307682742694 

379.5625 8.15382737379807664979126 
379.5625 5.4358849158653841371347 
381.9296875 5.4358849158653841371347 
381.9296875 8.15382737379807664979126 
379.5625 8.15382737379807664979126 

384.296875 8.15382737379807664979126 
384.296875 5.4358849158653841371347 
386.6640625 5.4358849158653841371347 
386.6640625 8.15382737379807664979126 
384.296875 8.15382737379807664979126 

393.765625 19.0255972055288431477038 
393.765625 16.3076547475961532995825 
396.1328125 16.3076547475961532995825 
396.1328125 19.0255972055288431477038 
393.765625 19.0255972055288431477038 

396.1328125 10.8717698317307682742694 
398.5 10.8717698317307682742694 
398.5 13.5897122896634598987475 
396.1328125 13.5897122896634598987475 
396.1328125 10.8717698317307682742694 

393.765625 16.3076547475961532995825 
393.765625 13.5897122896634598987475 
396.1328125 13.5897122896634598987475 
396.1328125 16.3076547475961532995825 
393.765625 16.3076547475961532995825 

398.5 19.0255972055288431477038 
398.5 16.3076547475961532995825 
400.8671875 16.3076547475961532995825 
400.8671875 19.0255972055288431477038 
398.5 19.0255972055288431477038 

400.8671875 13.5897122896634598987475 
403.234375 13.5897122896634598987475 
403.234375 16.3076547475961532995825 
400.8671875 16.3076547475961532995825 
400.8671875 13.5897122896634598987475 

400.8671875 10.8717698317307682742694 
403.234375 10.8717698317307682742694 
403.234375 13.5897122896634598987475 
400.8671875 13.5897122896634598987475 
400.8671875 10.8717698317307682742694 

398.5 16.3076547475961532995825 
398.5 13.5897122896634598987475 
400.8671875 13.5897122896634598987475 
400.8671875 16.3076547475961532995825 
398.5 16.3076547475961532995825 

393.765625 13.5897122896634598987475 
393.765625 10.8717698317307682742694 
396.1328125 10.8717698317307682742694 
396.1328125 13.5897122896634598987475 
393.765625 13.5897122896634598987475 

396.1328125 5.4358849158653841371347 
398.5 5.4358849158653841371347 
398.5 8.15382737379807664979126 
396.1328125 8.15382737379807664979126 
396.1328125 5.4358849158653841371347 

393.765625 10.8717698317307682742694 
393.765625 8.15382737379807664979126 
396.1328125 8.15382737379807664979126 
396.1328125 10.8717698317307682742694 
393.765625 10.8717698317307682742694 

398.5 13.5897122896634598987475 
398.5 10.8717698317307682742694 
400.8671875 10.8717698317307682742694 
400.8671875 13.5897122896634598987475 
398.5 13.5897122896634598987475 

405.6015625 8.15382737379807664979126 
407.96875 8.15382737379807664979126 
407.96875 10.8717698317307682742694 
405.6015625 10.8717698317307682742694 
405.6015625 8.15382737379807664979126 

405.6015625 2.71794245793269206856735 
407.96875 2.71794245793269206856735 
407.96875 5.4358849158653841371347 
405.6015625 5.4358849158653841371347 
405.6015625 2.71794245793269206856735 

400.8671875 8.15382737379807664979126 
403.234375 8.15382737379807664979126 
403.234375 10.8717698317307682742694 
400.8671875 10.8717698317307682742694 
400.8671875 8.15382737379807664979126 

400.8671875 5.4358849158653841371347 
403.234375 5.4358849158653841371347 
403.234375 8.15382737379807664979126 
400.8671875 8.15382737379807664979126 
400.8671875 5.4358849158653841371347 

398.5 10.8717698317307682742694 
398.5 8.15382737379807664979126 
400.8671875 8.15382737379807664979126 
400.8671875 10.8717698317307682742694 
398.5 10.8717698317307682742694 

389.03125 8.15382737379807664979126 
389.03125 5.4358849158653841371347 
391.3984375 5.4358849158653841371347 
391.3984375 8.15382737379807664979126 
389.03125 8.15382737379807664979126 

379.5625 5.4358849158653841371347 
379.5625 0 
384.296875 0 
384.296875 5.4358849158653841371347 
379.5625 5.4358849158653841371347 

386.6640625 0 
389.03125 0 
389.03125 2.71794245793269206856735 
386.6640625 2.71794245793269206856735 
386.6640625 0 

384.296875 5.4358849158653841371347 
384.296875 2.71794245793269206856735 
386.6640625 2.71794245793269206856735 
386.6640625 5.4358849158653841371347 
384.296875 5.4358849158653841371347 

391.3984375 2.71794245793269206856735 
393.765625 2.71794245793269206856735 
393.765625 5.4358849158653841371347 
391.3984375 5.4358849158653841371347 
391.3984375 2.71794245793269206856735 

391.3984375 0 
393.765625 0 
393.765625 2.71794245793269206856735 
391.3984375 2.71794245793269206856735 
391.3984375 0 

389.03125 5.4358849158653841371347 
389.03125 2.71794245793269206856735 
391.3984375 2.71794245793269206856735 
391.3984375 5.4358849158653841371347 
389.03125 5.4358849158653841371347 

384.296875 2.71794245793269206856735 
384.296875 0 
386.6640625 0 
386.6640625 2.71794245793269206856735 
384.296875 2.71794245793269206856735 

389.03125 2.71794245793269206856735 
389.03125 0 
391.3984375 0 
391.3984375 2.71794245793269206856735 
389.03125 2.71794245793269206856735 

385.013514804758813170338 0 

467.506757402379378163459 0 
464.928843571203742612852 0 

426.260136103569095666899 0 
423.682222272393460116291 0 

405.636825454163954418618 0 
403.058911622988318868011 0 

395.325170129461412216187 0 
392.74725629828577666558 0 

390.169342467110141114972 0 
387.591428635934448720946 0 

385.013514804758813170338 0 
387.591428635934448720946 0 

393.765625 8.15382737379807664979126 
393.765625 5.4358849158653841371347 
396.1328125 5.4358849158653841371347 
396.1328125 8.15382737379807664979126 
393.765625 8.15382737379807664979126 

396.1328125 0 
398.5 0 
398.5 2.71794245793269206856735 
396.1328125 2.71794245793269206856735 
396.1328125 0 

393.765625 5.4358849158653841371347 
393.765625 2.71794245793269206856735 
396.1328125 2.71794245793269206856735 
396.1328125 5.4358849158653841371347 
393.765625 5.4358849158653841371347 

398.5 8.15382737379807664979126 
398.5 5.4358849158653841371347 
400.8671875 5.4358849158653841371347 
400.8671875 8.15382737379807664979126 
398.5 8.15382737379807664979126 

400.8671875 2.71794245793269206856735 
403.234375 2.71794245793269206856735 
403.234375 5.4358849158653841371347 
400.8671875 5.4358849158653841371347 
400.8671875 2.71794245793269206856735 

400.8671875 0 
403.234375 0 
403.234375 2.71794245793269206856735 
400.8671875 2.71794245793269206856735 
400.8671875 0 

398.5 5.4358849158653841371347 
398.5 2.71794245793269206856735 
400.8671875 2.71794245793269206856735 
400.8671875 5.4358849158653841371347 
398.5 5.4358849158653841371347 

393.765625 2.71794245793269206856735 
393.765625 0 
396.1328125 0 
396.1328125 2.71794245793269206856735 
393.765625 2.71794245793269206856735 

390.169342467110141114972 0 
392.74725629828577666558 0 

398.5 2.71794245793269206856735 
398.5 0 
400.8671875 0 
400.8671875 2.71794245793269206856735 
398.5 2.71794245793269206856735 

400.480997791812683317403 0 
397.903083960637047766795 0 

395.325170129461412216187 0 
397.903083960637047766795 0 

405.6015625 16.3076547475961532995825 
407.96875 16.3076547475961532995825 
407.96875 19.0255972055288431477038 
405.6015625 19.0255972055288431477038 
405.6015625 16.3076547475961532995825 

403.234375 21.7435396634615365485388 
403.234375 19.0255972055288431477038 
405.6015625 19.0255972055288431477038 
405.6015625 21.7435396634615365485388 
403.234375 21.7435396634615365485388 

407.96875 24.4614821213942299493738 
407.96875 21.7435396634615365485388 
410.3359375 21.7435396634615365485388 
410.3359375 24.4614821213942299493738 
407.96875 24.4614821213942299493738 

415.0703125 13.5897122896634598987475 
417.4375 13.5897122896634598987475 
417.4375 16.3076547475961532995825 
415.0703125 16.3076547475961532995825 
415.0703125 13.5897122896634598987475 

410.3359375 19.0255972055288431477038 
412.703125 19.0255972055288431477038 
412.703125 21.7435396634615365485388 
410.3359375 21.7435396634615365485388 
410.3359375 19.0255972055288431477038 

410.3359375 16.3076547475961532995825 
412.703125 16.3076547475961532995825 
412.703125 19.0255972055288431477038 
410.3359375 19.0255972055288431477038 
410.3359375 16.3076547475961532995825 

407.96875 21.7435396634615365485388 
407.96875 19.0255972055288431477038 
410.3359375 19.0255972055288431477038 
410.3359375 21.7435396634615365485388 
407.96875 21.7435396634615365485388 

403.234375 19.0255972055288431477038 
403.234375 16.3076547475961532995825 
405.6015625 16.3076547475961532995825 
405.6015625 19.0255972055288431477038 
403.234375 19.0255972055288431477038 

405.6015625 10.8717698317307682742694 
407.96875 10.8717698317307682742694 
407.96875 13.5897122896634598987475 
405.6015625 13.5897122896634598987475 
405.6015625 10.8717698317307682742694 

403.234375 16.3076547475961532995825 
403.234375 13.5897122896634598987475 
405.6015625 13.5897122896634598987475 
405.6015625 16.3076547475961532995825 
403.234375 16.3076547475961532995825 

415.0703125 21.7435396634615365485388 
417.4375 21.7435396634615365485388 
417.4375 24.4614821213942299493738 
415.0703125 24.4614821213942299493738 
415.0703125 21.7435396634615365485388 

412.703125 27.1794245793269197974951 
412.703125 24.4614821213942299493738 
415.0703125 24.4614821213942299493738 
415.0703125 27.1794245793269197974951 
412.703125 27.1794245793269197974951 

431.640625 29.89736703725961319833 
436.375 29.89736703725961319833 
436.375 32.615309495192306599165 
431.640625 32.615309495192306599165 
431.640625 29.89736703725961319833 

424.5390625 29.89736703725961319833 
426.90625 29.89736703725961319833 
426.90625 32.615309495192306599165 
424.5390625 32.615309495192306599165 
424.5390625 29.89736703725961319833 

424.5390625 24.4614821213942299493738 
426.90625 24.4614821213942299493738 
426.90625 27.1794245793269197974951 
424.5390625 27.1794245793269197974951 
424.5390625 24.4614821213942299493738 

419.8046875 29.89736703725961319833 
422.171875 29.89736703725961319833 
422.171875 32.615309495192306599165 
419.8046875 32.615309495192306599165 
419.8046875 29.89736703725961319833 

419.8046875 27.1794245793269197974951 
422.171875 27.1794245793269197974951 
422.171875 29.89736703725961319833 
419.8046875 29.89736703725961319833 
419.8046875 27.1794245793269197974951 

417.4375 32.615309495192306599165 
417.4375 29.89736703725961319833 
419.8046875 29.89736703725961319833 
419.8046875 32.615309495192306599165 
417.4375 32.615309495192306599165 

417.4375 29.89736703725961319833 
417.4375 27.1794245793269197974951 
419.8046875 27.1794245793269197974951 
419.8046875 29.89736703725961319833 
417.4375 29.89736703725961319833 

419.8046875 24.4614821213942299493738 
422.171875 24.4614821213942299493738 
422.171875 27.1794245793269197974951 
419.8046875 27.1794245793269197974951 
419.8046875 24.4614821213942299493738 

419.8046875 21.7435396634615365485388 
422.171875 21.7435396634615365485388 
422.171875 24.4614821213942299493738 
419.8046875 24.4614821213942299493738 
419.8046875 21.7435396634615365485388 

417.4375 27.1794245793269197974951 
417.4375 24.4614821213942299493738 
419.8046875 24.4614821213942299493738 
419.8046875 27.1794245793269197974951 
417.4375 27.1794245793269197974951 

424.5390625 27.1794245793269197974951 
426.90625 27.1794245793269197974951 
426.90625 29.89736703725961319833 
424.5390625 29.89736703725961319833 
424.5390625 27.1794245793269197974951 

422.171875 32.615309495192306599165 
422.171875 29.89736703725961319833 
424.5390625 29.89736703725961319833 
424.5390625 32.615309495192306599165 
422.171875 32.615309495192306599165 

422.171875 29.89736703725961319833 
422.171875 27.1794245793269197974951 
424.5390625 27.1794245793269197974951 
424.5390625 29.89736703725961319833 
422.171875 29.89736703725961319833 

412.703125 24.4614821213942299493738 
412.703125 21.7435396634615365485388 
415.0703125 21.7435396634615365485388 
415.0703125 24.4614821213942299493738 
412.703125 24.4614821213942299493738 

415.0703125 16.3076547475961532995825 
417.4375 16.3076547475961532995825 
417.4375 19.0255972055288431477038 
415.0703125 19.0255972055288431477038 
415.0703125 16.3076547475961532995825 

412.703125 21.7435396634615365485388 
412.703125 19.0255972055288431477038 
415.0703125 19.0255972055288431477038 
415.0703125 21.7435396634615365485388 
412.703125 21.7435396634615365485388 

417.4375 24.4614821213942299493738 
417.4375 21.7435396634615365485388 
419.8046875 21.7435396634615365485388 
419.8046875 24.4614821213942299493738 
417.4375 24.4614821213942299493738 

434.0078125 8.15382737379807664979126 
436.375 8.15382737379807664979126 
436.375 10.8717698317307682742694 
434.0078125 10.8717698317307682742694 
434.0078125 8.15382737379807664979126 

424.5390625 19.0255972055288431477038 
426.90625 19.0255972055288431477038 
426.90625 21.7435396634615365485388 
424.5390625 21.7435396634615365485388 
424.5390625 19.0255972055288431477038 

424.5390625 13.5897122896634598987475 
426.90625 13.5897122896634598987475 
426.90625 16.3076547475961532995825 
424.5390625 16.3076547475961532995825 
424.5390625 13.5897122896634598987475 

419.8046875 19.0255972055288431477038 
422.171875 19.0255972055288431477038 
422.171875 21.7435396634615365485388 
419.8046875 21.7435396634615365485388 
419.8046875 19.0255972055288431477038 

419.8046875 16.3076547475961532995825 
422.171875 16.3076547475961532995825 
422.171875 19.0255972055288431477038 
419.8046875 19.0255972055288431477038 
419.8046875 16.3076547475961532995825 

417.4375 21.7435396634615365485388 
417.4375 19.0255972055288431477038 
419.8046875 19.0255972055288431477038 
419.8046875 21.7435396634615365485388 
417.4375 21.7435396634615365485388 

424.5390625 21.7435396634615365485388 
426.90625 21.7435396634615365485388 
426.90625 24.4614821213942299493738 
424.5390625 24.4614821213942299493738 
424.5390625 21.7435396634615365485388 

422.171875 27.1794245793269197974951 
422.171875 24.4614821213942299493738 
424.5390625 24.4614821213942299493738 
424.5390625 27.1794245793269197974951 
422.171875 27.1794245793269197974951 

434.0078125 24.4614821213942299493738 
436.375 24.4614821213942299493738 
436.375 27.1794245793269197974951 
434.0078125 27.1794245793269197974951 
434.0078125 24.4614821213942299493738 

426.90625 32.615309495192306599165 
426.90625 29.89736703725961319833 
431.640625 29.89736703725961319833 
431.640625 32.615309495192306599165 
426.90625 32.615309495192306599165 

429.2734375 27.1794245793269197974951 
431.640625 27.1794245793269197974951 
431.640625 29.89736703725961319833 
429.2734375 29.89736703725961319833 
429.2734375 27.1794245793269197974951 

426.90625 29.89736703725961319833 
426.90625 27.1794245793269197974951 
429.2734375 27.1794245793269197974951 
429.2734375 29.89736703725961319833 
426.90625 29.89736703725961319833 

429.2734375 24.4614821213942299493738 
431.640625 24.4614821213942299493738 
431.640625 27.1794245793269197974951 
429.2734375 27.1794245793269197974951 
429.2734375 24.4614821213942299493738 

429.2734375 21.7435396634615365485388 
431.640625 21.7435396634615365485388 
431.640625 24.4614821213942299493738 
429.2734375 24.4614821213942299493738 
429.2734375 21.7435396634615365485388 

426.90625 27.1794245793269197974951 
426.90625 24.4614821213942299493738 
429.2734375 24.4614821213942299493738 
429.2734375 27.1794245793269197974951 
426.90625 27.1794245793269197974951 

422.171875 24.4614821213942299493738 
422.171875 21.7435396634615365485388 
424.5390625 21.7435396634615365485388 
424.5390625 24.4614821213942299493738 
422.171875 24.4614821213942299493738 

424.5390625 16.3076547475961532995825 
426.90625 16.3076547475961532995825 
426.90625 19.0255972055288431477038 
424.5390625 19.0255972055288431477038 
424.5390625 16.3076547475961532995825 

422.171875 21.7435396634615365485388 
422.171875 19.0255972055288431477038 
424.5390625 19.0255972055288431477038 
424.5390625 21.7435396634615365485388 
422.171875 21.7435396634615365485388 

426.90625 24.4614821213942299493738 
426.90625 21.7435396634615365485388 
429.2734375 21.7435396634615365485388 
429.2734375 24.4614821213942299493738 
426.90625 24.4614821213942299493738 

434.0078125 13.5897122896634598987475 
436.375 13.5897122896634598987475 
436.375 16.3076547475961532995825 
434.0078125 16.3076547475961532995825 
434.0078125 13.5897122896634598987475 

429.2734375 19.0255972055288431477038 
431.640625 19.0255972055288431477038 
431.640625 21.7435396634615365485388 
429.2734375 21.7435396634615365485388 
429.2734375 19.0255972055288431477038 

429.2734375 16.3076547475961532995825 
431.640625 16.3076547475961532995825 
431.640625 19.0255972055288431477038 
429.2734375 19.0255972055288431477038 
429.2734375 16.3076547475961532995825 

426.90625 21.7435396634615365485388 
426.90625 19.0255972055288431477038 
429.2734375 19.0255972055288431477038 
429.2734375 21.7435396634615365485388 
426.90625 21.7435396634615365485388 

434.0078125 27.1794245793269197974951 
436.375 27.1794245793269197974951 
436.375 29.89736703725961319833 
434.0078125 29.89736703725961319833 
434.0078125 27.1794245793269197974951 

431.640625 29.89736703725961319833 
431.640625 27.1794245793269197974951 
434.0078125 27.1794245793269197974951 
434.0078125 29.89736703725961319833 
431.640625 29.89736703725961319833 

434.0078125 21.7435396634615365485388 
436.375 21.7435396634615365485388 
436.375 24.4614821213942299493738 
434.0078125 24.4614821213942299493738 
434.0078125 21.7435396634615365485388 

431.640625 27.1794245793269197974951 
431.640625 24.4614821213942299493738 
434.0078125 24.4614821213942299493738 
434.0078125 27.1794245793269197974951 
431.640625 27.1794245793269197974951 

471.8828125 19.0255972055288431477038 
474.25 19.0255972055288431477038 
474.25 21.7435396634615365485388 
471.8828125 21.7435396634615365485388 
471.8828125 19.0255972055288431477038 

436.375 43.4870793269230730970776 
436.375 32.615309495192306599165 
455.3125 32.615309495192306599165 
455.3125 43.4870793269230730970776 
436.375 43.4870793269230730970776 

445.84375 27.1794245793269197974951 
455.3125 27.1794245793269197974951 
455.3125 32.615309495192306599165 
445.84375 32.615309495192306599165 
445.84375 27.1794245793269197974951 

441.109375 29.89736703725961319833 
445.84375 29.89736703725961319833 
445.84375 32.615309495192306599165 
441.109375 32.615309495192306599165 
441.109375 29.89736703725961319833 

443.4765625 24.4614821213942299493738 
445.84375 24.4614821213942299493738 
445.84375 27.1794245793269197974951 
443.4765625 27.1794245793269197974951 
443.4765625 24.4614821213942299493738 

436.375 32.615309495192306599165 
436.375 29.89736703725961319833 
441.109375 29.89736703725961319833 
441.109375 32.615309495192306599165 
436.375 32.615309495192306599165 

438.7421875 27.1794245793269197974951 
441.109375 27.1794245793269197974951 
441.109375 29.89736703725961319833 
438.7421875 29.89736703725961319833 
438.7421875 27.1794245793269197974951 

436.375 29.89736703725961319833 
436.375 27.1794245793269197974951 
438.7421875 27.1794245793269197974951 
438.7421875 29.89736703725961319833 
436.375 29.89736703725961319833 

438.7421875 24.4614821213942299493738 
441.109375 24.4614821213942299493738 
441.109375 27.1794245793269197974951 
438.7421875 27.1794245793269197974951 
438.7421875 24.4614821213942299493738 

438.7421875 21.7435396634615365485388 
441.109375 21.7435396634615365485388 
441.109375 24.4614821213942299493738 
438.7421875 24.4614821213942299493738 
438.7421875 21.7435396634615365485388 

436.375 27.1794245793269197974951 
436.375 24.4614821213942299493738 
438.7421875 24.4614821213942299493738 
438.7421875 27.1794245793269197974951 
436.375 27.1794245793269197974951 

431.640625 24.4614821213942299493738 
431.640625 21.7435396634615365485388 
434.0078125 21.7435396634615365485388 
434.0078125 24.4614821213942299493738 
431.640625 24.4614821213942299493738 

434.0078125 16.3076547475961532995825 
436.375 16.3076547475961532995825 
436.375 19.0255972055288431477038 
434.0078125 19.0255972055288431477038 
434.0078125 16.3076547475961532995825 

431.640625 21.7435396634615365485388 
431.640625 19.0255972055288431477038 
434.0078125 19.0255972055288431477038 
434.0078125 21.7435396634615365485388 
431.640625 21.7435396634615365485388 

436.375 24.4614821213942299493738 
436.375 21.7435396634615365485388 
438.7421875 21.7435396634615365485388 
438.7421875 24.4614821213942299493738 
436.375 24.4614821213942299493738 

452.9453125 19.0255972055288431477038 
455.3125 19.0255972055288431477038 
455.3125 21.7435396634615365485388 
452.9453125 21.7435396634615365485388 
452.9453125 19.0255972055288431477038 

452.9453125 8.15382737379807664979126 
455.3125 8.15382737379807664979126 
455.3125 10.8717698317307682742694 
452.9453125 10.8717698317307682742694 
452.9453125 8.15382737379807664979126 

443.4765625 19.0255972055288431477038 
445.84375 19.0255972055288431477038 
445.84375 21.7435396634615365485388 
443.4765625 21.7435396634615365485388 
443.4765625 19.0255972055288431477038 

443.4765625 13.5897122896634598987475 
445.84375 13.5897122896634598987475 
445.84375 16.3076547475961532995825 
443.4765625 16.3076547475961532995825 
443.4765625 13.5897122896634598987475 

438.7421875 19.0255972055288431477038 
441.109375 19.0255972055288431477038 
441.109375 21.7435396634615365485388 
438.7421875 21.7435396634615365485388 
438.7421875 19.0255972055288431477038 

438.7421875 16.3076547475961532995825 
441.109375 16.3076547475961532995825 
441.109375 19.0255972055288431477038 
438.7421875 19.0255972055288431477038 
438.7421875 16.3076547475961532995825 

436.375 21.7435396634615365485388 
436.375 19.0255972055288431477038 
438.7421875 19.0255972055288431477038 
438.7421875 21.7435396634615365485388 
436.375 21.7435396634615365485388 

443.4765625 21.7435396634615365485388 
445.84375 21.7435396634615365485388 
445.84375 24.4614821213942299493738 
443.4765625 24.4614821213942299493738 
443.4765625 21.7435396634615365485388 

441.109375 27.1794245793269197974951 
441.109375 24.4614821213942299493738 
443.4765625 24.4614821213942299493738 
443.4765625 27.1794245793269197974951 
441.109375 27.1794245793269197974951 

443.4765625 27.1794245793269197974951 
445.84375 27.1794245793269197974951 
445.84375 29.89736703725961319833 
443.4765625 29.89736703725961319833 
443.4765625 27.1794245793269197974951 

441.109375 29.89736703725961319833 
441.109375 27.1794245793269197974951 
443.4765625 27.1794245793269197974951 
443.4765625 29.89736703725961319833 
441.109375 29.89736703725961319833 

441.109375 24.4614821213942299493738 
441.109375 21.7435396634615365485388 
443.4765625 21.7435396634615365485388 
443.4765625 24.4614821213942299493738 
441.109375 24.4614821213942299493738 

407.96875 19.0255972055288431477038 
407.96875 16.3076547475961532995825 
410.3359375 16.3076547475961532995825 
410.3359375 19.0255972055288431477038 
407.96875 19.0255972055288431477038 

410.3359375 13.5897122896634598987475 
412.703125 13.5897122896634598987475 
412.703125 16.3076547475961532995825 
410.3359375 16.3076547475961532995825 
410.3359375 13.5897122896634598987475 

410.3359375 10.8717698317307682742694 
412.703125 10.8717698317307682742694 
412.703125 13.5897122896634598987475 
410.3359375 13.5897122896634598987475 
410.3359375 10.8717698317307682742694 

407.96875 16.3076547475961532995825 
407.96875 13.5897122896634598987475 
410.3359375 13.5897122896634598987475 
410.3359375 16.3076547475961532995825 
407.96875 16.3076547475961532995825 

412.703125 19.0255972055288431477038 
412.703125 16.3076547475961532995825 
415.0703125 16.3076547475961532995825 
415.0703125 19.0255972055288431477038 
412.703125 19.0255972055288431477038 

403.234375 13.5897122896634598987475 
403.234375 10.8717698317307682742694 
405.6015625 10.8717698317307682742694 
405.6015625 13.5897122896634598987475 
403.234375 13.5897122896634598987475 

405.6015625 5.4358849158653841371347 
407.96875 5.4358849158653841371347 
407.96875 8.15382737379807664979126 
405.6015625 8.15382737379807664979126 
405.6015625 5.4358849158653841371347 

403.234375 10.8717698317307682742694 
403.234375 8.15382737379807664979126 
405.6015625 8.15382737379807664979126 
405.6015625 10.8717698317307682742694 
403.234375 10.8717698317307682742694 

407.96875 13.5897122896634598987475 
407.96875 10.8717698317307682742694 
410.3359375 10.8717698317307682742694 
410.3359375 13.5897122896634598987475 
407.96875 13.5897122896634598987475 

415.0703125 2.71794245793269206856735 
417.4375 2.71794245793269206856735 
417.4375 5.4358849158653841371347 
415.0703125 5.4358849158653841371347 
415.0703125 2.71794245793269206856735 

410.3359375 8.15382737379807664979126 
412.703125 8.15382737379807664979126 
412.703125 10.8717698317307682742694 
410.3359375 10.8717698317307682742694 
410.3359375 8.15382737379807664979126 

410.3359375 5.4358849158653841371347 
412.703125 5.4358849158653841371347 
412.703125 8.15382737379807664979126 
410.3359375 8.15382737379807664979126 
410.3359375 5.4358849158653841371347 

407.96875 10.8717698317307682742694 
407.96875 8.15382737379807664979126 
410.3359375 8.15382737379807664979126 
410.3359375 10.8717698317307682742694 
407.96875 10.8717698317307682742694 

415.0703125 10.8717698317307682742694 
417.4375 10.8717698317307682742694 
417.4375 13.5897122896634598987475 
415.0703125 13.5897122896634598987475 
415.0703125 10.8717698317307682742694 

412.703125 16.3076547475961532995825 
412.703125 13.5897122896634598987475 
415.0703125 13.5897122896634598987475 
415.0703125 16.3076547475961532995825 
412.703125 16.3076547475961532995825 

417.4375 19.0255972055288431477038 
417.4375 16.3076547475961532995825 
419.8046875 16.3076547475961532995825 
419.8046875 19.0255972055288431477038 
417.4375 19.0255972055288431477038 

419.8046875 13.5897122896634598987475 
422.171875 13.5897122896634598987475 
422.171875 16.3076547475961532995825 
419.8046875 16.3076547475961532995825 
419.8046875 13.5897122896634598987475 

419.8046875 10.8717698317307682742694 
422.171875 10.8717698317307682742694 
422.171875 13.5897122896634598987475 
419.8046875 13.5897122896634598987475 
419.8046875 10.8717698317307682742694 

417.4375 16.3076547475961532995825 
417.4375 13.5897122896634598987475 
419.8046875 13.5897122896634598987475 
419.8046875 16.3076547475961532995825 
417.4375 16.3076547475961532995825 

412.703125 13.5897122896634598987475 
412.703125 10.8717698317307682742694 
415.0703125 10.8717698317307682742694 
415.0703125 13.5897122896634598987475 
412.703125 13.5897122896634598987475 

415.0703125 5.4358849158653841371347 
417.4375 5.4358849158653841371347 
417.4375 8.15382737379807664979126 
415.0703125 8.15382737379807664979126 
415.0703125 5.4358849158653841371347 

412.703125 10.8717698317307682742694 
412.703125 8.15382737379807664979126 
415.0703125 8.15382737379807664979126 
415.0703125 10.8717698317307682742694 
412.703125 10.8717698317307682742694 

417.4375 13.5897122896634598987475 
417.4375 10.8717698317307682742694 
419.8046875 10.8717698317307682742694 
419.8046875 13.5897122896634598987475 
417.4375 13.5897122896634598987475 

424.5390625 8.15382737379807664979126 
426.90625 8.15382737379807664979126 
426.90625 10.8717698317307682742694 
424.5390625 10.8717698317307682742694 
424.5390625 8.15382737379807664979126 

424.5390625 2.71794245793269206856735 
426.90625 2.71794245793269206856735 
426.90625 5.4358849158653841371347 
424.5390625 5.4358849158653841371347 
424.5390625 2.71794245793269206856735 

419.8046875 8.15382737379807664979126 
422.171875 8.15382737379807664979126 
422.171875 10.8717698317307682742694 
419.8046875 10.8717698317307682742694 
419.8046875 8.15382737379807664979126 

419.8046875 5.4358849158653841371347 
422.171875 5.4358849158653841371347 
422.171875 8.15382737379807664979126 
419.8046875 8.15382737379807664979126 
419.8046875 5.4358849158653841371347 

417.4375 10.8717698317307682742694 
417.4375 8.15382737379807664979126 
419.8046875 8.15382737379807664979126 
419.8046875 10.8717698317307682742694 
417.4375 10.8717698317307682742694 

422.171875 19.0255972055288431477038 
422.171875 16.3076547475961532995825 
424.5390625 16.3076547475961532995825 
424.5390625 19.0255972055288431477038 
422.171875 19.0255972055288431477038 

424.5390625 10.8717698317307682742694 
426.90625 10.8717698317307682742694 
426.90625 13.5897122896634598987475 
424.5390625 13.5897122896634598987475 
424.5390625 10.8717698317307682742694 

422.171875 16.3076547475961532995825 
422.171875 13.5897122896634598987475 
424.5390625 13.5897122896634598987475 
424.5390625 16.3076547475961532995825 
422.171875 16.3076547475961532995825 

426.90625 19.0255972055288431477038 
426.90625 16.3076547475961532995825 
429.2734375 16.3076547475961532995825 
429.2734375 19.0255972055288431477038 
426.90625 19.0255972055288431477038 

429.2734375 13.5897122896634598987475 
431.640625 13.5897122896634598987475 
431.640625 16.3076547475961532995825 
429.2734375 16.3076547475961532995825 
429.2734375 13.5897122896634598987475 

429.2734375 10.8717698317307682742694 
431.640625 10.8717698317307682742694 
431.640625 13.5897122896634598987475 
429.2734375 13.5897122896634598987475 
429.2734375 10.8717698317307682742694 

426.90625 16.3076547475961532995825 
426.90625 13.5897122896634598987475 
429.2734375 13.5897122896634598987475 
429.2734375 16.3076547475961532995825 
426.90625 16.3076547475961532995825 

422.171875 13.5897122896634598987475 
422.171875 10.8717698317307682742694 
424.5390625 10.8717698317307682742694 
424.5390625 13.5897122896634598987475 
422.171875 13.5897122896634598987475 

431.640625 19.0255972055288431477038 
431.640625 16.3076547475961532995825 
434.0078125 16.3076547475961532995825 
434.0078125 19.0255972055288431477038 
431.640625 19.0255972055288431477038 

403.234375 8.15382737379807664979126 
403.234375 5.4358849158653841371347 
405.6015625 5.4358849158653841371347 
405.6015625 8.15382737379807664979126 
403.234375 8.15382737379807664979126 

405.6015625 0 
407.96875 0 
407.96875 2.71794245793269206856735 
405.6015625 2.71794245793269206856735 
405.6015625 0 

403.234375 5.4358849158653841371347 
403.234375 2.71794245793269206856735 
405.6015625 2.71794245793269206856735 
405.6015625 5.4358849158653841371347 
403.234375 5.4358849158653841371347 

407.96875 8.15382737379807664979126 
407.96875 5.4358849158653841371347 
410.3359375 5.4358849158653841371347 
410.3359375 8.15382737379807664979126 
407.96875 8.15382737379807664979126 

410.3359375 2.71794245793269206856735 
412.703125 2.71794245793269206856735 
412.703125 5.4358849158653841371347 
410.3359375 5.4358849158653841371347 
410.3359375 2.71794245793269206856735 

410.3359375 0 
412.703125 0 
412.703125 2.71794245793269206856735 
410.3359375 2.71794245793269206856735 
410.3359375 0 

407.96875 5.4358849158653841371347 
407.96875 2.71794245793269206856735 
410.3359375 2.71794245793269206856735 
410.3359375 5.4358849158653841371347 
407.96875 5.4358849158653841371347 

412.703125 8.15382737379807664979126 
412.703125 5.4358849158653841371347 
415.0703125 5.4358849158653841371347 
415.0703125 8.15382737379807664979126 
412.703125 8.15382737379807664979126 

403.234375 2.71794245793269206856735 
403.234375 0 
405.6015625 0 
405.6015625 2.71794245793269206856735 
403.234375 2.71794245793269206856735 

400.480997791812683317403 0 
403.058911622988318868011 0 

407.96875 2.71794245793269206856735 
407.96875 0 
410.3359375 0 
410.3359375 2.71794245793269206856735 
407.96875 2.71794245793269206856735 

415.948480778866553464468 0 
413.37056694769091791386 0 

410.792653116515282363252 0 
408.214739285339646812645 0 

405.636825454163954418618 0 
408.214739285339646812645 0 

415.0703125 0 
417.4375 0 
417.4375 2.71794245793269206856735 
415.0703125 2.71794245793269206856735 
415.0703125 0 

412.703125 5.4358849158653841371347 
412.703125 2.71794245793269206856735 
415.0703125 2.71794245793269206856735 
415.0703125 5.4358849158653841371347 
412.703125 5.4358849158653841371347 

417.4375 8.15382737379807664979126 
417.4375 5.4358849158653841371347 
419.8046875 5.4358849158653841371347 
419.8046875 8.15382737379807664979126 
417.4375 8.15382737379807664979126 

419.8046875 2.71794245793269206856735 
422.171875 2.71794245793269206856735 
422.171875 5.4358849158653841371347 
419.8046875 5.4358849158653841371347 
419.8046875 2.71794245793269206856735 

419.8046875 0 
422.171875 0 
422.171875 2.71794245793269206856735 
419.8046875 2.71794245793269206856735 
419.8046875 0 

417.4375 5.4358849158653841371347 
417.4375 2.71794245793269206856735 
419.8046875 2.71794245793269206856735 
419.8046875 5.4358849158653841371347 
417.4375 5.4358849158653841371347 

412.703125 2.71794245793269206856735 
412.703125 0 
415.0703125 0 
415.0703125 2.71794245793269206856735 
412.703125 2.71794245793269206856735 

410.792653116515282363252 0 
413.37056694769091791386 0 

417.4375 2.71794245793269206856735 
417.4375 0 
419.8046875 0 
419.8046875 2.71794245793269206856735 
417.4375 2.71794245793269206856735 

421.104308441217824565683 0 
418.526394610042189015076 0 

415.948480778866553464468 0 
418.526394610042189015076 0 

424.5390625 5.4358849158653841371347 
426.90625 5.4358849158653841371347 
426.90625 8.15382737379807664979126 
424.5390625 8.15382737379807664979126 
424.5390625 5.4358849158653841371347 

422.171875 10.8717698317307682742694 
422.171875 8.15382737379807664979126 
424.5390625 8.15382737379807664979126 
424.5390625 10.8717698317307682742694 
422.171875 10.8717698317307682742694 

426.90625 13.5897122896634598987475 
426.90625 10.8717698317307682742694 
429.2734375 10.8717698317307682742694 
429.2734375 13.5897122896634598987475 
426.90625 13.5897122896634598987475 

434.0078125 2.71794245793269206856735 
436.375 2.71794245793269206856735 
436.375 5.4358849158653841371347 
434.0078125 5.4358849158653841371347 
434.0078125 2.71794245793269206856735 

429.2734375 8.15382737379807664979126 
431.640625 8.15382737379807664979126 
431.640625 10.8717698317307682742694 
429.2734375 10.8717698317307682742694 
429.2734375 8.15382737379807664979126 

429.2734375 5.4358849158653841371347 
431.640625 5.4358849158653841371347 
431.640625 8.15382737379807664979126 
429.2734375 8.15382737379807664979126 
429.2734375 5.4358849158653841371347 

426.90625 10.8717698317307682742694 
426.90625 8.15382737379807664979126 
429.2734375 8.15382737379807664979126 
429.2734375 10.8717698317307682742694 
426.90625 10.8717698317307682742694 

422.171875 8.15382737379807664979126 
422.171875 5.4358849158653841371347 
424.5390625 5.4358849158653841371347 
424.5390625 8.15382737379807664979126 
422.171875 8.15382737379807664979126 

424.5390625 0 
426.90625 0 
426.90625 2.71794245793269206856735 
424.5390625 2.71794245793269206856735 
424.5390625 0 

422.171875 5.4358849158653841371347 
422.171875 2.71794245793269206856735 
424.5390625 2.71794245793269206856735 
424.5390625 5.4358849158653841371347 
422.171875 5.4358849158653841371347 

434.0078125 10.8717698317307682742694 
436.375 10.8717698317307682742694 
436.375 13.5897122896634598987475 
434.0078125 13.5897122896634598987475 
434.0078125 10.8717698317307682742694 

431.640625 16.3076547475961532995825 
431.640625 13.5897122896634598987475 
434.0078125 13.5897122896634598987475 
434.0078125 16.3076547475961532995825 
431.640625 16.3076547475961532995825 

436.375 19.0255972055288431477038 
436.375 16.3076547475961532995825 
438.7421875 16.3076547475961532995825 
438.7421875 19.0255972055288431477038 
436.375 19.0255972055288431477038 

438.7421875 13.5897122896634598987475 
441.109375 13.5897122896634598987475 
441.109375 16.3076547475961532995825 
438.7421875 16.3076547475961532995825 
438.7421875 13.5897122896634598987475 

438.7421875 10.8717698317307682742694 
441.109375 10.8717698317307682742694 
441.109375 13.5897122896634598987475 
438.7421875 13.5897122896634598987475 
438.7421875 10.8717698317307682742694 

436.375 16.3076547475961532995825 
436.375 13.5897122896634598987475 
438.7421875 13.5897122896634598987475 
438.7421875 16.3076547475961532995825 
436.375 16.3076547475961532995825 

431.640625 13.5897122896634598987475 
431.640625 10.8717698317307682742694 
434.0078125 10.8717698317307682742694 
434.0078125 13.5897122896634598987475 
431.640625 13.5897122896634598987475 

434.0078125 5.4358849158653841371347 
436.375 5.4358849158653841371347 
436.375 8.15382737379807664979126 
434.0078125 8.15382737379807664979126 
434.0078125 5.4358849158653841371347 

431.640625 10.8717698317307682742694 
431.640625 8.15382737379807664979126 
434.0078125 8.15382737379807664979126 
434.0078125 10.8717698317307682742694 
431.640625 10.8717698317307682742694 

436.375 13.5897122896634598987475 
436.375 10.8717698317307682742694 
438.7421875 10.8717698317307682742694 
438.7421875 13.5897122896634598987475 
436.375 13.5897122896634598987475 

443.4765625 8.15382737379807664979126 
445.84375 8.15382737379807664979126 
445.84375 10.8717698317307682742694 
443.4765625 10.8717698317307682742694 
443.4765625 8.15382737379807664979126 

443.4765625 2.71794245793269206856735 
445.84375 2.71794245793269206856735 
445.84375 5.4358849158653841371347 
443.4765625 5.4358849158653841371347 
443.4765625 2.71794245793269206856735 

438.7421875 8.15382737379807664979126 
441.109375 8.15382737379807664979126 
441.109375 10.8717698317307682742694 
438.7421875 10.8717698317307682742694 
438.7421875 8.15382737379807664979126 

438.7421875 5.4358849158653841371347 
441.109375 5.4358849158653841371347 
441.109375 8.15382737379807664979126 
438.7421875 8.15382737379807664979126 
438.7421875 5.4358849158653841371347 

436.375 10.8717698317307682742694 
436.375 8.15382737379807664979126 
438.7421875 8.15382737379807664979126 
438.7421875 10.8717698317307682742694 
436.375 10.8717698317307682742694 

426.90625 8.15382737379807664979126 
426.90625 5.4358849158653841371347 
429.2734375 5.4358849158653841371347 
429.2734375 8.15382737379807664979126 
426.90625 8.15382737379807664979126 

429.2734375 2.71794245793269206856735 
431.640625 2.71794245793269206856735 
431.640625 5.4358849158653841371347 
429.2734375 5.4358849158653841371347 
429.2734375 2.71794245793269206856735 

429.2734375 0 
431.640625 0 
431.640625 2.71794245793269206856735 
429.2734375 2.71794245793269206856735 
429.2734375 0 

426.90625 5.4358849158653841371347 
426.90625 2.71794245793269206856735 
429.2734375 2.71794245793269206856735 
429.2734375 5.4358849158653841371347 
426.90625 5.4358849158653841371347 

431.640625 8.15382737379807664979126 
431.640625 5.4358849158653841371347 
434.0078125 5.4358849158653841371347 
434.0078125 8.15382737379807664979126 
431.640625 8.15382737379807664979126 

422.171875 2.71794245793269206856735 
422.171875 0 
424.5390625 0 
424.5390625 2.71794245793269206856735 
422.171875 2.71794245793269206856735 

421.104308441217824565683 0 
423.682222272393460116291 0 

426.90625 2.71794245793269206856735 
426.90625 0 
429.2734375 0 
429.2734375 2.71794245793269206856735 
426.90625 2.71794245793269206856735 

446.883446752974236915179 0 
444.305532921798601364571 0 

436.571791428271694712748 0 
433.993877597096059162141 0 

431.415963765920423611533 0 
428.838049934744788060925 0 

426.260136103569095666899 0 
428.838049934744788060925 0 

434.0078125 0 
436.375 0 
436.375 2.71794245793269206856735 
434.0078125 2.71794245793269206856735 
434.0078125 0 

431.640625 5.4358849158653841371347 
431.640625 2.71794245793269206856735 
434.0078125 2.71794245793269206856735 
434.0078125 5.4358849158653841371347 
431.640625 5.4358849158653841371347 

436.375 8.15382737379807664979126 
436.375 5.4358849158653841371347 
438.7421875 5.4358849158653841371347 
438.7421875 8.15382737379807664979126 
436.375 8.15382737379807664979126 

438.7421875 2.71794245793269206856735 
441.109375 2.71794245793269206856735 
441.109375 5.4358849158653841371347 
438.7421875 5.4358849158653841371347 
438.7421875 2.71794245793269206856735 

438.7421875 0 
441.109375 0 
441.109375 2.71794245793269206856735 
438.7421875 2.71794245793269206856735 
438.7421875 0 

436.375 5.4358849158653841371347 
436.375 2.71794245793269206856735 
438.7421875 2.71794245793269206856735 
438.7421875 5.4358849158653841371347 
436.375 5.4358849158653841371347 

431.640625 2.71794245793269206856735 
431.640625 0 
434.0078125 0 
434.0078125 2.71794245793269206856735 
431.640625 2.71794245793269206856735 

431.415963765920423611533 0 
433.993877597096059162141 0 

436.375 2.71794245793269206856735 
436.375 0 
438.7421875 0 
438.7421875 2.71794245793269206856735 
436.375 2.71794245793269206856735 

443.4765625 16.3076547475961532995825 
445.84375 16.3076547475961532995825 
445.84375 19.0255972055288431477038 
443.4765625 19.0255972055288431477038 
443.4765625 16.3076547475961532995825 

441.109375 21.7435396634615365485388 
441.109375 19.0255972055288431477038 
443.4765625 19.0255972055288431477038 
443.4765625 21.7435396634615365485388 
441.109375 21.7435396634615365485388 

452.9453125 24.4614821213942299493738 
455.3125 24.4614821213942299493738 
455.3125 27.1794245793269197974951 
452.9453125 27.1794245793269197974951 
452.9453125 24.4614821213942299493738 

448.2109375 24.4614821213942299493738 
450.578125 24.4614821213942299493738 
450.578125 27.1794245793269197974951 
448.2109375 27.1794245793269197974951 
448.2109375 24.4614821213942299493738 

448.2109375 21.7435396634615365485388 
450.578125 21.7435396634615365485388 
450.578125 24.4614821213942299493738 
448.2109375 24.4614821213942299493738 
448.2109375 21.7435396634615365485388 

445.84375 27.1794245793269197974951 
445.84375 24.4614821213942299493738 
448.2109375 24.4614821213942299493738 
448.2109375 27.1794245793269197974951 
445.84375 27.1794245793269197974951 

445.84375 24.4614821213942299493738 
445.84375 21.7435396634615365485388 
448.2109375 21.7435396634615365485388 
448.2109375 24.4614821213942299493738 
445.84375 24.4614821213942299493738 

452.9453125 13.5897122896634598987475 
455.3125 13.5897122896634598987475 
455.3125 16.3076547475961532995825 
452.9453125 16.3076547475961532995825 
452.9453125 13.5897122896634598987475 

448.2109375 19.0255972055288431477038 
450.578125 19.0255972055288431477038 
450.578125 21.7435396634615365485388 
448.2109375 21.7435396634615365485388 
448.2109375 19.0255972055288431477038 

448.2109375 16.3076547475961532995825 
450.578125 16.3076547475961532995825 
450.578125 19.0255972055288431477038 
448.2109375 19.0255972055288431477038 
448.2109375 16.3076547475961532995825 

445.84375 21.7435396634615365485388 
445.84375 19.0255972055288431477038 
448.2109375 19.0255972055288431477038 
448.2109375 21.7435396634615365485388 
445.84375 21.7435396634615365485388 

452.9453125 21.7435396634615365485388 
455.3125 21.7435396634615365485388 
455.3125 24.4614821213942299493738 
452.9453125 24.4614821213942299493738 
452.9453125 21.7435396634615365485388 

450.578125 27.1794245793269197974951 
450.578125 24.4614821213942299493738 
452.9453125 24.4614821213942299493738 
452.9453125 27.1794245793269197974951 
450.578125 27.1794245793269197974951 

450.578125 24.4614821213942299493738 
450.578125 21.7435396634615365485388 
452.9453125 21.7435396634615365485388 
452.9453125 24.4614821213942299493738 
450.578125 24.4614821213942299493738 

452.9453125 16.3076547475961532995825 
455.3125 16.3076547475961532995825 
455.3125 19.0255972055288431477038 
452.9453125 19.0255972055288431477038 
452.9453125 16.3076547475961532995825 

450.578125 21.7435396634615365485388 
450.578125 19.0255972055288431477038 
452.9453125 19.0255972055288431477038 
452.9453125 21.7435396634615365485388 
450.578125 21.7435396634615365485388 

464.78125 27.1794245793269197974951 
474.25 27.1794245793269197974951 
474.25 32.615309495192306599165 
464.78125 32.615309495192306599165 
464.78125 27.1794245793269197974951 

455.3125 32.615309495192306599165 
455.3125 27.1794245793269197974951 
464.78125 27.1794245793269197974951 
464.78125 32.615309495192306599165 
455.3125 32.615309495192306599165 

460.046875 24.4614821213942299493738 
464.78125 24.4614821213942299493738 
464.78125 27.1794245793269197974951 
460.046875 27.1794245793269197974951 
460.046875 24.4614821213942299493738 

455.3125 27.1794245793269197974951 
455.3125 24.4614821213942299493738 
460.046875 24.4614821213942299493738 
460.046875 27.1794245793269197974951 
455.3125 27.1794245793269197974951 

457.6796875 21.7435396634615365485388 
460.046875 21.7435396634615365485388 
460.046875 24.4614821213942299493738 
457.6796875 24.4614821213942299493738 
457.6796875 21.7435396634615365485388 

455.3125 24.4614821213942299493738 
455.3125 21.7435396634615365485388 
457.6796875 21.7435396634615365485388 
457.6796875 24.4614821213942299493738 
455.3125 24.4614821213942299493738 

471.8828125 8.15382737379807664979126 
474.25 8.15382737379807664979126 
474.25 10.8717698317307682742694 
471.8828125 10.8717698317307682742694 
471.8828125 8.15382737379807664979126 

462.4140625 19.0255972055288431477038 
464.78125 19.0255972055288431477038 
464.78125 21.7435396634615365485388 
462.4140625 21.7435396634615365485388 
462.4140625 19.0255972055288431477038 

462.4140625 13.5897122896634598987475 
464.78125 13.5897122896634598987475 
464.78125 16.3076547475961532995825 
462.4140625 16.3076547475961532995825 
462.4140625 13.5897122896634598987475 

457.6796875 19.0255972055288431477038 
460.046875 19.0255972055288431477038 
460.046875 21.7435396634615365485388 
457.6796875 21.7435396634615365485388 
457.6796875 19.0255972055288431477038 

457.6796875 16.3076547475961532995825 
460.046875 16.3076547475961532995825 
460.046875 19.0255972055288431477038 
457.6796875 19.0255972055288431477038 
457.6796875 16.3076547475961532995825 

455.3125 21.7435396634615365485388 
455.3125 19.0255972055288431477038 
457.6796875 19.0255972055288431477038 
457.6796875 21.7435396634615365485388 
455.3125 21.7435396634615365485388 

462.4140625 21.7435396634615365485388 
464.78125 21.7435396634615365485388 
464.78125 24.4614821213942299493738 
462.4140625 24.4614821213942299493738 
462.4140625 21.7435396634615365485388 

460.046875 24.4614821213942299493738 
460.046875 21.7435396634615365485388 
462.4140625 21.7435396634615365485388 
462.4140625 24.4614821213942299493738 
460.046875 24.4614821213942299493738 

462.4140625 16.3076547475961532995825 
464.78125 16.3076547475961532995825 
464.78125 19.0255972055288431477038 
462.4140625 19.0255972055288431477038 
462.4140625 16.3076547475961532995825 

460.046875 21.7435396634615365485388 
460.046875 19.0255972055288431477038 
462.4140625 19.0255972055288431477038 
462.4140625 21.7435396634615365485388 
460.046875 21.7435396634615365485388 

471.8828125 13.5897122896634598987475 
474.25 13.5897122896634598987475 
474.25 16.3076547475961532995825 
471.8828125 16.3076547475961532995825 
471.8828125 13.5897122896634598987475 

467.1484375 19.0255972055288431477038 
469.515625 19.0255972055288431477038 
469.515625 21.7435396634615365485388 
467.1484375 21.7435396634615365485388 
467.1484375 19.0255972055288431477038 

467.1484375 16.3076547475961532995825 
469.515625 16.3076547475961532995825 
469.515625 19.0255972055288431477038 
467.1484375 19.0255972055288431477038 
467.1484375 16.3076547475961532995825 

464.78125 21.7435396634615365485388 
464.78125 19.0255972055288431477038 
467.1484375 19.0255972055288431477038 
467.1484375 21.7435396634615365485388 
464.78125 21.7435396634615365485388 

469.515625 21.7435396634615365485388 
474.25 21.7435396634615365485388 
474.25 27.1794245793269197974951 
469.515625 27.1794245793269197974951 
469.515625 21.7435396634615365485388 

464.78125 27.1794245793269197974951 
464.78125 24.4614821213942299493738 
469.515625 24.4614821213942299493738 
469.515625 27.1794245793269197974951 
464.78125 27.1794245793269197974951 

467.1484375 21.7435396634615365485388 
469.515625 21.7435396634615365485388 
469.515625 24.4614821213942299493738 
467.1484375 24.4614821213942299493738 
467.1484375 21.7435396634615365485388 

464.78125 24.4614821213942299493738 
464.78125 21.7435396634615365485388 
467.1484375 21.7435396634615365485388 
467.1484375 24.4614821213942299493738 
464.78125 24.4614821213942299493738 

441.109375 19.0255972055288431477038 
441.109375 16.3076547475961532995825 
443.4765625 16.3076547475961532995825 
443.4765625 19.0255972055288431477038 
441.109375 19.0255972055288431477038 

443.4765625 10.8717698317307682742694 
445.84375 10.8717698317307682742694 
445.84375 13.5897122896634598987475 
443.4765625 13.5897122896634598987475 
443.4765625 10.8717698317307682742694 

441.109375 16.3076547475961532995825 
441.109375 13.5897122896634598987475 
443.4765625 13.5897122896634598987475 
443.4765625 16.3076547475961532995825 
441.109375 16.3076547475961532995825 

445.84375 19.0255972055288431477038 
445.84375 16.3076547475961532995825 
448.2109375 16.3076547475961532995825 
448.2109375 19.0255972055288431477038 
445.84375 19.0255972055288431477038 

448.2109375 13.5897122896634598987475 
450.578125 13.5897122896634598987475 
450.578125 16.3076547475961532995825 
448.2109375 16.3076547475961532995825 
448.2109375 13.5897122896634598987475 

448.2109375 10.8717698317307682742694 
450.578125 10.8717698317307682742694 
450.578125 13.5897122896634598987475 
448.2109375 13.5897122896634598987475 
448.2109375 10.8717698317307682742694 

445.84375 16.3076547475961532995825 
445.84375 13.5897122896634598987475 
448.2109375 13.5897122896634598987475 
448.2109375 16.3076547475961532995825 
445.84375 16.3076547475961532995825 

450.578125 19.0255972055288431477038 
450.578125 16.3076547475961532995825 
452.9453125 16.3076547475961532995825 
452.9453125 19.0255972055288431477038 
450.578125 19.0255972055288431477038 

441.109375 13.5897122896634598987475 
441.109375 10.8717698317307682742694 
443.4765625 10.8717698317307682742694 
443.4765625 13.5897122896634598987475 
441.109375 13.5897122896634598987475 

443.4765625 5.4358849158653841371347 
445.84375 5.4358849158653841371347 
445.84375 8.15382737379807664979126 
443.4765625 8.15382737379807664979126 
443.4765625 5.4358849158653841371347 

441.109375 10.8717698317307682742694 
441.109375 8.15382737379807664979126 
443.4765625 8.15382737379807664979126 
443.4765625 10.8717698317307682742694 
441.109375 10.8717698317307682742694 

445.84375 13.5897122896634598987475 
445.84375 10.8717698317307682742694 
448.2109375 10.8717698317307682742694 
448.2109375 13.5897122896634598987475 
445.84375 13.5897122896634598987475 

452.9453125 2.71794245793269206856735 
455.3125 2.71794245793269206856735 
455.3125 5.4358849158653841371347 
452.9453125 5.4358849158653841371347 
452.9453125 2.71794245793269206856735 

448.2109375 8.15382737379807664979126 
450.578125 8.15382737379807664979126 
450.578125 10.8717698317307682742694 
448.2109375 10.8717698317307682742694 
448.2109375 8.15382737379807664979126 

448.2109375 5.4358849158653841371347 
450.578125 5.4358849158653841371347 
450.578125 8.15382737379807664979126 
448.2109375 8.15382737379807664979126 
448.2109375 5.4358849158653841371347 

445.84375 10.8717698317307682742694 
445.84375 8.15382737379807664979126 
448.2109375 8.15382737379807664979126 
448.2109375 10.8717698317307682742694 
445.84375 10.8717698317307682742694 

452.9453125 10.8717698317307682742694 
455.3125 10.8717698317307682742694 
455.3125 13.5897122896634598987475 
452.9453125 13.5897122896634598987475 
452.9453125 10.8717698317307682742694 

450.578125 16.3076547475961532995825 
450.578125 13.5897122896634598987475 
452.9453125 13.5897122896634598987475 
452.9453125 16.3076547475961532995825 
450.578125 16.3076547475961532995825 

455.3125 19.0255972055288431477038 
455.3125 16.3076547475961532995825 
457.6796875 16.3076547475961532995825 
457.6796875 19.0255972055288431477038 
455.3125 19.0255972055288431477038 

457.6796875 13.5897122896634598987475 
460.046875 13.5897122896634598987475 
460.046875 16.3076547475961532995825 
457.6796875 16.3076547475961532995825 
457.6796875 13.5897122896634598987475 

457.6796875 10.8717698317307682742694 
460.046875 10.8717698317307682742694 
460.046875 13.5897122896634598987475 
457.6796875 13.5897122896634598987475 
457.6796875 10.8717698317307682742694 

455.3125 16.3076547475961532995825 
455.3125 13.5897122896634598987475 
457.6796875 13.5897122896634598987475 
457.6796875 16.3076547475961532995825 
455.3125 16.3076547475961532995825 

450.578125 13.5897122896634598987475 
450.578125 10.8717698317307682742694 
452.9453125 10.8717698317307682742694 
452.9453125 13.5897122896634598987475 
450.578125 13.5897122896634598987475 

452.9453125 5.4358849158653841371347 
455.3125 5.4358849158653841371347 
455.3125 8.15382737379807664979126 
452.9453125 8.15382737379807664979126 
452.9453125 5.4358849158653841371347 

450.578125 10.8717698317307682742694 
450.578125 8.15382737379807664979126 
452.9453125 8.15382737379807664979126 
452.9453125 10.8717698317307682742694 
450.578125 10.8717698317307682742694 

455.3125 13.5897122896634598987475 
455.3125 10.8717698317307682742694 
457.6796875 10.8717698317307682742694 
457.6796875 13.5897122896634598987475 
455.3125 13.5897122896634598987475 

462.4140625 8.15382737379807664979126 
464.78125 8.15382737379807664979126 
464.78125 10.8717698317307682742694 
462.4140625 10.8717698317307682742694 
462.4140625 8.15382737379807664979126 

462.4140625 2.71794245793269206856735 
464.78125 2.71794245793269206856735 
464.78125 5.4358849158653841371347 
462.4140625 5.4358849158653841371347 
462.4140625 2.71794245793269206856735 

457.6796875 8.15382737379807664979126 
460.046875 8.15382737379807664979126 
460.046875 10.8717698317307682742694 
457.6796875 10.8717698317307682742694 
457.6796875 8.15382737379807664979126 

457.6796875 5.4358849158653841371347 
460.046875 5.4358849158653841371347 
460.046875 8.15382737379807664979126 
457.6796875 8.15382737379807664979126 
457.6796875 5.4358849158653841371347 

455.3125 10.8717698317307682742694 
455.3125 8.15382737379807664979126 
457.6796875 8.15382737379807664979126 
457.6796875 10.8717698317307682742694 
455.3125 10.8717698317307682742694 

460.046875 19.0255972055288431477038 
460.046875 16.3076547475961532995825 
462.4140625 16.3076547475961532995825 
462.4140625 19.0255972055288431477038 
460.046875 19.0255972055288431477038 

462.4140625 10.8717698317307682742694 
464.78125 10.8717698317307682742694 
464.78125 13.5897122896634598987475 
462.4140625 13.5897122896634598987475 
462.4140625 10.8717698317307682742694 

460.046875 16.3076547475961532995825 
460.046875 13.5897122896634598987475 
462.4140625 13.5897122896634598987475 
462.4140625 16.3076547475961532995825 
460.046875 16.3076547475961532995825 

464.78125 19.0255972055288431477038 
464.78125 16.3076547475961532995825 
467.1484375 16.3076547475961532995825 
467.1484375 19.0255972055288431477038 
464.78125 19.0255972055288431477038 

467.1484375 13.5897122896634598987475 
469.515625 13.5897122896634598987475 
469.515625 16.3076547475961532995825 
467.1484375 16.3076547475961532995825 
467.1484375 13.5897122896634598987475 

467.1484375 10.8717698317307682742694 
469.515625 10.8717698317307682742694 
469.515625 13.5897122896634598987475 
467.1484375 13.5897122896634598987475 
467.1484375 10.8717698317307682742694 

464.78125 16.3076547475961532995825 
464.78125 13.5897122896634598987475 
467.1484375 13.5897122896634598987475 
467.1484375 16.3076547475961532995825 
464.78125 16.3076547475961532995825 

460.046875 13.5897122896634598987475 
460.046875 10.8717698317307682742694 
462.4140625 10.8717698317307682742694 
462.4140625 13.5897122896634598987475 
460.046875 13.5897122896634598987475 

471.8828125 16.3076547475961532995825 
474.25 16.3076547475961532995825 
474.25 19.0255972055288431477038 
471.8828125 19.0255972055288431477038 
471.8828125 16.3076547475961532995825 

469.515625 21.7435396634615365485388 
469.515625 19.0255972055288431477038 
471.8828125 19.0255972055288431477038 
471.8828125 21.7435396634615365485388 
469.515625 21.7435396634615365485388 

469.515625 19.0255972055288431477038 
469.515625 16.3076547475961532995825 
471.8828125 16.3076547475961532995825 
471.8828125 19.0255972055288431477038 
469.515625 19.0255972055288431477038 

441.109375 8.15382737379807664979126 
441.109375 5.4358849158653841371347 
443.4765625 5.4358849158653841371347 
443.4765625 8.15382737379807664979126 
441.109375 8.15382737379807664979126 

443.4765625 0 
445.84375 0 
445.84375 2.71794245793269206856735 
443.4765625 2.71794245793269206856735 
443.4765625 0 

441.109375 5.4358849158653841371347 
441.109375 2.71794245793269206856735 
443.4765625 2.71794245793269206856735 
443.4765625 5.4358849158653841371347 
441.109375 5.4358849158653841371347 

445.84375 8.15382737379807664979126 
445.84375 5.4358849158653841371347 
448.2109375 5.4358849158653841371347 
448.2109375 8.15382737379807664979126 
445.84375 8.15382737379807664979126 

448.2109375 2.71794245793269206856735 
450.578125 2.71794245793269206856735 
450.578125 5.4358849158653841371347 
448.2109375 5.4358849158653841371347 
448.2109375 2.71794245793269206856735 

448.2109375 0 
450.578125 0 
450.578125 2.71794245793269206856735 
448.2109375 2.71794245793269206856735 
448.2109375 0 

445.84375 5.4358849158653841371347 
445.84375 2.71794245793269206856735 
448.2109375 2.71794245793269206856735 
448.2109375 5.4358849158653841371347 
445.84375 5.4358849158653841371347 

450.578125 8.15382737379807664979126 
450.578125 5.4358849158653841371347 
452.9453125 5.4358849158653841371347 
452.9453125 8.15382737379807664979126 
450.578125 8.15382737379807664979126 

441.109375 2.71794245793269206856735 
441.109375 0 
443.4765625 0 
443.4765625 2.71794245793269206856735 
441.109375 2.71794245793269206856735 

441.727619090622965813964 0 
439.149705259447330263356 0 

436.571791428271694712748 0 
439.149705259447330263356 0 

445.84375 2.71794245793269206856735 
445.84375 0 
448.2109375 0 
448.2109375 2.71794245793269206856735 
445.84375 2.71794245793269206856735 

441.727619090622965813964 0 
444.305532921798601364571 0 

452.9453125 0 
455.3125 0 
455.3125 2.71794245793269206856735 
452.9453125 2.71794245793269206856735 
452.9453125 0 

450.578125 5.4358849158653841371347 
450.578125 2.71794245793269206856735 
452.9453125 2.71794245793269206856735 
452.9453125 5.4358849158653841371347 
450.578125 5.4358849158653841371347 

455.3125 8.15382737379807664979126 
455.3125 5.4358849158653841371347 
457.6796875 5.4358849158653841371347 
457.6796875 8.15382737379807664979126 
455.3125 8.15382737379807664979126 

457.6796875 2.71794245793269206856735 
460.046875 2.71794245793269206856735 
460.046875 5.4358849158653841371347 
457.6796875 5.4358849158653841371347 
457.6796875 2.71794245793269206856735 

457.6796875 0 
460.046875 0 
460.046875 2.71794245793269206856735 
457.6796875 2.71794245793269206856735 
457.6796875 0 

455.3125 5.4358849158653841371347 
455.3125 2.71794245793269206856735 
457.6796875 2.71794245793269206856735 
457.6796875 5.4358849158653841371347 
455.3125 5.4358849158653841371347 

450.578125 2.71794245793269206856735 
450.578125 0 
452.9453125 0 
452.9453125 2.71794245793269206856735 
450.578125 2.71794245793269206856735 

457.195102077676835961029 0 
454.617188246501200410421 0 

452.039274415325564859813 0 
449.461360584149929309206 0 

446.883446752974236915179 0 
449.461360584149929309206 0 

455.3125 2.71794245793269206856735 
455.3125 0 
457.6796875 0 
457.6796875 2.71794245793269206856735 
455.3125 2.71794245793269206856735 

452.039274415325564859813 0 
454.617188246501200410421 0 

462.4140625 5.4358849158653841371347 
464.78125 5.4358849158653841371347 
464.78125 8.15382737379807664979126 
462.4140625 8.15382737379807664979126 
462.4140625 5.4358849158653841371347 

460.046875 10.8717698317307682742694 
460.046875 8.15382737379807664979126 
462.4140625 8.15382737379807664979126 
462.4140625 10.8717698317307682742694 
460.046875 10.8717698317307682742694 

464.78125 13.5897122896634598987475 
464.78125 10.8717698317307682742694 
467.1484375 10.8717698317307682742694 
467.1484375 13.5897122896634598987475 
464.78125 13.5897122896634598987475 

471.8828125 2.71794245793269206856735 
474.25 2.71794245793269206856735 
474.25 5.4358849158653841371347 
471.8828125 5.4358849158653841371347 
471.8828125 2.71794245793269206856735 

467.1484375 8.15382737379807664979126 
469.515625 8.15382737379807664979126 
469.515625 10.8717698317307682742694 
467.1484375 10.8717698317307682742694 
467.1484375 8.15382737379807664979126 

467.1484375 5.4358849158653841371347 
469.515625 5.4358849158653841371347 
469.515625 8.15382737379807664979126 
467.1484375 8.15382737379807664979126 
467.1484375 5.4358849158653841371347 

464.78125 10.8717698317307682742694 
464.78125 8.15382737379807664979126 
467.1484375 8.15382737379807664979126 
467.1484375 10.8717698317307682742694 
464.78125 10.8717698317307682742694 

460.046875 8.15382737379807664979126 
460.046875 5.4358849158653841371347 
462.4140625 5.4358849158653841371347 
462.4140625 8.15382737379807664979126 
460.046875 8.15382737379807664979126 

462.4140625 0 
464.78125 0 
464.78125 2.71794245793269206856735 
462.4140625 2.71794245793269206856735 
462.4140625 0 

460.046875 5.4358849158653841371347 
460.046875 2.71794245793269206856735 
462.4140625 2.71794245793269206856735 
462.4140625 5.4358849158653841371347 
460.046875 5.4358849158653841371347 

471.8828125 10.8717698317307682742694 
474.25 10.8717698317307682742694 
474.25 13.5897122896634598987475 
471.8828125 13.5897122896634598987475 
471.8828125 10.8717698317307682742694 

469.515625 16.3076547475961532995825 
469.515625 13.5897122896634598987475 
471.8828125 13.5897122896634598987475 
471.8828125 16.3076547475961532995825 
469.515625 16.3076547475961532995825 

474.25 43.4870793269230730970776 
474.25 21.7435396634615365485388 
512.125 21.7435396634615365485388 
512.125 43.4870793269230730970776 
474.25 43.4870793269230730970776 

502.65625 10.8717698317307682742694 
512.125 10.8717698317307682742694 
512.125 21.7435396634615365485388 
502.65625 21.7435396634615365485388 
502.65625 10.8717698317307682742694 

488.453125 16.3076547475961532995825 
493.1875 16.3076547475961532995825 
493.1875 21.7435396634615365485388 
488.453125 21.7435396634615365485388 
488.453125 16.3076547475961532995825 

490.8203125 8.15382737379807664979126 
493.1875 8.15382737379807664979126 
493.1875 10.8717698317307682742694 
490.8203125 10.8717698317307682742694 
490.8203125 8.15382737379807664979126 

478.984375 19.0255972055288431477038 
483.71875 19.0255972055288431477038 
483.71875 21.7435396634615365485388 
478.984375 21.7435396634615365485388 
478.984375 19.0255972055288431477038 

481.3515625 13.5897122896634598987475 
483.71875 13.5897122896634598987475 
483.71875 16.3076547475961532995825 
481.3515625 16.3076547475961532995825 
481.3515625 13.5897122896634598987475 

476.6171875 19.0255972055288431477038 
478.984375 19.0255972055288431477038 
478.984375 21.7435396634615365485388 
476.6171875 21.7435396634615365485388 
476.6171875 19.0255972055288431477038 

476.6171875 16.3076547475961532995825 
478.984375 16.3076547475961532995825 
478.984375 19.0255972055288431477038 
476.6171875 19.0255972055288431477038 
476.6171875 16.3076547475961532995825 

474.25 19.0255972055288431477038 
474.25 16.3076547475961532995825 
476.6171875 16.3076547475961532995825 
476.6171875 19.0255972055288431477038 
474.25 19.0255972055288431477038 

474.25 21.7435396634615365485388 
474.25 19.0255972055288431477038 
476.6171875 19.0255972055288431477038 
476.6171875 21.7435396634615365485388 
474.25 21.7435396634615365485388 

476.6171875 13.5897122896634598987475 
478.984375 13.5897122896634598987475 
478.984375 16.3076547475961532995825 
476.6171875 16.3076547475961532995825 
476.6171875 13.5897122896634598987475 

476.6171875 10.8717698317307682742694 
478.984375 10.8717698317307682742694 
478.984375 13.5897122896634598987475 
476.6171875 13.5897122896634598987475 
476.6171875 10.8717698317307682742694 

474.25 16.3076547475961532995825 
474.25 13.5897122896634598987475 
476.6171875 13.5897122896634598987475 
476.6171875 16.3076547475961532995825 
474.25 16.3076547475961532995825 

469.515625 13.5897122896634598987475 
469.515625 10.8717698317307682742694 
471.8828125 10.8717698317307682742694 
471.8828125 13.5897122896634598987475 
469.515625 13.5897122896634598987475 

471.8828125 5.4358849158653841371347 
474.25 5.4358849158653841371347 
474.25 8.15382737379807664979126 
471.8828125 8.15382737379807664979126 
471.8828125 5.4358849158653841371347 

469.515625 10.8717698317307682742694 
469.515625 8.15382737379807664979126 
471.8828125 8.15382737379807664979126 
471.8828125 10.8717698317307682742694 
469.515625 10.8717698317307682742694 

474.25 13.5897122896634598987475 
474.25 10.8717698317307682742694 
476.6171875 10.8717698317307682742694 
476.6171875 13.5897122896634598987475 
474.25 13.5897122896634598987475 

481.3515625 8.15382737379807664979126 
483.71875 8.15382737379807664979126 
483.71875 10.8717698317307682742694 
481.3515625 10.8717698317307682742694 
481.3515625 8.15382737379807664979126 

481.3515625 2.71794245793269206856735 
483.71875 2.71794245793269206856735 
483.71875 5.4358849158653841371347 
481.3515625 5.4358849158653841371347 
481.3515625 2.71794245793269206856735 

476.6171875 8.15382737379807664979126 
478.984375 8.15382737379807664979126 
478.984375 10.8717698317307682742694 
476.6171875 10.8717698317307682742694 
476.6171875 8.15382737379807664979126 

476.6171875 5.4358849158653841371347 
478.984375 5.4358849158653841371347 
478.984375 8.15382737379807664979126 
476.6171875 8.15382737379807664979126 
476.6171875 5.4358849158653841371347 

474.25 10.8717698317307682742694 
474.25 8.15382737379807664979126 
476.6171875 8.15382737379807664979126 
476.6171875 10.8717698317307682742694 
474.25 10.8717698317307682742694 

481.3515625 16.3076547475961532995825 
483.71875 16.3076547475961532995825 
483.71875 19.0255972055288431477038 
481.3515625 19.0255972055288431477038 
481.3515625 16.3076547475961532995825 

478.984375 19.0255972055288431477038 
478.984375 16.3076547475961532995825 
481.3515625 16.3076547475961532995825 
481.3515625 19.0255972055288431477038 
478.984375 19.0255972055288431477038 

481.3515625 10.8717698317307682742694 
483.71875 10.8717698317307682742694 
483.71875 13.5897122896634598987475 
481.3515625 13.5897122896634598987475 
481.3515625 10.8717698317307682742694 

478.984375 16.3076547475961532995825 
478.984375 13.5897122896634598987475 
481.3515625 13.5897122896634598987475 
481.3515625 16.3076547475961532995825 
478.984375 16.3076547475961532995825 

490.8203125 13.5897122896634598987475 
493.1875 13.5897122896634598987475 
493.1875 16.3076547475961532995825 
490.8203125 16.3076547475961532995825 
490.8203125 13.5897122896634598987475 

483.71875 21.7435396634615365485388 
483.71875 19.0255972055288431477038 
488.453125 19.0255972055288431477038 
488.453125 21.7435396634615365485388 
483.71875 21.7435396634615365485388 

486.0859375 16.3076547475961532995825 
488.453125 16.3076547475961532995825 
488.453125 19.0255972055288431477038 
486.0859375 19.0255972055288431477038 
486.0859375 16.3076547475961532995825 

483.71875 19.0255972055288431477038 
483.71875 16.3076547475961532995825 
486.0859375 16.3076547475961532995825 
486.0859375 19.0255972055288431477038 
483.71875 19.0255972055288431477038 

486.0859375 13.5897122896634598987475 
488.453125 13.5897122896634598987475 
488.453125 16.3076547475961532995825 
486.0859375 16.3076547475961532995825 
486.0859375 13.5897122896634598987475 

486.0859375 10.8717698317307682742694 
488.453125 10.8717698317307682742694 
488.453125 13.5897122896634598987475 
486.0859375 13.5897122896634598987475 
486.0859375 10.8717698317307682742694 

483.71875 16.3076547475961532995825 
483.71875 13.5897122896634598987475 
486.0859375 13.5897122896634598987475 
486.0859375 16.3076547475961532995825 
483.71875 16.3076547475961532995825 

478.984375 13.5897122896634598987475 
478.984375 10.8717698317307682742694 
481.3515625 10.8717698317307682742694 
481.3515625 13.5897122896634598987475 
478.984375 13.5897122896634598987475 

464.78125 8.15382737379807664979126 
464.78125 5.4358849158653841371347 
467.1484375 5.4358849158653841371347 
467.1484375 8.15382737379807664979126 
464.78125 8.15382737379807664979126 

467.1484375 2.71794245793269206856735 
469.515625 2.71794245793269206856735 
469.515625 5.4358849158653841371347 
467.1484375 5.4358849158653841371347 
467.1484375 2.71794245793269206856735 

467.1484375 0 
469.515625 0 
469.515625 2.71794245793269206856735 
467.1484375 2.71794245793269206856735 
467.1484375 0 

464.78125 5.4358849158653841371347 
464.78125 2.71794245793269206856735 
467.1484375 2.71794245793269206856735 
467.1484375 5.4358849158653841371347 
464.78125 5.4358849158653841371347 

469.515625 8.15382737379807664979126 
469.515625 5.4358849158653841371347 
471.8828125 5.4358849158653841371347 
471.8828125 8.15382737379807664979126 
469.515625 8.15382737379807664979126 

460.046875 2.71794245793269206856735 
460.046875 0 
462.4140625 0 
462.4140625 2.71794245793269206856735 
460.046875 2.71794245793269206856735 

462.350929740028107062244 0 
459.773015908852471511636 0 

457.195102077676835961029 0 
459.773015908852471511636 0 

464.78125 2.71794245793269206856735 
464.78125 0 
467.1484375 0 
467.1484375 2.71794245793269206856735 
464.78125 2.71794245793269206856735 

462.350929740028107062244 0 
464.928843571203742612852 0 

471.8828125 0 
474.25 0 
474.25 2.71794245793269206856735 
471.8828125 2.71794245793269206856735 
471.8828125 0 

469.515625 5.4358849158653841371347 
469.515625 2.71794245793269206856735 
471.8828125 2.71794245793269206856735 
471.8828125 5.4358849158653841371347 
469.515625 5.4358849158653841371347 

474.25 8.15382737379807664979126 
474.25 5.4358849158653841371347 
476.6171875 5.4358849158653841371347 
476.6171875 8.15382737379807664979126 
474.25 8.15382737379807664979126 

476.6171875 2.71794245793269206856735 
478.984375 2.71794245793269206856735 
478.984375 5.4358849158653841371347 
476.6171875 5.4358849158653841371347 
476.6171875 2.71794245793269206856735 

476.6171875 0 
478.984375 0 
478.984375 2.71794245793269206856735 
476.6171875 2.71794245793269206856735 
476.6171875 0 

474.25 5.4358849158653841371347 
474.25 2.71794245793269206856735 
476.6171875 2.71794245793269206856735 
476.6171875 5.4358849158653841371347 
474.25 5.4358849158653841371347 

469.515625 2.71794245793269206856735 
469.515625 0 
471.8828125 0 
471.8828125 2.71794245793269206856735 
469.515625 2.71794245793269206856735 

508.75337870118966066002 0 
506.175464870014025109413 0 

488.13006805178451941174 0 
485.552154220608883861132 0 

477.818412727081977209309 0 
475.240498895906341658701 0 

472.662585064730706108094 0 
470.084671233555070557486 0 

467.506757402379378163459 0 
470.084671233555070557486 0 

474.25 2.71794245793269206856735 
474.25 0 
476.6171875 0 
476.6171875 2.71794245793269206856735 
474.25 2.71794245793269206856735 

472.662585064730706108094 0 
475.240498895906341658701 0 

481.3515625 5.4358849158653841371347 
483.71875 5.4358849158653841371347 
483.71875 8.15382737379807664979126 
481.3515625 8.15382737379807664979126 
481.3515625 5.4358849158653841371347 

478.984375 10.8717698317307682742694 
478.984375 8.15382737379807664979126 
481.3515625 8.15382737379807664979126 
481.3515625 10.8717698317307682742694 
478.984375 10.8717698317307682742694 

483.71875 13.5897122896634598987475 
483.71875 10.8717698317307682742694 
486.0859375 10.8717698317307682742694 
486.0859375 13.5897122896634598987475 
483.71875 13.5897122896634598987475 

490.8203125 2.71794245793269206856735 
493.1875 2.71794245793269206856735 
493.1875 5.4358849158653841371347 
490.8203125 5.4358849158653841371347 
490.8203125 2.71794245793269206856735 

486.0859375 8.15382737379807664979126 
488.453125 8.15382737379807664979126 
488.453125 10.8717698317307682742694 
486.0859375 10.8717698317307682742694 
486.0859375 8.15382737379807664979126 

486.0859375 5.4358849158653841371347 
488.453125 5.4358849158653841371347 
488.453125 8.15382737379807664979126 
486.0859375 8.15382737379807664979126 
486.0859375 5.4358849158653841371347 

483.71875 10.8717698317307682742694 
483.71875 8.15382737379807664979126 
486.0859375 8.15382737379807664979126 
486.0859375 10.8717698317307682742694 
483.71875 10.8717698317307682742694 

478.984375 8.15382737379807664979126 
478.984375 5.4358849158653841371347 
481.3515625 5.4358849158653841371347 
481.3515625 8.15382737379807664979126 
478.984375 8.15382737379807664979126 

481.3515625 0 
483.71875 0 
483.71875 2.71794245793269206856735 
481.3515625 2.71794245793269206856735 
481.3515625 0 

478.984375 5.4358849158653841371347 
478.984375 2.71794245793269206856735 
481.3515625 2.71794245793269206856735 
481.3515625 5.4358849158653841371347 
478.984375 5.4358849158653841371347 

490.8203125 10.8717698317307682742694 
493.1875 10.8717698317307682742694 
493.1875 13.5897122896634598987475 
490.8203125 13.5897122896634598987475 
490.8203125 10.8717698317307682742694 

488.453125 16.3076547475961532995825 
488.453125 13.5897122896634598987475 
490.8203125 13.5897122896634598987475 
490.8203125 16.3076547475961532995825 
488.453125 16.3076547475961532995825 

488.453125 13.5897122896634598987475 
488.453125 10.8717698317307682742694 
490.8203125 10.8717698317307682742694 
490.8203125 13.5897122896634598987475 
488.453125 13.5897122896634598987475 

490.8203125 5.4358849158653841371347 
493.1875 5.4358849158653841371347 
493.1875 8.15382737379807664979126 
490.8203125 8.15382737379807664979126 
490.8203125 5.4358849158653841371347 

488.453125 10.8717698317307682742694 
488.453125 8.15382737379807664979126 
490.8203125 8.15382737379807664979126 
490.8203125 10.8717698317307682742694 
488.453125 10.8717698317307682742694 

507.390625 8.15382737379807664979126 
512.125 8.15382737379807664979126 
512.125 10.8717698317307682742694 
507.390625 10.8717698317307682742694 
507.390625 8.15382737379807664979126 

493.1875 21.7435396634615365485388 
493.1875 16.3076547475961532995825 
502.65625 16.3076547475961532995825 
502.65625 21.7435396634615365485388 
493.1875 21.7435396634615365485388 

497.921875 13.5897122896634598987475 
502.65625 13.5897122896634598987475 
502.65625 16.3076547475961532995825 
497.921875 16.3076547475961532995825 
497.921875 13.5897122896634598987475 

495.5546875 13.5897122896634598987475 
497.921875 13.5897122896634598987475 
497.921875 16.3076547475961532995825 
495.5546875 16.3076547475961532995825 
495.5546875 13.5897122896634598987475 

495.5546875 10.8717698317307682742694 
497.921875 10.8717698317307682742694 
497.921875 13.5897122896634598987475 
495.5546875 13.5897122896634598987475 
495.5546875 10.8717698317307682742694 

493.1875 13.5897122896634598987475 
493.1875 10.8717698317307682742694 
495.5546875 10.8717698317307682742694 
495.5546875 13.5897122896634598987475 
493.1875 13.5897122896634598987475 

493.1875 16.3076547475961532995825 
493.1875 13.5897122896634598987475 
495.5546875 13.5897122896634598987475 
495.5546875 16.3076547475961532995825 
493.1875 16.3076547475961532995825 

500.2890625 8.15382737379807664979126 
502.65625 8.15382737379807664979126 
502.65625 10.8717698317307682742694 
500.2890625 10.8717698317307682742694 
500.2890625 8.15382737379807664979126 

500.2890625 2.71794245793269206856735 
502.65625 2.71794245793269206856735 
502.65625 5.4358849158653841371347 
500.2890625 5.4358849158653841371347 
500.2890625 2.71794245793269206856735 

495.5546875 8.15382737379807664979126 
497.921875 8.15382737379807664979126 
497.921875 10.8717698317307682742694 
495.5546875 10.8717698317307682742694 
495.5546875 8.15382737379807664979126 

495.5546875 5.4358849158653841371347 
497.921875 5.4358849158653841371347 
497.921875 8.15382737379807664979126 
495.5546875 8.15382737379807664979126 
495.5546875 5.4358849158653841371347 

493.1875 10.8717698317307682742694 
493.1875 8.15382737379807664979126 
495.5546875 8.15382737379807664979126 
495.5546875 10.8717698317307682742694 
493.1875 10.8717698317307682742694 

483.71875 8.15382737379807664979126 
483.71875 5.4358849158653841371347 
486.0859375 5.4358849158653841371347 
486.0859375 8.15382737379807664979126 
483.71875 8.15382737379807664979126 

486.0859375 2.71794245793269206856735 
488.453125 2.71794245793269206856735 
488.453125 5.4358849158653841371347 
486.0859375 5.4358849158653841371347 
486.0859375 2.71794245793269206856735 

486.0859375 0 
488.453125 0 
488.453125 2.71794245793269206856735 
486.0859375 2.71794245793269206856735 
486.0859375 0 

483.71875 5.4358849158653841371347 
483.71875 2.71794245793269206856735 
486.0859375 2.71794245793269206856735 
486.0859375 5.4358849158653841371347 
483.71875 5.4358849158653841371347 

488.453125 8.15382737379807664979126 
488.453125 5.4358849158653841371347 
490.8203125 5.4358849158653841371347 
490.8203125 8.15382737379807664979126 
488.453125 8.15382737379807664979126 

478.984375 2.71794245793269206856735 
478.984375 0 
481.3515625 0 
481.3515625 2.71794245793269206856735 
478.984375 2.71794245793269206856735 

482.974240389433248310525 0 
480.396326558257612759917 0 

477.818412727081977209309 0 
480.396326558257612759917 0 

483.71875 2.71794245793269206856735 
483.71875 0 
486.0859375 0 
486.0859375 2.71794245793269206856735 
483.71875 2.71794245793269206856735 

482.974240389433248310525 0 
485.552154220608883861132 0 

490.8203125 0 
493.1875 0 
493.1875 2.71794245793269206856735 
490.8203125 2.71794245793269206856735 
490.8203125 0 

488.453125 5.4358849158653841371347 
488.453125 2.71794245793269206856735 
490.8203125 2.71794245793269206856735 
490.8203125 5.4358849158653841371347 
488.453125 5.4358849158653841371347 

493.1875 8.15382737379807664979126 
493.1875 5.4358849158653841371347 
495.5546875 5.4358849158653841371347 
495.5546875 8.15382737379807664979126 
493.1875 8.15382737379807664979126 

495.5546875 2.71794245793269206856735 
497.921875 2.71794245793269206856735 
497.921875 5.4358849158653841371347 
495.5546875 5.4358849158653841371347 
495.5546875 2.71794245793269206856735 

495.5546875 0 
497.921875 0 
497.921875 2.71794245793269206856735 
495.5546875 2.71794245793269206856735 
495.5546875 0 

493.1875 5.4358849158653841371347 
493.1875 2.71794245793269206856735 
495.5546875 2.71794245793269206856735 
495.5546875 5.4358849158653841371347 
493.1875 5.4358849158653841371347 

488.453125 2.71794245793269206856735 
488.453125 0 
490.8203125 0 
490.8203125 2.71794245793269206856735 
488.453125 2.71794245793269206856735 

498.44172337648711845759 0 
495.863809545311482906982 0 

493.285895714135847356374 0 
490.707981882960211805766 0 

488.13006805178451941174 0 
490.707981882960211805766 0 

493.1875 2.71794245793269206856735 
493.1875 0 
495.5546875 0 
495.5546875 2.71794245793269206856735 
493.1875 2.71794245793269206856735 

500.2890625 10.8717698317307682742694 
502.65625 10.8717698317307682742694 
502.65625 13.5897122896634598987475 
500.2890625 13.5897122896634598987475 
500.2890625 10.8717698317307682742694 

497.921875 13.5897122896634598987475 
497.921875 10.8717698317307682742694 
500.2890625 10.8717698317307682742694 
500.2890625 13.5897122896634598987475 
497.921875 13.5897122896634598987475 

500.2890625 5.4358849158653841371347 
502.65625 5.4358849158653841371347 
502.65625 8.15382737379807664979126 
500.2890625 8.15382737379807664979126 
500.2890625 5.4358849158653841371347 

497.921875 10.8717698317307682742694 
497.921875 8.15382737379807664979126 
500.2890625 8.15382737379807664979126 
500.2890625 10.8717698317307682742694 
497.921875 10.8717698317307682742694 

497.921875 8.15382737379807664979126 
497.921875 5.4358849158653841371347 
500.2890625 5.4358849158653841371347 
500.2890625 8.15382737379807664979126 
497.921875 8.15382737379807664979126 

500.2890625 0 
502.65625 0 
502.65625 2.71794245793269206856735 
500.2890625 2.71794245793269206856735 
500.2890625 0 

497.921875 5.4358849158653841371347 
497.921875 2.71794245793269206856735 
500.2890625 2.71794245793269206856735 
500.2890625 5.4358849158653841371347 
497.921875 5.4358849158653841371347 

509.7578125 2.71794245793269206856735 
512.125 2.71794245793269206856735 
512.125 5.4358849158653841371347 
509.7578125 5.4358849158653841371347 
509.7578125 2.71794245793269206856735 

505.0234375 8.15382737379807664979126 
507.390625 8.15382737379807664979126 
507.390625 10.8717698317307682742694 
505.0234375 10.8717698317307682742694 
505.0234375 8.15382737379807664979126 

505.0234375 5.4358849158653841371347 
507.390625 5.4358849158653841371347 
507.390625 8.15382737379807664979126 
505.0234375 8.15382737379807664979126 
505.0234375 5.4358849158653841371347 

502.65625 10.8717698317307682742694 
502.65625 8.15382737379807664979126 
505.0234375 8.15382737379807664979126 
505.0234375 10.8717698317307682742694 
502.65625 10.8717698317307682742694 

502.65625 8.15382737379807664979126 
502.65625 5.4358849158653841371347 
505.0234375 5.4358849158653841371347 
505.0234375 8.15382737379807664979126 
502.65625 8.15382737379807664979126 

505.0234375 2.71794245793269206856735 
507.390625 2.71794245793269206856735 
507.390625 5.4358849158653841371347 
505.0234375 5.4358849158653841371347 
505.0234375 2.71794245793269206856735 

505.0234375 0 
507.390625 0 
507.390625 2.71794245793269206856735 
505.0234375 2.71794245793269206856735 
505.0234375 0 

502.65625 5.4358849158653841371347 
502.65625 2.71794245793269206856735 
505.0234375 2.71794245793269206856735 
505.0234375 5.4358849158653841371347 
502.65625 5.4358849158653841371347 

497.921875 2.71794245793269206856735 
497.921875 0 
500.2890625 0 
500.2890625 2.71794245793269206856735 
497.921875 2.71794245793269206856735 

493.285895714135847356374 0 
495.863809545311482906982 0 

502.65625 2.71794245793269206856735 
502.65625 0 
505.0234375 0 
505.0234375 2.71794245793269206856735 
502.65625 2.71794245793269206856735 

503.597551038838389558805 0 
501.019637207662754008197 0 

498.44172337648711845759 0 
501.019637207662754008197 0 

509.7578125 5.4358849158653841371347 
512.125 5.4358849158653841371347 
512.125 8.15382737379807664979126 
509.7578125 8.15382737379807664979126 
509.7578125 5.4358849158653841371347 

507.390625 8.15382737379807664979126 
507.390625 5.4358849158653841371347 
509.7578125 5.4358849158653841371347 
509.7578125 8.15382737379807664979126 
507.390625 8.15382737379807664979126 

509.7578125 0 
512.125 0 
512.125 2.71794245793269206856735 
509.7578125 2.71794245793269206856735 
509.7578125 0 

507.390625 5.4358849158653841371347 
507.390625 2.71794245793269206856735 
509.7578125 2.71794245793269206856735 
509.7578125 5.4358849158653841371347 
507.390625 5.4358849158653841371347 

507.390625 2.71794245793269206856735 
507.390625 0 
509.7578125 0 
509.7578125 2.71794245793269206856735 
507.390625 2.71794245793269206856735 

503.597551038838389558805 0 
506.175464870014025109413 0 

531.0625 0 
550 0 
550 21.7435396634615365485388 
531.0625 21.7435396634615365485388 
531.0625 0 

512.125 21.7435396634615365485388 
512.125 10.8717698317307682742694 
531.0625 10.8717698317307682742694 
531.0625 21.7435396634615365485388 
512.125 21.7435396634615365485388 

521.59375 0 
531.0625 0 
531.0625 10.8717698317307682742694 
521.59375 10.8717698317307682742694 
521.59375 0 

512.125 10.8717698317307682742694 
512.125 5.4358849158653841371347 
521.59375 5.4358849158653841371347 
521.59375 10.8717698317307682742694 
512.125 10.8717698317307682742694 

516.859375 0 
521.59375 0 
521.59375 5.4358849158653841371347 
516.859375 5.4358849158653841371347 
516.859375 0 

514.4921875 2.71794245793269206856735 
516.859375 2.71794245793269206856735 
516.859375 5.4358849158653841371347 
514.4921875 5.4358849158653841371347 
514.4921875 2.71794245793269206856735 

514.4921875 0 
516.859375 0 
516.859375 2.71794245793269206856735 
514.4921875 2.71794245793269206856735 
514.4921875 0 

512.125 2.71794245793269206856735 
512.125 0 
514.4921875 0 
514.4921875 2.71794245793269206856735 
512.125 2.71794245793269206856735 

512.125 5.4358849158653841371347 
512.125 2.71794245793269206856735 
514.4921875 2.71794245793269206856735 
514.4921875 5.4358849158653841371347 
512.125 5.4358849158653841371347 

529.376689350594801908301 0 
519.06503402589225970587 0 

519.06503402589225970587 0 
516.487120194716567311843 0 

513.909206363540988604655 0 
511.331292532365353054047 0 

508.75337870118966066002 0 
511.331292532365353054047 0 

513.909206363540988604655 0 
516.487120194716567311843 0 

